t,x,y,yaw
1789978332.8404832,0.9822165655083714,0.8325990993818857,-2.8736309582981723
1789978332.940206,0.9822165655083714,0.8325990993818857,-2.8736309582981723
1789978333.041056,0.9822165655083714,0.8325990993818857,-2.8736309582981723
1789978333.1407378,0.9822165655083714,0.8325990993818857,-2.8736309582981723
1789978333.2395225,0.9822165655083714,0.8325990993818857,-2.8736309582981723
1789978333.3408914,0.9822165655083714,0.8325990993818857,-2.8736309582981723
1789978333.440422,0.9822165655083714,0.8325990993818857,-2.8736309582981723
1789978333.5402925,0.9822165655083714,0.8325990993818857,-2.8736309582981723
1789978333.6404169,0.9822165655083714,0.8325990993818857,-2.8736309582981723
1789978333.7401469,0.9822165655083714,0.8325990993818857,-2.8736309582981723
1789978333.8401217,0.9822165655083714,0.8325990993818857,-2.8736309582981723
1789978333.939829,0.9822165655083714,0.8325990993818857,-2.8736309582981723
1789978334.0401006,0.9822165655083714,0.8325990993818857,-2.8736309582981723
1789978334.1399329,0.9822165655083714,0.8325990993818857,-2.8736309582981723
1789978334.2399044,0.9822165655083714,0.8325990993818857,-2.8736309582981723
1789978334.3399098,0.9822165655083714,0.8325990993818857,-2.8736309582981723
1789978334.440457,0.9822165655083714,0.8325990993818857,-2.8736309582981723
1789978334.540269,0.9822165655083714,0.8325990993818857,-2.8736309582981723
1789978334.640622,0.9822165655083714,0.8325990993818857,-2.8736309582981723
1789978334.7405968,0.9822165655083714,0.8325990993818857,-2.8736309582981723
1789978334.8405428,0.9822165655083714,0.8325990993818857,-2.8736309582981723
1789978334.9406223,0.9822165655083714,0.8325990993818857,-2.8736309582981723
1789978335.0399086,0.9822165655083714,0.8325990993818857,-2.8736309582981723
1789978335.1398175,0.9822165655083714,0.8325990993818857,-2.8736309582981723
1789978335.2400427,0.9822165655083714,0.8325990993818857,-2.8736309582981723
1789978335.3408449,0.9822165655083714,0.8325990993818857,-2.8736309582981723
1789978335.441072,0.9822165655083714,0.8325990993818857,-2.8736309582981723
1789978335.5399406,0.9822165655083714,0.8325990993818857,-2.8736309582981723
1789978335.640775,0.9822165655083714,0.8325990993818857,-2.8736309582981723
1789978335.7418623,0.9822165655083714,0.8325990993818857,-2.8736309582981723
1789978335.8402495,0.9822165655083714,0.8325990993818857,-2.8736309582981723
1789978335.9404953,0.9822165655083714,0.8325990993818857,-2.8736309582981723
1789978336.04012,0.9822165655083714,0.8325990993818857,-2.8736309582981723
1789978336.139759,0.9822165655083714,0.8325990993818857,-2.8736309582981723
1789978336.2411952,0.9822165655083714,0.8325990993818857,-2.8736309582981723
1789978336.3411138,0.9822165655083714,0.8325990993818857,-2.8736309582981723
1789978336.4405982,0.9822165655083714,0.8325990993818857,-2.8736309582981723
1789978336.540661,0.9822165655083714,0.8325990993818857,-2.8736309582981723
1789978336.6411679,0.9822165655083714,0.8325990993818857,-2.8736309582981723
1789978336.7399032,0.9822165655083714,0.8325990993818857,-2.8736309582981723
1789978336.8400924,0.9822165655083714,0.8325990993818857,-2.8736309582981723
1789978336.9400473,0.9822165655083714,0.8325990993818857,-2.8736309582981723
1789978337.039755,0.9822165655083714,0.8325990993818857,-2.8736309582981723
1789978337.140975,0.9822165655083714,0.8325990993818857,-2.8736309582981723
1789978337.240706,0.9822165655083714,0.8325990993818857,-2.8736309582981723
1789978337.3401794,0.9822165655083714,0.8325990993818857,-2.8736309582981723
1789978337.4406524,0.9822165655083714,0.8325990993818857,-2.8736309582981723
1789978337.5406773,0.9822165655083714,0.8325990993818857,-2.8736309582981723
1789978337.6405807,0.9822165655083714,0.8325990993818857,-2.8736309582981723
1789978337.739776,0.9822165655083714,0.8325990993818857,-2.8736309582981723
1789978337.8398561,0.9822165655083714,0.8325990993818857,-2.8736309582981723
1789978337.9399564,0.9822165655083714,0.8325990993818857,-2.8736309582981723
1789978338.0400743,0.9822165655083714,0.8325990993818857,-2.8736309582981723
1789978338.1399627,0.9822165655083714,0.8325990993818857,-2.8736309582981723
1789978338.240207,0.9822165655083714,0.8325990993818857,-2.8736309582981723
1789978338.3407757,0.9822165655083714,0.8325990993818857,-2.8736309582981723
1789978338.4398432,0.9822165655083714,0.8325990993818857,-2.8736309582981723
1789978338.540856,0.9822165655083714,0.8325990993818857,-2.8736309582981723
1789978338.6404781,0.9822165655083714,0.8325990993818857,-2.8736309582981723
1789978338.740488,0.9822165655083714,0.8325990993818857,-2.8736309582981723
1789978338.8404331,0.9822165655083714,0.8325990993818857,-2.8736309582981723
1789978338.9399698,0.9822165655083714,0.8325990993818857,-2.8896309586856024
1789978339.0407345,0.9822165655083714,0.8325990993818857,-2.921733464548315
1789978339.1404405,0.9822165655083714,0.8325990993818857,-2.969574167082037
1789978339.2402916,0.9822165655083714,0.8325990993818857,-3.033444926390375
1789978339.3397725,0.9822165655083714,0.8325990993818857,-3.113518762836183
1789978339.439683,0.9822165655083714,0.8325990993818857,3.073214326049259
1789978339.539929,0.9822165655083714,0.8325990993818857,2.973214323069026
1789978339.6397934,0.9822165655083714,0.8325990993818857,2.8732143200887936
1789978339.7403233,0.9822165655083714,0.8325990993818857,2.773214317108561
1789978339.8406324,0.9822165655083714,0.8325990993818857,2.6732143141283284
1789978339.940327,0.9822165655083714,0.8325990993818857,2.573214311148096
1789978340.0399437,0.9822165655083714,0.8325990993818857,2.4732143081678633
1789978340.139625,0.9822165655083714,0.8325990993818857,2.3732143051876307
1789978340.2400582,0.9822165655083714,0.8325990993818857,2.273214302207398
1789978340.3394365,0.9680506540184031,0.8531982972220536,2.1732142992271655
1789978340.4396508,0.955278045593423,0.8758447191123008,2.084325409676003
1789978340.5398676,0.944566229097882,0.8995355810167311,1.9954365201248407
1789978340.6397157,0.9359997853947085,0.9240838190938172,1.9065476305736786
1789978340.7398653,0.9296463554111855,0.949295599630967,1.817658741022516
1789978340.8408651,0.9255561060439158,0.9749718495620314,1.7287698514713539
1789978340.9395819,0.9237613340393216,1.0009098283549225,1.6398809619201913
1789978341.0395112,0.9238602443440009,1.0269096392611687,1.5669920749916333
1789978341.1404161,0.9250218791912033,1.0528836754298256,1.526103184367587
1789978341.2398643,0.926414345423989,1.0788463599635847,1.5172142956359878
1789978341.3397076,0.9272064667299816,1.1048342897434946,1.5403254065616618
1789978341.4396665,0.9269329096703294,1.130832849644844,1.5813179466827407
1789978341.5398953,0.9260344292607773,1.1568173196868248,1.6053601484699733
1789978341.640438,0.9247905086316516,1.182787545174436,1.6186577003403197
1789978341.7399657,0.9233746654998982,1.2087489653712435,1.625278783585001
1789978341.8395808,0.9219016813299085,1.2347072062215765,1.627479915642236
1789978341.9403486,0.9204357849731207,1.2606658482946913,1.6272068710078589
1789978342.039977,0.9190081759726598,1.2866266241488669,1.6257319950976514
1789978342.1399863,0.9176473344038774,1.3125909855050337,1.6231603160047072
1789978342.2399049,0.9163606061515449,1.3385591252307358,1.6203061008372446
1789978342.3406098,0.9151540644914292,1.3645311141347714,1.617218448548867
1789978342.4398088,0.9140240821448214,1.390506546572082,1.6142708813318152
1789978342.5401645,0.9129757741252035,1.41648540337343,1.6111267998361125
1789978342.640098,0.9120004440020567,1.4424671023471272,1.6083178287849862
1789978342.74018,0.9110955931480568,1.4684513513326367,1.6056053130433998
1789978342.8399198,0.9102567572877152,1.494437815209208,1.6030648453638996
1789978342.939802,0.9094802533387102,1.5204262163148188,1.6006663059362314
1789978343.0401611,0.9087608250805489,1.5464162600506477,1.598470177595793
1789978343.1405165,0.9080957288169617,1.5724077509153345,1.5963797439367609
1789978343.2405562,0.9074808865259278,1.5984004791170083,1.5944463126839237
1789978343.3404174,0.9069126034653705,1.6243942669281761,1.5926551090565608
1789978343.4404218,0.9063876163417462,1.6503889652131911,1.590989512299476
1789978343.5408187,0.9059020311061422,1.676384429382694,1.589473768604277
1789978343.6396618,0.905452602482671,1.7023805437908386,1.588082904649256
1789978343.7402022,0.9050382661092962,1.7283772411922131,1.5867330163263809
1789978343.8400924,0.9046538584856825,1.754374398367332,1.5855817746383227
1789978343.940394,0.9042983661790851,1.7803719670157439,1.5844695343648176
1789978344.0398989,0.9039689540658077,1.806369879202467,1.5834663629078403
1789978344.1398847,0.9036661453363625,1.8323681148595707,1.5824430801219407
1789978344.2405334,0.9033869982842455,1.8583666153419491,1.5815329585469422
1789978344.340102,0.9031288481203529,1.8843653327891967,1.5807253427582886
1789978344.4400296,0.9028907930115766,1.9103642420004332,1.5799524207844493
1789978344.5401103,0.9026708451562151,1.9363633107020206,1.5792559609062131
1789978344.6402562,0.9024674303971385,1.9623625140137517,1.5786200514773931
1789978344.7405899,0.902279195270973,1.9883618316576095,1.578036202852437
1789978344.8400347,0.9021049504883395,2.0143612468272756,1.5774980996165515
1789978344.9398391,0.9019439703629879,2.0403607475111,1.5769879098644575
1789978345.039953,0.9017950225184811,2.0663603199104403,1.5765251215908773
1789978345.1400123,0.9016567369259788,2.0923599512059767,1.5761150287010803
1789978345.2401354,0.9015283033958201,2.118359633035516,1.5757360982255175
1789978345.340067,0.9014089716984859,2.1443593582331975,1.5753860237438324
1789978345.4402516,0.9012980542392008,2.1703591206883845,1.5750623960176577
1789978345.5403612,0.9011948145000102,2.1963589147638225,1.574767096574707
1789978345.6400394,0.9010986766501528,2.2223587360694155,1.5744939449662902
1789978345.7399924,0.9010091312428955,2.2483585809156637,1.5742403878551539
1789978345.840133,0.9009255336982261,2.2743584455664547,1.5740116226324439
1789978345.939731,0.9008473589699344,2.3003583270877384,1.5738030517544226
1789978346.0400176,0.9007742227279607,2.326358223270205,1.5736092629912868
1789978346.1400537,0.9007091776067089,2.352358140953558,1.5732980649290234
1789978346.2401483,0.9006505931498987,2.3783580739971324,1.5730495771230757
1789978346.3396335,0.900597258438967,2.404358018339718,1.5728476633446382
1789978346.4399397,0.9005484216579369,2.430357971520017,1.5726746657002337
1789978346.5397,0.9005033249700859,2.45635793145648,1.5725308157224758
1789978346.6395457,0.9004615560874516,2.4823578969520224,1.572402823030771
1789978346.7399027,0.9004226935750802,2.508357866954199,1.5722910394205794
1789978346.8396537,0.900386375551245,2.5343578406351486,1.5721931743709685
1789978346.9402995,0.9003523787693027,2.5603578174549027,1.5721038957516977
1789978347.0402787,0.9003203970915085,2.5863577968314564,1.5720263916807564
1789978347.1397338,0.9002902742072216,2.612357778428003,1.5719548995691548
1789978347.2402992,0.9002537438507081,2.6383577518114896,1.5722013410207545
1789978347.3398705,0.9002127570833913,2.6643577185517344,1.5723727416332078
1789978347.4403992,0.9001683783546182,2.690357679723578,1.572503201869895
1789978347.5403836,0.9001212841802156,2.716357636118689,1.572607642251878
1789978347.6398118,0.9000716573466669,2.7423575878029967,1.5727050523911565
1789978347.7401767,0.9000194716048905,2.7683575344771207,1.5728034721306716
1789978347.8401191,0.8999648039372192,2.7943574760511907,1.5728989310240102
1789978347.939906,0.8999074013570215,2.820357411730971,1.5730041202155371
1789978348.0401423,0.8998470609733633,2.846357340758702,1.573117112950186
1789978348.1395915,0.8997836776826654,2.872357262546419,1.57323414817196
1789978348.240061,0.8997443028789506,2.8983572317778195,1.572310742956816
1789978348.3398705,0.8997193220125201,2.924357218823302,1.5717571295329804
1789978348.4398942,0.8997020985519987,2.950357212164865,1.5714587676569325
1789978348.5401616,0.8996885617047723,2.9763572076872244,1.5713169748077611
1789978348.6399827,0.8996761651221885,3.0023572037782564,1.5712731184682898
1789978348.739953,0.8996630385499016,3.0283571995109875,1.5713011949997429
1789978348.840416,0.8996481506236185,3.054357194294806,1.571368939396544
1789978348.9399824,0.8996308504850256,3.0803571875854616,1.5714617168142837
1789978349.0397482,0.8996104815227217,3.106357178653043,1.5715797485308396
1789978349.1400437,0.8996440070637998,3.1323571560847068,1.5695068825026655
1789978349.2403464,0.8996392015255944,3.1583571546869327,1.5709811551952415
1789978349.34041,0.8996062689866602,3.1843571328764777,1.5720629632929022
1789978349.4399514,0.8995513736762106,3.2103570739709077,1.5729076865352374
1789978349.5404856,0.8994779569924093,3.236356969362995,1.573620049258663
1789978349.6401758,0.899477731483621,3.262356968408343,1.5708050002101501
1789978349.7400613,0.8996317157046263,3.2883565114671858,1.564873821916028
1789978349.839968,0.8999697468942086,3.314354313015082,1.55779476042275
1789978349.9401288,0.9005069575174257,3.3403487615600165,1.5501329085547164
1789978350.0397508,0.9012464437653598,3.366338242326243,1.5423507109973267
1789978350.1398058,0.9021862216795993,3.3923212515415138,1.5346431459057763
1789978350.2403226,0.9033185941690105,3.418296579892743,1.5272297565582829
1789978350.3403516,0.9043571466612986,3.444275828517938,1.5308413688782287
1789978350.4402676,0.9054638108271256,3.4702522648561467,1.5282194562013878
1789978350.5400825,0.906715323564748,3.496222125585009,1.522642612246765
1789978350.6403704,0.9081530260256606,3.522182344421583,1.5154718577619324
1789978350.740338,0.9097867335521999,3.548130965774685,1.5079199982564582
1789978350.8400002,0.9115854795315302,3.574068669283492,1.5015584802012576
1789978350.9398246,0.9134918751798194,3.5999986828978567,1.4974075547177028
1789978351.0397422,0.9155104653273093,3.6259202037680796,1.4930800328720046
1789978351.1397629,0.9179923775483892,3.6518014723253933,1.4751925899404714
1789978351.2404451,0.9212380672397285,3.6775980893291105,1.4456355808991619
1789978351.339808,0.9250834266968809,3.703312154761364,1.4223533159810733
1789978351.4395823,0.929401916392204,3.7289510041341485,1.4039272206592992
1789978351.539902,0.9340959862525694,3.75452375640204,1.3892597070652675
1789978351.639646,0.9390904047019752,3.7800395502317676,1.3775018806326822
1789978351.74013,0.9443271439381578,3.8055067156135127,1.367996000008626
1789978351.8405678,0.9497614952628898,3.830932446204556,1.360230236569388
1789978351.9401999,0.9553591489583315,3.856322724334479,1.3538030569199153
1789978352.0401556,0.9605458017560442,3.87925804542832,1.3483946221638148
1789978352.140117,0.965131912495781,3.899114933029927,1.3438180848713641
1789978352.2399745,0.965131912495781,3.899114933029927,1.3232401191945797
1789978352.339812,0.965131912495781,3.899114933029927,1.2866301074381594
1789978352.440069,0.965131912495781,3.899114933029927,1.2339946165438418
1789978352.5400014,0.965131912495781,3.899114933029927,1.1654642656203036
1789978352.6397927,0.965131912495781,3.899114933029927,1.0808579876776463
1789978352.7401707,0.965131912495781,3.899114933029927,0.9808579846974137
1789978352.8406062,0.965131912495781,3.899114933029927,0.8808579817171811
1789978352.940943,0.965131912495781,3.899114933029927,0.780857978736949
1789978353.0412276,0.965131912495781,3.899114933029927,0.6808579757567168
1789978353.140206,0.965131912495781,3.899114933029927,0.5808579727764847
1789978353.240275,0.965131912495781,3.899114933029927,0.48085796979625256
1789978353.340123,0.965131912495781,3.899114933029927,0.38085796681602035
1789978353.440545,0.965131912495781,3.899114933029927,0.28085796383578815
1789978353.5401702,0.965131912495781,3.899114933029927,0.18085796085555605
1789978353.639985,0.965131912495781,3.899114933029927,0.0808579578753239
1789978353.7404406,0.965131912495781,3.899114933029927,-0.019142045104908245
1789978353.8402674,0.965131912495781,3.899114933029927,-0.11914204808514041
1789978353.9400523,0.965131912495781,3.899114933029927,-0.21914205106537255
1789978354.0400355,0.965131912495781,3.899114933029927,-0.31914205404560475
1789978354.1401362,0.965131912495781,3.899114933029927,-0.41914205702583684
1789978354.2404451,0.965131912495781,3.899114933029927,-0.519142060006069
1789978354.3406236,0.965131912495781,3.899114933029927,-0.6191420629863011
1789978354.4420435,0.965131912495781,3.899114933029927,-0.7191420659665332
1789978354.5407324,0.965131912495781,3.899114933029927,-0.8191420689467656
1789978354.6406786,0.965131912495781,3.899114933029927,-0.9191420719269976
1789978354.74065,0.965131912495781,3.899114933029927,-1.0191420749072297
1789978354.8407068,0.965131912495781,3.899114933029927,-1.119142077887462
1789978354.9401228,0.965131912495781,3.899114933029927,-1.2191420808676938
1789978355.0404706,0.965131912495781,3.899114933029927,-1.3191420838479262
1789978355.1402245,0.965131912495781,3.899114933029927,-1.4191420868281583
1789978355.2406166,0.965131912495781,3.899114933029927,-1.4871420890335303
1789978355.3406827,0.965131912495781,3.899114933029927,-1.5231420882288673
1789978355.4402256,0.965131912495781,3.899114933029927,-1.5271420883257252
1789978355.5404634,0.965131912495781,3.899114933029927,-1.5271420883257252
1789978355.64004,0.965131912495781,3.899114933029927,-1.5271420883257252
1789978355.7402437,0.965131912495781,3.899114933029927,-1.5271420883257252
1789978355.8403273,0.965131912495781,3.899114933029927,-1.5271420883257252
1789978355.9402492,0.965131912495781,3.899114933029927,-1.5271420883257252
1789978356.0404773,0.965131912495781,3.899114933029927,-1.5271420883257252
1789978356.1406188,0.965131912495781,3.899114933029927,-1.5271420883257252
1789978356.2408824,0.965131912495781,3.899114933029927,-1.5271420883257252
1789978356.3407545,0.965131912495781,3.899114933029927,-1.5271420883257252
1789978356.4406545,0.965131912495781,3.899114933029927,-1.5271420883257252
1789978356.5405207,0.965131912495781,3.899114933029927,-1.5271420883257252
1789978356.6407292,0.965131912495781,3.899114933029927,-1.5271420883257252
1789978356.7406616,0.965131912495781,3.899114933029927,-1.5271420883257252
1789978356.840704,0.965131912495781,3.899114933029927,-1.5271420883257252
1789978356.9406583,0.965131912495781,3.899114933029927,-1.5271420883257252
1789978357.040554,0.965131912495781,3.899114933029927,-1.5271420883257252
1789978357.1415443,0.965131912495781,3.899114933029927,-1.5271420883257252
1789978357.2405748,0.965131912495781,3.899114933029927,-1.5271420883257252
1789978357.340636,0.965131912495781,3.899114933029927,-1.5271420883257252
1789978357.4405193,0.965131912495781,3.899114933029927,-1.5271420883257252
1789978357.54036,0.965131912495781,3.899114933029927,-1.5271420883257252
1789978357.6404622,0.965131912495781,3.899114933029927,-1.5271420883257252
1789978357.7402751,0.965131912495781,3.899114933029927,-1.5271420883257252
1789978357.8402655,0.965131912495781,3.899114933029927,-1.5271420883257252
1789978357.9401817,0.965131912495781,3.899114933029927,-1.5271420883257252
1789978358.0397897,0.965131912495781,3.899114933029927,-1.5271420883257252
1789978358.1406093,0.965131912495781,3.899114933029927,-1.5271420883257252
1789978358.240646,0.965131912495781,3.899114933029927,-1.5271420883257252
1789978358.3405554,0.965131912495781,3.899114933029927,-1.5271420883257252
1789978358.4403815,0.965131912495781,3.899114933029927,-1.5271420883257252
1789978358.5410903,0.965131912495781,3.899114933029927,-1.5271420883257252
1789978358.6412737,0.965131912495781,3.899114933029927,-1.5271420883257252
1789978358.73998,0.965131912495781,3.899114933029927,-1.5271420883257252
1789978358.8397074,0.965131912495781,3.899114933029927,-1.5271420883257252
1789978358.9407632,0.965131912495781,3.899114933029927,-1.5271420883257252
1789978359.040366,0.965131912495781,3.899114933029927,-1.5271420883257252
1789978359.1415563,0.965131912495781,3.899114933029927,-1.5271420883257252
1789978359.2407417,0.965131912495781,3.899114933029927,-1.5271420883257252
1789978359.3407147,0.965131912495781,3.899114933029927,-1.5271420883257252
1789978359.440773,0.965131912495781,3.899114933029927,-1.5271420883257252
1789978359.5407,0.965131912495781,3.899114933029927,-1.5271420883257252
1789978359.6400216,0.9670214647769979,3.8741864434612316,-1.4951420875508648
1789978359.739904,0.970501483027324,3.849429838827773,-1.431142086001144
1789978359.8407245,0.9762315553694276,3.8250953720994003,-1.33953762969564
1789978359.9403121,0.9842704941945435,3.800849071238764,-1.2506487401444772
1789978360.0401752,0.994611356174402,3.7769939559818124,-1.1617598505933142
1789978360.140613,1.0070290556973336,3.7541509988841177,-1.0728709610421516
1789978360.2408566,1.021425542190714,3.7325005687023673,-0.9839820714909888
1789978360.340442,1.0376871405135193,3.712213617960655,-0.8950931819398261
1789978360.439975,1.05568544853906,3.6934503331036077,-0.8062042923886632
1789978360.54004,1.0752783510224864,3.6763588696588383,-0.7173154028375004
1789978360.640379,1.095865533247585,3.6604790749989724,-0.6570217671115253
1789978360.7403383,1.1168937129000016,3.645188044591749,-0.6287281299252366
1789978360.84123,1.137865074126283,3.6298191813050336,-0.632434493793205
1789978360.9402966,1.158727988156415,3.614303422587515,-0.6394571959283507
1789978361.0397918,1.1794796871946889,3.598639229744159,-0.6465909158122098
1789978361.1401892,1.2001291337645894,3.582840485909102,-0.6530907609742437
1789978361.2405987,1.220686477750832,3.5669220827655628,-0.6588984917160428
1789978361.3406174,1.241157489948974,3.550892809232665,-0.6643030523564971
1789978361.4402063,1.2615466032285416,3.5347594893609866,-0.6693958469908989
1789978361.5402381,1.2818593201886845,3.518530087643546,-0.6741170925330673
1789978361.640473,1.3021029760669154,3.5022146242087335,-0.6783611401226675
1789978361.7404075,1.3220766375708761,3.485569721189066,-0.6947437453326142
1789978361.840499,1.3418747275328746,3.4687163659069404,-0.7052260774430194
1789978361.9401488,1.3615576966999412,3.4517287034668858,-0.7120296760704673
1789978362.0398932,1.3811655822566418,3.434654431171872,-0.7164383210484244
1789978362.1403072,1.4007237114081257,3.4175231867774096,-0.719347581012205
1789978362.2400403,1.4202486186451115,3.4003540881465546,-0.7212846989054538
1789978362.340087,1.4397524736745657,3.38316107824721,-0.7225100139864091
1789978362.4399998,1.459242426035044,3.3659523099183835,-0.723318266869553
1789978362.5399122,1.4787235179413472,3.3487335118027453,-0.7238329970636709
1789978362.6400723,1.4981996326621576,3.331509084213105,-0.7241220051548751
1789978362.7398376,1.518006726588712,3.3146663118583652,-0.704691656132725
1789978362.839801,1.5379940988916485,3.2980378754065294,-0.6939196141562731
1789978362.9396698,1.5580686624731899,3.2815148052493344,-0.6886594563848645
1789978363.039919,1.5781750782067083,3.2650305097909333,-0.6867294543083133
1789978363.1403265,1.5982810379737749,3.2485456581915395,-0.6867571144992852
1789978363.2397387,1.6183681636713982,3.232037862105544,-0.6878988275001193
1789978363.3407023,1.6384238469681363,3.2154918801791097,-0.6898013265965873
1789978363.440342,1.6584457838440718,3.198905078373307,-0.6918383669736228
1789978363.5413408,1.678429530913266,3.182272285358199,-0.6941375997079899
1789978363.6399868,1.6983779299245259,3.1655971143756725,-0.6962600977788113
1789978363.7399204,1.7180781780599268,3.1486294930393575,-0.7110119277308131
1789978363.8402584,1.737621190845778,3.1314810061772174,-0.7202295228535678
1789978363.9403195,1.7570678785784264,3.1142233618814914,-0.7258288040453936
1789978364.0409324,1.7764585696949162,3.0969028235401517,-0.72906764211826
1789978364.1404772,1.7958175583300569,3.0795468588757076,-0.7308961121062191
1789978364.2402596,1.8151622373573548,3.0621749463805403,-0.7317202112567052
1789978364.3405502,1.8345031017639393,3.0447987870115933,-0.7319397699541321
1789978364.440363,1.85384611923919,3.0274250244553396,-0.7318158520548046
1789978364.5402374,1.873195458352495,3.0100583026493317,-0.7314519171183371
1789978364.6403935,1.8925541590436883,2.9927020168151524,-0.7309127024420911
1789978364.740944,1.9121983575770976,2.975669535657407,-0.7143089502164539
1789978364.8409755,1.9320438611958088,2.958872037732756,-0.7024081028112588
1789978364.941535,1.9519914912144902,2.9421959468524945,-0.6963062125304162
1789978365.0399683,1.9719858759976658,2.9255759430152133,-0.6934977910527409
1789978365.1400497,1.9919860412141226,2.9089628956811637,-0.6931499184970193
1789978365.2400923,2.0119783017534894,2.89234033664427,-0.6936255937022535
1789978365.3401604,2.031951562642361,2.875694952903605,-0.6947678133192849
1789978365.4400258,2.05189894997628,2.859018571732633,-0.6963207652605519
1789978365.5400755,2.071817631657376,2.8423079143399357,-0.6980403335112526
1789978365.6402228,2.091707869432234,2.8255634110129173,-0.6997407527453645
1789978365.7410605,2.11156993603692,2.808785501113291,-0.7014214887562583
1789978365.8401926,2.131722770965729,2.792357987767045,-0.6839086330774617
1789978365.940565,2.152010352901551,2.776097176913762,-0.6756643289047667
1789978366.0410075,2.1723599357899617,2.759914024356963,-0.6718423003609666
1789978366.1431432,2.1927172737169163,2.7437406282096872,-0.6713629514374215
1789978366.2399054,2.213056317798752,2.727544232430191,-0.6724932548519601
1789978366.3402312,2.233344084501968,2.711283652102145,-0.6756529660825064
1789978366.4402096,2.253585496717396,2.6949654052007754,-0.6784986459579696
1789978366.5401614,2.2737763491873686,2.6785846412703376,-0.6815910762105518
1789978366.6402135,2.2939157146811886,2.662140617799323,-0.6847281526703766
1789978366.7401812,2.314004475043088,2.6456348110171297,-0.6877997977588706
1789978366.8404477,2.333858324379705,2.628847178160534,-0.7019111139629417
1789978366.940267,2.3535608988905743,2.6118822582358012,-0.7108748100627595
1789978367.0398233,2.3731666755924983,2.5948055644596857,-0.7165618229587012
1789978367.1402576,2.392711510666937,2.5776591545636776,-0.7201232511479788
1789978367.2400732,2.412217284650987,2.560468321783033,-0.7223983944323294
1789978367.3402948,2.4316989910878024,2.5432502189630743,-0.7237973068304742
1789978367.4397378,2.4511668459407754,2.5260164562331155,-0.7246014190534513
1789978367.539997,2.4706279795326505,2.508775103915849,-0.724991338623167
1789978367.6403701,2.490087195062988,2.491531586833977,-0.7251025793828915
1789978367.7397897,2.509547000528124,2.4742887355132708,-0.7250683667460721
1789978367.8403778,2.528770833442401,2.456783187864228,-0.7386499377290051
1789978367.9400108,2.547860765570412,2.4391317164876862,-0.7462672012249273
1789978368.0399933,2.5668885889939683,2.4214133111934477,-0.7497791524367674
1789978368.1399536,2.5858937648296045,2.4036706157424885,-0.7510564723374592
1789978368.2399693,2.6049018678038007,2.385931056229037,-0.7508914806504071
1789978368.3401945,2.6239278151740844,2.368210636452064,-0.7498850280275836
1789978368.4399202,2.642980056747942,2.3505184901317246,-0.7484000072205711
1789978368.5403948,2.6620651910243325,2.3328618313294176,-0.7465389715830133
1789978368.640106,2.6811852350728906,2.315242981594258,-0.7445597082233326
1789978368.7397954,2.7003417873399367,2.2976638332744765,-0.7424852603903309
1789978368.8401563,2.719533802976129,2.280123408928723,-0.7404656824512674
1789978368.9399562,2.739041698235131,2.2629349833762546,-0.7222749900860981
1789978369.0397198,2.7587309426049025,2.245954594495067,-0.7116601993186666
1789978369.140409,2.7785215097567084,2.22909240595921,-0.7056723291842535
1789978369.2400496,2.798366223276379,2.212293974611874,-0.7024551382145181
1789978369.340951,2.8182316767756483,2.19552007501526,-0.7012195983292803
1789978369.440418,2.838103312897048,2.178753500282548,-0.7008509319830956
1789978369.5404568,2.8579684381911936,2.1619792119978896,-0.7012391645201754
1789978369.6411235,2.8778235272311576,2.145193045382964,-0.7018372645109232
1789978369.7410064,2.8976661959197654,2.1283921986863517,-0.702576856964388
1789978369.8415668,2.91749426403043,2.111574123130338,-0.7034454497714799
1789978369.941036,2.937555791063914,2.095035227051889,-0.6894480693360129
1789978370.0411136,2.9577295726710293,2.0786334440367,-0.6826325365548295
1789978370.140858,2.977950217650409,2.0622894706205805,-0.6797702823040348
1789978370.2404547,2.9981755470032323,2.0459512943766183,-0.6794836198011218
1789978370.34035,3.0183812401203127,2.0295888399132043,-0.6806845895046174
1789978370.4401197,3.0385554692963828,2.013187607411946,-0.6826052482737035
1789978370.540226,3.0586905104207087,1.9967382892093382,-0.6849910854859083
1789978370.6400654,3.078783843398162,1.9802380492030192,-0.6875227203158465
1789978370.7402616,3.09883500315842,1.9636865857427221,-0.6900746731584695
1789978370.840252,3.1188462646491963,1.9470869061085632,-0.692481724408808
1789978370.9401388,3.138664816546208,1.9302576176175308,-0.7040110936885502
1789978371.0402758,3.1583627555848377,1.913287315674449,-0.711148005401137
1789978371.1399505,3.1779859859171022,1.8962306811372422,-0.7155391492446687
1789978371.2404258,3.197564732562364,1.879123003614867,-0.7181432503772704
1789978371.3401039,3.217117196903627,1.8619852940656718,-0.7196781898880183
1789978371.440101,3.236657222193088,1.844833403146704,-0.7204037189747945
1789978371.5401208,3.2561923751280926,1.82767596306332,-0.7206877440071007
1789978371.6404977,3.2757274906513816,1.8105184803837224,-0.7206899244995935
1789978371.7402306,3.2952663436974308,1.7933652540966991,-0.7204720611643194
1789978371.840501,3.3148114752321827,1.7762191821355127,-0.720105961042564
1789978371.9402785,3.334518391415626,1.7592593058108548,-0.7106188514112638
1789978372.040171,3.3543076414765136,1.7423955715732495,-0.7057504347368289
1789978372.1403391,3.3741325538947944,1.7255737762464587,-0.7036330659716535
1789978372.2404425,3.39396688295936,1.7087630849766906,-0.7030730927438623
1789978372.340117,3.4137927976895797,1.6919424709712803,-0.7035734797554237
1789978372.439974,3.4336015603373076,1.6751016612290226,-0.704592573964611
1789978372.5401835,3.453388193789855,1.6582348569370575,-0.7059055824723247
1789978372.6403077,3.473151325851858,1.6413405217471555,-0.7072977977298351
1789978372.7400703,3.4928908427619625,1.62441860038566,-0.7086944720201345
1789978372.8401594,3.5126067671014285,1.6074691969197743,-0.7100875422317685
1789978372.9399347,3.5323008012454173,1.5904943635024962,-0.711378076342508
1789978373.0402665,3.5519411301998165,1.5734574204383216,-0.7145361086778492
1789978373.1401508,3.5715513712519193,1.5563858535422408,-0.7163003542885331
1789978373.2401452,3.591147064148659,1.5392975894318754,-0.7171521239873169
1789978373.3409345,3.6107375863361204,1.5222033977039366,-0.717454659841597
1789978373.440093,3.6303293102607954,1.5051105833052414,-0.7173843561005109
1789978373.5401769,3.6499275381442837,1.4880252265856466,-0.7170037647159101
1789978373.640277,3.669533696882676,1.4709489714360562,-0.7165394508661036
1789978373.7400033,3.6891499648285055,1.453884330148108,-0.7159472457281577
1789978373.8401022,3.708777387956142,1.436832520514592,-0.7152932983738635
1789978373.940674,3.728417248150833,1.4197950370753654,-0.7145636225500409
1789978374.0409918,3.7481075165890374,1.4028158357030869,-0.7115998883181517
1789978374.1410596,3.7678210581543827,1.3858636609352188,-0.7102281123315249
1789978374.240977,3.787543462419338,1.3689217979792565,-0.7097051472318623
1789978374.3411198,3.8072655632858887,1.351979581836776,-0.7097230552531171
1789978374.4405475,3.8269788043758903,1.3350270576549201,-0.7102458370335722
1789978374.5401683,3.8466588842678915,1.3180360480953506,-0.7121997401070175
1789978374.6402442,3.8662943566129506,1.3009935079033674,-0.7148211252827523
1789978374.7404704,3.885552605535427,1.2835258292124572,-0.7366818037767288
1789978374.8406425,3.904507437175601,1.2657293602396076,-0.7538896375287648
1789978374.9403682,3.9232182627140495,1.247676522288785,-0.7675023042548771
1789978375.0402334,3.9417324309284956,1.229422056376682,-0.7783351329107165
1789978375.1401265,3.960087415378371,1.2110075377499632,-0.7870172803242088
1789978375.2403784,3.978312710897786,1.1924646535719574,-0.7940355439622282
1789978375.340493,3.9964314039937117,1.1738175918488714,-0.7997683907810926
1789978375.4413173,4.014461428826185,1.1550847822638324,-0.8045125535641193
1789978375.5415304,4.030711088891415,1.1380662872034382,-0.8085042888250529
1789978375.640536,4.044744378575579,1.1232692827549413,-0.8118819792706846
1789978375.74091,4.044744378575579,1.1232692827549413,-0.8312930052120566
1789978375.840547,4.044744378575579,1.1232692827549413,-0.866622729315269
1789978375.9405844,4.044744378575579,1.1232692827549413,-0.918096658303249
1789978376.0409214,4.044744378575579,1.1232692827549413,-0.9855567944187998
1789978376.1405008,4.044744378575579,1.1232692827549413,-1.0688654464621425
1789978376.2406535,4.044744378575579,1.1232692827549413,-1.1684061569113613
1789978376.3407195,4.044744378575579,1.1232692827549413,-1.2684061598915934
1789978376.4407341,4.044744378575579,1.1232692827549413,-1.3684061628718256
1789978376.5407257,4.044744378575579,1.1232692827549413,-1.468406165852058
1789978376.6406538,4.044744378575579,1.1232692827549413,-1.56840616883229
1789978376.7398365,4.044744378575579,1.1232692827549413,-1.668406171812522
1789978376.8397727,4.044744378575579,1.1232692827549413,-1.7684061747927542
1789978376.941191,4.044744378575579,1.1232692827549413,-1.8684061777729863
1789978377.0411074,4.044744378575579,1.1232692827549413,-1.9684061807532185
1789978377.1408703,4.044744378575579,1.1232692827549413,-2.0684061837334506
1789978377.2404137,4.044744378575579,1.1232692827549413,-2.168406186713683
1789978377.339682,4.044744378575579,1.1232692827549413,-2.268406189693915
1789978377.4406374,4.044744378575579,1.1232692827549413,-2.368406192674147
1789978377.5409486,4.044744378575579,1.1232692827549413,-2.4684061956543792
1789978377.6407244,4.044744378575579,1.1232692827549413,-2.5684061986346114
1789978377.7406573,4.044744378575579,1.1232692827549413,-2.6684062016148435
1789978377.8396504,4.044744378575579,1.1232692827549413,-2.7684062045950757
1789978377.9404368,4.044744378575579,1.1232692827549413,-2.868406207575308
1789978378.0408816,4.044744378575579,1.1232692827549413,-2.93640620978068
1789978378.1405716,4.044744378575579,1.1232692827549413,-2.9724062089760173
1789978378.2402668,4.044744378575579,1.1232692827549413,-2.976406209072875
1789978378.340509,4.044744378575579,1.1232692827549413,-2.976406209072875
1789978378.440668,4.044744378575579,1.1232692827549413,-2.976406209072875
1789978378.5405848,4.044744378575579,1.1232692827549413,-2.976406209072875
1789978378.6405647,4.044744378575579,1.1232692827549413,-2.976406209072875
1789978378.7404306,4.044744378575579,1.1232692827549413,-2.976406209072875
1789978378.8404746,4.044744378575579,1.1232692827549413,-2.976406209072875
1789978378.9402523,4.044744378575579,1.1232692827549413,-2.976406209072875
1789978379.0404894,4.044744378575579,1.1232692827549413,-2.976406209072875
1789978379.140414,4.044744378575579,1.1232692827549413,-2.976406209072875
1789978379.2404394,4.044744378575579,1.1232692827549413,-2.976406209072875
1789978379.3402042,4.044744378575579,1.1232692827549413,-2.976406209072875
1789978379.4401236,4.044744378575579,1.1232692827549413,-2.976406209072875
1789978379.5410047,4.044744378575579,1.1232692827549413,-2.976406209072875
1789978379.639882,4.044744378575579,1.1232692827549413,-2.976406209072875
1789978379.74006,4.044744378575579,1.1232692827549413,-2.976406209072875
1789978379.8398714,4.044744378575579,1.1232692827549413,-2.976406209072875
1789978379.9400542,4.044744378575579,1.1232692827549413,-2.976406209072875
1789978380.0401993,4.044744378575579,1.1232692827549413,-2.976406209072875
1789978380.1399014,4.044744378575579,1.1232692827549413,-2.976406209072875
1789978380.2410932,4.044744378575579,1.1232692827549413,-2.976406209072875
1789978380.3399713,4.044744378575579,1.1232692827549413,-2.976406209072875
1789978380.4408078,4.044744378575579,1.1232692827549413,-2.976406209072875
1789978380.5407515,4.044744378575579,1.1232692827549413,-2.976406209072875
1789978380.6405928,4.044744378575579,1.1232692827549413,-2.976406209072875
1789978380.7406604,4.044744378575579,1.1232692827549413,-2.976406209072875
1789978380.8407857,4.044744378575579,1.1232692827549413,-2.976406209072875
1789978380.9416473,4.044744378575579,1.1232692827549413,-2.976406209072875
1789978381.0417235,4.044744378575579,1.1232692827549413,-2.976406209072875
1789978381.1412532,4.044744378575579,1.1232692827549413,-2.976406209072875
1789978381.2400808,4.044744378575579,1.1232692827549413,-2.976406209072875
1789978381.3409626,4.044744378575579,1.1232692827549413,-2.976406209072875
1789978381.4398963,4.044744378575579,1.1232692827549413,-2.976406209072875
1789978381.5398686,4.044744378575579,1.1232692827549413,-2.976406209072875
1789978381.6407452,4.044744378575579,1.1232692827549413,-2.976406209072875
1789978381.7407854,4.044744378575579,1.1232692827549413,-2.976406209072875
1789978381.841254,4.044744378575579,1.1232692827549413,-2.976406209072875
1789978381.9404302,4.044744378575579,1.1232692827549413,-2.976406209072875
1789978382.0405087,4.044744378575579,1.1232692827549413,-2.976406209072875
1789978382.1405847,4.044744378575579,1.1232692827549413,-2.976406209072875
1789978382.2416708,4.044744378575579,1.1232692827549413,-2.976406209072875
1789978382.3403528,4.044744378575579,1.1232692827549413,-2.976406209072875
1789978382.4402227,4.044744378575579,1.1232692827549413,-2.976406209072875
1789978382.5402315,4.044744378575579,1.1232692827549413,-2.976406209072875
1789978382.6399693,4.044744378575579,1.1232692827549413,-2.976406209072875
1789978382.7397156,4.044744378575579,1.1232692827549413,-2.976406209072875
1789978382.8401632,4.044744378575579,1.1232692827549413,-2.976406209072875
1789978382.9400015,4.044744378575579,1.1232692827549413,-2.976406209072875
1789978383.0408785,4.044744378575579,1.1232692827549413,-2.976406209072875
1789978383.1395824,4.044744378575579,1.1232692827549413,-2.976406209072875
1789978383.2408612,4.044744378575579,1.1232692827549413,-2.976406209072875
1789978383.3409004,4.044744378575579,1.1232692827549413,-2.976406209072875
1789978383.439745,4.044744378575579,1.1232692827549413,-2.976406209072875
1789978383.5399134,4.044744378575579,1.1232692827549413,-2.976406209072875
1789978383.6399577,4.044744378575579,1.1232692827549413,-2.976406209072875
1789978383.7399435,4.044744378575579,1.1232692827549413,-2.976406209072875
1789978383.8403716,4.044744378575579,1.1232692827549413,-2.976406209072875
1789978383.940239,4.044744378575579,1.1232692827549413,-2.976406209072875
1789978384.0400097,4.044744378575579,1.1232692827549413,-2.976406209072875
1789978384.1399019,4.044744378575579,1.1232692827549413,-2.976406209072875
1789978384.2397006,4.044744378575579,1.1232692827549413,-2.976406209072875
1789978384.3411012,4.044744378575579,1.1232692827549413,-2.976406209072875
1789978384.4410756,4.044744378575579,1.1232692827549413,-2.976406209072875
1789978384.5398047,4.044744378575579,1.1232692827549413,-2.976406209072875
1789978384.6400886,4.044744378575579,1.1232692827549413,-2.976406209072875
1789978384.7401745,4.044744378575579,1.1232692827549413,-2.976406209072875
1789978384.840175,4.044744378575579,1.1232692827549413,-2.976406209072875
1789978384.9399588,4.044744378575579,1.1232692827549413,-2.976406209072875
1789978385.0407717,4.044744378575579,1.1232692827549413,-2.976406209072875
1789978385.1406639,4.044744378575579,1.1232692827549413,-2.976406209072875
1789978385.2404585,4.044744378575579,1.1232692827549413,-2.976406209072875
1789978385.3412504,4.044744378575579,1.1232692827549413,-2.976406209072875
1789978385.4401531,4.044744378575579,1.1232692827549413,-2.976406209072875
1789978385.5400093,4.044744378575579,1.1232692827549413,-2.976406209072875
1789978385.6399827,4.044744378575579,1.1232692827549413,-2.976406209072875
1789978385.7399344,4.044744378575579,1.1232692827549413,-2.976406209072875
1789978385.8407679,4.044744378575579,1.1232692827549413,-2.960406208685445
1789978385.939675,4.044744378575579,1.1232692827549413,-2.928508616885947
1789978386.0412345,4.044744378575579,1.1232692827549413,-2.8803252576802243
1789978386.14064,4.044744378575579,1.1232692827549413,-2.8167589648578635
1789978386.2405808,4.044744378575579,1.1232692827549413,-2.736868394813346
1789978386.3407307,4.044744378575579,1.1232692827549413,-2.640948425135421
1789978386.4404616,4.044744378575579,1.1232692827549413,-2.540948422155189
1789978386.5399547,4.044744378575579,1.1232692827549413,-2.4409484191749566
1789978386.6399019,4.044744378575579,1.1232692827549413,-2.3409484161947245
1789978386.7413948,4.044744378575579,1.1232692827549413,-2.2409484132144923
1789978386.840355,4.044744378575579,1.1232692827549413,-2.14094841023426
1789978386.9405608,4.044744378575579,1.1232692827549413,-2.040948407254028
1789978387.040749,4.044744378575579,1.1232692827549413,-1.9409484042737957
1789978387.1393812,4.044744378575579,1.1232692827549413,-1.8409484012935637
1789978387.2398007,4.044744378575579,1.1232692827549413,-1.7409483983133316
1789978387.340352,4.044744378575579,1.1232692827549413,-1.6409483953330994
1789978387.440604,4.044744378575579,1.1232692827549413,-1.5409483923528673
1789978387.540782,4.044744378575579,1.1232692827549413,-1.4409483893726351
1789978387.6397598,4.044744378575579,1.1232692827549413,-1.340948386392403
1789978387.740351,4.044744378575579,1.1232692827549413,-1.2409483834121708
1789978387.8412495,4.044744378575579,1.1232692827549413,-1.1409483804319387
1789978387.940147,4.044744378575579,1.1232692827549413,-1.0409483774517065
1789978388.0410516,4.0594699258862645,1.1030663558283607,-0.9409483744714744
1789978388.141262,4.076589222171542,1.0834977676037127,-0.8520594849203116
1789978388.2408237,4.095378071562101,1.0655261486174383,-0.7631705953691488
1789978388.3404307,4.115688116671915,1.0492934033768369,-0.674281705817986
1789978388.4399931,4.13735898870245,1.0349277061836917,-0.5853928162668232
1789978388.5404613,4.160219573720086,1.0225424890656771,-0.4965039267156604
1789978388.6405244,4.184089363777489,1.0122355461132573,-0.40761503716449754
1789978388.7401679,4.208664368376788,1.003746193997026,-0.3326126052949907
1789978388.8403187,4.233581604560276,0.996321149122734,-0.2896101786706926
1789978388.9409647,4.258674063387287,0.9895117100545223,-0.26499196355681454
1789978389.0409222,4.283842657184284,0.9829892997108926,-0.253570571071315
1789978389.1415966,4.309025295381399,0.9765213260063896,-0.25140829556140604
1789978389.2407107,4.334190145905584,0.9699844882002058,-0.2541438464492889
1789978389.340992,4.359309598731758,0.9632753123847593,-0.2609983645797107
1789978389.4411216,4.384376241150606,0.9563714447546158,-0.26875712074789737
1789978389.541042,4.4093830847352855,0.9492540207585125,-0.27728678737286083
1789978389.6416318,4.43432876635178,0.9419251109420775,-0.2857542094260785
1789978389.7415037,4.459218000410545,0.9344067348955527,-0.293357927207682
1789978389.8408883,4.484057931951163,0.9267270375404264,-0.2998459002420639
1789978389.9404178,4.508859247659279,0.9189235325871816,-0.3048339836716987
1789978390.0408437,4.53378995032176,0.9115438296687768,-0.28779096831086637
1789978390.1415856,4.558827799235112,0.9045362571788852,-0.2728966582984067
1789978390.2407439,4.58393194481196,0.897770030367335,-0.26327024367157
1789978390.3411155,4.608943591810948,0.8906695046961633,-0.2766111042768098
1789978390.4415033,4.633847917130682,0.8832012699129118,-0.2913439620703793
1789978390.5410771,4.658665604671793,0.8754499903075338,-0.3027289301574565
1789978390.641307,4.6834229110065415,0.8675079670479141,-0.31042404812279717
1789978390.7405877,4.708082993058576,0.85926901665385,-0.3224410150617696
1789978390.8406773,4.732606507601898,0.8506320504704957,-0.33862556148770834
1789978390.940575,4.757077832956915,0.8418483049267174,-0.3446171688333491
1789978391.0405483,4.781598415174741,0.8332030173023641,-0.33896490674916313
1789978391.140697,4.806204363300977,0.8248037752402564,-0.3289481804192404
1789978391.2407901,4.830890136002981,0.8166421224349759,-0.31930812675956277
1789978391.3404496,4.855544127921481,0.8083849659697347,-0.3231793872498314
1789978391.4405,4.880107337738572,0.7998615468265462,-0.3339991848402062
1789978391.5405169,4.9045939405512,0.791120480924407,-0.34287364608127247
1789978391.6407275,4.929126408698872,0.7825089794878173,-0.33758737029958136
1789978391.7407634,4.9537365554494,0.77412204755019,-0.32844793251234666
1789978391.8408663,4.978389881624024,0.7658629035911252,-0.3232600038357414
1789978391.9407542,5.0030359457858244,0.7575821142723844,-0.3241381225360893
1789978392.0406857,5.027927747315309,0.7500722429668519,-0.293016241229918
1789978392.1407795,5.05317320768086,0.7438539890849066,-0.24150438133611907
1789978392.2404895,5.07865183685524,0.7386733128931957,-0.20059943769111843
1789978392.3405023,5.104283603031323,0.7343129788344869,-0.1685013999415896
1789978392.440305,5.130014737140747,0.7305835435083574,-0.14393631491794823
1789978392.540228,5.155808029485063,0.7273115379384374,-0.1261809406055474
1789978392.6406827,5.1816373549383865,0.7243373326605156,-0.11464347887769001
1789978392.740662,5.207475621960796,0.7214418348298178,-0.11159679593503123
1789978392.8404522,5.233393447459469,0.7193763392889694,-0.07952593790352003
1789978392.940498,5.259357778717149,0.7180149235734788,-0.052386102098819
1789978393.040757,5.285348103382053,0.7173057168181562,-0.027280567604895726
1789978393.1408322,5.31134791848576,0.7172079160922546,-0.003761575389500837
1789978393.240235,5.337344983246233,0.7175985236302538,0.015023932587507893
1789978393.3403676,5.363321734641181,0.718697767631367,0.04229122249424799
1789978393.4406774,5.389245447417422,0.7206880104064732,0.07662275580704536
1789978393.5405903,5.415103578484982,0.7234003909295252,0.1045124903136525
1789978393.641595,5.440871215199461,0.7268686539760024,0.133793546985987
1789978393.741074,5.466543219563106,0.7309854661361485,0.1590081378632817
1789978393.840419,5.492107304537162,0.7357265113635432,0.18337386099636885
1789978393.9411762,5.517530479207964,0.7411728073586963,0.21103590054452767
1789978394.0407443,5.542747065151453,0.7475071379281835,0.24610492734253775
1789978394.1406581,5.567709718916629,0.7547780297172908,0.2834292270058429
1789978394.2403681,5.592410595844001,0.7628938555796276,0.3174522839301858
1789978394.3403897,5.616933290852191,0.7715331483715323,0.33872043563068255
1789978394.4404554,5.641307874385258,0.7805818846368052,0.3554671305978334
1789978394.5410562,5.665271131537508,0.7906696126795355,0.398449266310934
1789978394.64128,5.688940293234608,0.8014292936676257,0.4266614962184465
1789978394.7411916,5.712330873687127,0.8127818571007537,0.45185717528701197
1789978394.841223,5.73545558679267,0.8246666202113607,0.47473895957708745
1789978394.9404066,5.758398144375523,0.8368993223644604,0.48984436614454197
1789978395.0401938,5.781114598972371,0.8495469561731335,0.508019101601247
1789978395.140575,5.803458589972466,0.8628415421612934,0.5367319881731313
1789978395.240461,5.825392106970095,0.8768029454762785,0.5668496236020372
1789978395.340303,5.847054335319507,0.8911816732832464,0.5859942324274822
1789978395.4405797,5.868491941189343,0.9058931995459597,0.6014370687121193
1789978395.5404482,5.88963653907821,0.9210228370342488,0.6210742763990202
1789978395.6408136,5.910149537611898,0.9369983445869328,0.6616792999023238
1789978395.7404695,5.929636895814442,0.9542100505074593,0.7234690002912321
1789978395.8407378,5.9478070065239335,0.9728070133566382,0.7970072723740377
1789978395.9408567,5.965088783316268,0.9922322583051295,0.8437258817070763
1789978396.04078,5.981751232277589,1.0121912849602621,0.8751738056355753
1789978396.1417022,5.998318178696413,1.0322296540746583,0.8799492345938126
1789978396.2412915,6.014728150955897,1.052396774862016,0.8877577882075354
1789978396.3413203,6.030322510407411,1.0732010028867691,0.9275663431549113
1789978396.4412112,6.044384043214602,1.0950704620826717,0.9993748988771483
1789978396.5414608,6.057544524291515,1.1174937019965006,1.040055529382233
1789978396.6416569,6.070254745591525,1.1401751972054526,1.060019944217209
1789978396.740553,6.082593725067069,1.1630607720488126,1.0763138867729936
1789978396.840561,6.094443966068997,1.1862031949687482,1.097549661975506
1789978396.9404395,6.105826908556781,1.2095790066279983,1.1176399685257703
1789978397.040293,6.1169939247610445,1.23305873617292,1.1268565840834412
1789978397.1405983,6.128175837149445,1.2565313752607405,1.126222060881707
1789978397.2405512,6.139886090658859,1.27974494700561,1.1035893152283158
1789978397.3398874,6.152008634980991,1.302745900672075,1.0857473111526694
1789978397.4399428,6.164455148630424,1.3255731705128468,1.0716091270373784
1789978397.5412285,6.177158199807824,1.3482586822151048,1.0603360383586609
1789978397.6399782,6.1900661658378215,1.37082822725654,1.0512801022084073
1789978397.7406464,6.203139462060261,1.393302409695269,1.0439392599092443
1789978397.8397114,6.21634774612983,1.415697524840017,1.0379223420099937
1789978397.9414437,6.229667857804002,1.4380263084028653,1.0329215538503254
1789978398.0403352,6.241298464585812,1.4573367541381417,1.0286902040058399
1789978398.1401758,6.241298464585812,1.4573367541381417,1.0404126722180873
1789978398.2405128,6.241298464585812,1.4573367541381417,1.068171210941079
1789978398.3404498,6.241298464585812,1.4573367541381417,1.1118135679328471
1789978398.440065,6.241298464585812,1.4573367541381417,1.1714207101428542
1789978398.5404797,6.241298464585812,1.4573367541381417,1.2474391985499889
1789978398.6405513,6.241298464585812,1.4573367541381417,1.3392028797233129
1789978398.7402537,6.241298464585812,1.4573367541381417,1.4392028827035457
1789978398.840551,6.241298464585812,1.4573367541381417,1.5392028856837783
1789978398.9400954,6.241298464585812,1.4573367541381417,1.639202888664011
1789978399.0399938,6.241298464585812,1.4573367541381417,1.7072028908693826
1789978399.1395752,6.241298464585812,1.4573367541381417,1.7432028900647198
1789978399.2407916,6.241298464585812,1.4573367541381417,1.747202890161578
1789978399.3403554,6.241298464585812,1.4573367541381417,1.747202890161578
1789978399.4402478,6.241298464585812,1.4573367541381417,1.747202890161578
1789978399.5410073,6.241298464585812,1.4573367541381417,1.747202890161578
1789978399.6408818,6.241298464585812,1.4573367541381417,1.747202890161578
1789978399.740978,6.241298464585812,1.4573367541381417,1.747202890161578
1789978399.8412302,6.241298464585812,1.4573367541381417,1.747202890161578
1789978399.9410205,6.241298464585812,1.4573367541381417,1.747202890161578
1789978400.041397,6.241298464585812,1.4573367541381417,1.747202890161578
1789978400.1403127,6.241298464585812,1.4573367541381417,1.747202890161578
1789978400.2408452,6.241298464585812,1.4573367541381417,1.747202890161578
1789978400.3409574,6.241298464585812,1.4573367541381417,1.747202890161578
1789978400.4409244,6.241298464585812,1.4573367541381417,1.747202890161578
1789978400.5408154,6.241298464585812,1.4573367541381417,1.747202890161578
1789978400.6408458,6.241298464585812,1.4573367541381417,1.747202890161578
1789978400.7406323,6.241298464585812,1.4573367541381417,1.747202890161578
1789978400.841438,6.241298464585812,1.4573367541381417,1.747202890161578
1789978400.9405668,6.241298464585812,1.4573367541381417,1.747202890161578
1789978401.0406535,6.241298464585812,1.4573367541381417,1.747202890161578
1789978401.1406167,6.241298464585812,1.4573367541381417,1.747202890161578
1789978401.2405627,6.241298464585812,1.4573367541381417,1.747202890161578
1789978401.340371,6.241298464585812,1.4573367541381417,1.747202890161578
1789978401.4403305,6.241298464585812,1.4573367541381417,1.747202890161578
1789978401.5402102,6.241298464585812,1.4573367541381417,1.747202890161578
1789978401.6402962,6.241298464585812,1.4573367541381417,1.747202890161578
1789978401.740442,6.241298464585812,1.4573367541381417,1.747202890161578
1789978401.8403413,6.241298464585812,1.4573367541381417,1.747202890161578
1789978401.9411776,6.237542767350735,1.4820530390183262,1.7215951008537456
1789978402.040646,6.233606263671754,1.5077533092346935,1.7227848128230911
1789978402.1405046,6.229527392246885,1.533431369097314,1.728326736092721
1789978402.2409549,6.225196810719918,1.5590681788451597,1.7381370731444703
1789978402.3407383,6.220620143799775,1.5846622029584367,1.7477439244093045
1789978402.440594,6.215687390226309,1.6101899896347702,1.7616746083648545
1789978402.5406332,6.210118612851435,1.63558661675252,1.7866524406524045
1789978402.6411672,6.203343857082367,1.660688461997012,1.8344063290210109
1789978402.7416694,6.203068112832985,1.6616496930120281,1.8501602166147573
1789978402.8416014,6.196305713626595,1.6867548699160524,1.83391410455123
1789978402.9405227,6.189148665790313,1.7117504018503424,1.8496679921449761
1789978403.0407875,6.18175377568164,1.7366766039415071,1.859196526259337
1789978403.1405327,6.181469356827232,1.737635304035673,1.859196526259337
1789978403.24058,6.181469356827232,1.737635304035673,1.859196526259337
1789978403.3406963,6.181469356827232,1.737635304035673,1.859196526259337
1789978403.4406457,6.17772284428119,1.7495606402465456,1.875196526646768
1789978403.5404694,6.169392583445764,1.774190027263333,1.8969424065949072
1789978403.6401742,6.1609209433820675,1.7987711432884468,1.9026882872732038
1789978403.7406237,6.152126245446071,1.8232385346210653,1.915861091837441
1789978403.840735,6.142877774320481,1.8475380352794752,1.9344704423846357
1789978403.9404893,6.138042777258799,1.8601425113851078,1.9370797928237966
1789978404.0407207,6.133410062081596,1.8728227308063496,1.921079792436366
1789978404.1406894,6.124879660443462,1.8973835165898103,1.9050797920489355
1789978404.2405994,6.116227911103321,1.9219018196257938,1.9100247679093523
1789978404.340315,6.106676443572539,1.946083825713324,1.9469697428682489
1789978404.440618,6.095481760769374,1.9695503769585636,2.015914718602006
1789978404.5404708,6.082538209197209,1.9920995326657658,2.091889969799821
1789978404.6410527,6.068261143099957,2.013828898373573,2.1521047888138938
1789978404.7415783,6.052939364531992,2.0348346845269925,2.200987471435373
1789978404.8412595,6.0367673572655525,2.055193125807777,2.242091055009668
1789978404.9411175,6.019854597216583,2.0749404926685746,2.279026780817812
1789978405.0413294,6.002321450407894,2.0941391570334176,2.3108828788438496
1789978405.1410296,5.9842262607849515,2.1128090274914224,2.340564594958132
1789978405.2418215,5.96559917313399,2.1309482544885228,2.3694629406371774
1789978405.340567,5.946505577703597,2.1485957632064525,2.3955330109039012
1789978405.44061,5.936499825567071,2.1576585960233117,2.4056030807831945
1789978405.5404985,5.926575194023983,2.1668101916884335,2.396695850212282
1789978405.6407976,5.907392264697102,2.1843605527345438,2.400609096773124
1789978405.740516,5.897431896785473,2.1934732408971507,2.400609096773124
1789978405.8405216,5.887327006980517,2.2024254035695794,2.4166090971605545
1789978405.940564,5.8674461016236155,2.219180986298893,2.441294743009067
1789978406.0405517,5.8570481481394205,2.2277910140470736,2.4499803879113555
1789978406.1409934,5.8570481481394205,2.2277910140470736,2.4499803879113555
1789978406.2403998,5.8570481481394205,2.2277910140470736,2.4499803879113555
1789978406.3406126,5.8570481481394205,2.2277910140470736,2.4499803879113555
1789978406.4411469,5.8570481481394205,2.2277910140470736,2.4499803879113555
1789978406.540657,5.8570481481394205,2.2277910140470736,2.4499803879113555
1789978406.6408174,5.8570481481394205,2.2277910140470736,2.4499803879113555
1789978406.7409122,5.8570481481394205,2.2277910140470736,2.4499803879113555
1789978406.8404858,5.8570481481394205,2.2277910140470736,2.4499803879113555
1789978406.9403222,5.8570481481394205,2.2277910140470736,2.4499803879113555
1789978407.040128,5.8570481481394205,2.2277910140470736,2.4499803879113555
1789978407.140456,5.837586508402367,2.2434831961370554,2.4630138785393596
1789978407.2406454,5.816881177653719,2.2592086286906614,2.4920473695547933
1789978407.340048,5.795627847792782,2.2741851409759426,2.527741585746562
1789978407.4403222,5.784441466599138,2.281742580375264,2.5474358015509004
1789978407.5402591,5.784441466599138,2.281742580375264,2.5474358015509004
1789978407.6401572,5.784441466599138,2.281742580375264,2.5474358015509004
1789978407.7408876,5.784441466599138,2.281742580375264,2.5474358015509004
1789978407.840518,5.774090269822689,2.2887499140547183,2.546498537208108
1789978407.9415874,5.752480648841313,2.30320758438746,2.5519497470512666
1789978408.0408237,5.730395602123817,2.3169280312422433,2.585690868045358
1789978408.140609,5.708038428030052,2.3302004355816983,2.605853106971053
1789978408.240744,5.685447510801406,2.3430709604030655,2.6237345696940704
1789978408.3405092,5.66265061505791,2.3555730200281473,2.639970518420605
1789978408.4405575,5.639693067547059,2.367777566832349,2.6529750970706028
1789978408.5408807,5.616589162585187,2.3797027303918865,2.6651058399632257
1789978408.6407125,5.593351806308758,2.3913657155882757,2.6764208348050396
1789978408.739755,5.57003241933564,2.4028638085434975,2.6835043007090373
1789978408.840485,5.546716266427442,2.4143684582109337,2.6832231112047253
1789978408.9405606,5.52342095500715,2.4259152506764003,2.681414852779281
1789978409.040627,5.500142113862219,2.43749521204758,2.6799905047974706
1789978409.1404014,5.476876351350205,2.449101427845312,2.678862364402894
1789978409.2420452,5.45362103564211,2.46072856170219,2.6779630706402626
1789978409.3404179,5.4303741247236355,2.4723724907279734,2.677240732404325
1789978409.4402852,5.40713403555576,2.4840300293137196,2.6766552113102895
1789978409.5409508,5.383899544041865,2.4956987205213776,2.676175266293731
1789978409.6405065,5.360694219643516,2.5073643582937755,2.6757763289836385
1789978409.7416496,5.340586348658028,2.517481367852531,2.675438766587913
1789978409.841888,5.340586348658028,2.517481367852531,2.6911049515348076
1789978409.9401877,5.340586348658028,2.517481367852531,2.7227303170006874
1789978410.0400853,5.340586348658028,2.517481367852531,2.7709598102014663
1789978410.1397605,5.340586348658028,2.517481367852531,2.835182573680222
1789978410.2406151,5.340586348658028,2.517481367852531,2.915588923577607
1789978410.3409178,5.340586348658028,2.517481367852531,3.011370777372658
1789978410.4400475,5.340586348658028,2.517481367852531,3.1113707803528907
1789978410.5401495,5.340586348658028,2.517481367852531,-3.071814523846463
1789978410.6399548,5.340586348658028,2.517481367852531,-2.9718145208662308
1789978410.7406113,5.340586348658028,2.517481367852531,-2.903814518660859
1789978410.8398774,5.340586348658028,2.517481367852531,-2.8678145194655214
1789978410.9408834,5.340586348658028,2.517481367852531,-2.8638145193686637
1789978411.0397584,5.340586348658028,2.517481367852531,-2.8638145193686637
1789978411.1399345,5.340586348658028,2.517481367852531,-2.8638145193686637
1789978411.2406187,5.340586348658028,2.517481367852531,-2.8638145193686637
1789978411.3406456,5.340586348658028,2.517481367852531,-2.8638145193686637
1789978411.4406326,5.340586348658028,2.517481367852531,-2.8638145193686637
1789978411.5406125,5.340586348658028,2.517481367852531,-2.8638145193686637
1789978411.6406054,5.316654940971196,2.5102503426052625,-2.848158791684166
1789978411.7406812,5.292016766865554,2.5019461071107085,-2.816503063612238
1789978411.840734,5.267643345799805,2.4928942401231384,-2.7859970778455887
1789978411.940724,5.243513408115581,2.4832119853359313,-2.7600049682190573
1789978412.0407295,5.219615875583801,2.4729695300979806,-2.73667769136335
1789978412.1404264,5.195945836206557,2.462211780040991,-2.715012735896364
1789978412.2406073,5.172502484610374,2.450968594711795,-2.6944063611557634
1789978412.340688,5.149287055160881,2.4392620245102123,-2.674544306122318
1789978412.440611,5.126307285275323,2.427099371575275,-2.654799054585949
1789978412.5403008,5.103577963446127,2.4144748763539305,-2.6345918461909443
1789978412.6404798,5.08107200963415,2.4014563513444642,-2.6171709366371783
1789978412.740243,5.058822243054256,2.388004666039301,-2.5978148959806115
1789978412.8409307,5.0368623057181665,2.374084856320631,-2.576638236664787
1789978412.9403777,5.0152070172093755,2.359695678789933,-2.5551159501304777
1789978413.0404527,4.993909304948992,2.3447823490851745,-2.530711314850107
1789978413.140404,4.9729577245218195,2.32938653056154,-2.507872217916504
1789978413.2402208,4.9523539701742525,2.3135282438572946,-2.4856151916315707
1789978413.3408303,4.932092136433278,2.297235360629884,-2.4643464341988714
1789978413.4407449,4.91215621361468,2.2805452757954723,-2.4445847004881056
1789978413.5410347,4.892554380780033,2.2634640551151026,-2.4247999109556826
1789978413.6407974,4.8734292812835305,2.2458506931515867,-2.397319924109236
1789978413.7406256,4.854729653629066,2.227786256376715,-2.3734702646961363
1789978413.8409219,4.83640391306697,2.209342634626644,-2.3529885389139804
1789978413.9405105,4.818403567647768,2.1905813043113826,-2.3354969509174976
1789978414.0410156,4.800707778261057,2.1715324463826216,-2.3193875655760916
1789978414.1410372,4.783277521585585,2.152240320977781,-2.305536670633212
1789978414.2409258,4.766094729613891,2.1327274634098488,-2.292782568954483
1789978414.3408635,4.749144415259333,2.1130123221805652,-2.2809300706019555
1789978414.4405491,4.732408366004926,2.093114970453187,-2.2701121192654523
1789978414.5407906,4.715873389767698,2.0730502125118804,-2.2600490208944235
1789978414.640672,4.699522108284038,2.0528354766924086,-2.2509280780559333
1789978414.7407734,4.683505678235512,2.0323544142465884,-2.234472134545997
1789978414.84097,4.667741545729645,2.011678532723751,-2.222212022007063
1789978414.9407778,4.652174002880071,1.9908542305737247,-2.2127379345005305
1789978415.040846,4.636765702209677,1.969911828112219,-2.205112654552415
1789978415.1410089,4.621487003988969,1.948874686407855,-2.198938121669546
1789978415.2408006,4.606317143044777,1.927758927616308,-2.193774204910353
1789978415.3407786,4.59124200993832,1.9065754361139247,-2.1892952754391284
1789978415.4415176,4.576248934146897,1.8853337876674978,-2.185426945821002
1789978415.541073,4.561326233586905,1.8640426402487764,-2.1821177268629817
1789978415.641431,4.546468427586638,1.8427061562069436,-2.1790730111529975
1789978415.7413225,4.532019638706891,1.8210905958321248,-2.1600282944967892
1789978415.8412056,4.517919250552423,1.7992461685266934,-2.143995466106191
1789978415.9409451,4.50399927037154,1.777286339242914,-2.135758506157055
1789978416.0406787,4.490153079991596,1.7552799092195936,-2.1324018534501934
1789978416.1412055,4.476315901038785,1.7332678118856994,-2.13199241553628
1789978416.2406921,4.462452894530311,1.7112719713481128,-2.1331661834494127
1789978416.3409696,4.448534795548762,1.689310949715485,-2.1356728430018674
1789978416.4406548,4.4345538396701825,1.667389890819297,-2.138537650380368
1789978416.5405436,4.420502369287641,1.645513964998946,-2.141757709637369
1789978416.6408718,4.406379934778063,1.6236837841950313,-2.1450050391369415
1789978416.7405026,4.392335356113614,1.6018034331798614,-2.141442704863931
1789978416.841072,4.378286773282975,1.579925652879758,-2.1416257184460674
1789978416.940606,4.364195375938099,1.558075424705257,-2.1435839370820586
1789978417.0404866,4.350028277709949,1.5362742027623726,-2.147052358276761
1789978417.1403334,4.335775666363539,1.514528788988036,-2.150979780312247
1789978417.2401867,4.321435086791806,1.4928412873348784,-2.15503053786195
1789978417.3406363,4.30700826733168,1.4712110577782167,-2.159012268762655
1789978417.4404912,4.292500428005956,1.4496350862240102,-2.16276264572478
1789978417.540516,4.277913599755832,1.4281124378737184,-2.166428138315297
1789978417.640775,4.26325335733634,1.4066397286219579,-2.1698431162159806
1789978417.740562,4.248487547064818,1.385239476346941,-2.1747677883129484
1789978417.8409617,4.233573682317959,1.3639421387499235,-2.1817027878012425
1789978417.9406114,4.218497231179011,1.3427595852809993,-2.189357496611393
1789978418.040571,4.202981748284654,1.3218964661238872,-2.2102403020482426
1789978418.1404932,4.187124908131524,1.301291598476484,-2.226703582517422
1789978418.2405837,4.171000586830532,1.2808953681142008,-2.2397509088735945
1789978418.3412707,4.154664913298874,1.2606680173070377,-2.250156211293853
1789978418.4412465,4.138160692256573,1.2405779541365098,-2.2585171904411085
1789978418.5408995,4.1215206461733755,1.2206002461408967,-2.265296929701782
1789978418.6409538,4.10476979489183,1.2007153540931015,-2.270856271683789
1789978418.7409654,4.08799951663424,1.1809931642331093,-2.275479250866539
1789978418.8412862,4.073398313784319,1.1639573418926557,-2.2793911082666285
1789978418.94093,4.067023377791871,1.1563348670874434,-2.2673029655586845
1789978419.0412865,4.067023377791871,1.1563348670874434,-2.2392105745147832
1789978419.140648,4.067023377791871,1.1563348670874434,-2.195244926400102
1789978419.2409368,4.067023377791871,1.1563348670874434,-2.135279280133165
1789978419.340994,4.067023377791871,1.1563348670874434,-2.0593847902487883
1789978419.440441,4.067023377791871,1.1563348670874434,-1.967589959688104
1789978419.5405931,4.067023377791871,1.1563348670874434,-1.867589956707872
1789978419.6407266,4.067023377791871,1.1563348670874434,-1.7675899537276398
1789978419.7407084,4.067023377791871,1.1563348670874434,-1.6675899507474077
1789978419.8415968,4.067023377791871,1.1563348670874434,-1.5675899477671753
1789978419.940479,4.067023377791871,1.1563348670874434,-1.4675899447869434
1789978420.0393977,4.067023377791871,1.1563348670874434,-1.3675899418067112
1789978420.1399376,4.067023377791871,1.1563348670874434,-1.267589938826479
1789978420.240961,4.067023377791871,1.1563348670874434,-1.167589935846247
1789978420.3398356,4.067023377791871,1.1563348670874434,-1.0675899328660146
1789978420.439764,4.067023377791871,1.1563348670874434,-0.9675899298857824
1789978420.540478,4.067023377791871,1.1563348670874434,-0.8675899269055501
1789978420.6394198,4.067023377791871,1.1563348670874434,-0.7675899239253181
1789978420.7405455,4.067023377791871,1.1563348670874434,-0.667589920945086
1789978420.8409874,4.067023377791871,1.1563348670874434,-0.5675899179648537
1789978420.93993,4.067023377791871,1.1563348670874434,-0.46758991498462166
1789978421.0400574,4.067023377791871,1.1563348670874434,-0.3675899120043895
1789978421.1399412,4.067023377791871,1.1563348670874434,-0.26758990902415736
1789978421.2396896,4.067023377791871,1.1563348670874434,-0.18358990866652958
1789978421.340148,4.067023377791871,1.1563348670874434,-0.131589909083762
1789978421.4396584,4.067023377791871,1.1563348670874434,-0.11158990804068081
1789978421.5402837,4.067023377791871,1.1563348670874434,-0.11158990804068081
1789978421.6406622,4.067023377791871,1.1563348670874434,-0.11158990804068081
1789978421.7414896,4.067023377791871,1.1563348670874434,-0.11158990804068081
1789978421.8406456,4.067023377791871,1.1563348670874434,-0.11158990804068081
1789978421.940639,4.067023377791871,1.1563348670874434,-0.11158990804068081
1789978422.039905,4.067023377791871,1.1563348670874434,-0.11158990804068081
1789978422.1396835,4.067023377791871,1.1563348670874434,-0.11158990804068081
1789978422.2399948,4.067023377791871,1.1563348670874434,-0.11158990804068081
1789978422.3396983,4.067023377791871,1.1563348670874434,-0.11158990804068081
1789978422.4406967,4.067023377791871,1.1563348670874434,-0.11158990804068081
1789978422.5406897,4.067023377791871,1.1563348670874434,-0.11158990804068081
1789978422.6404738,4.067023377791871,1.1563348670874434,-0.11158990804068081
1789978422.7399871,4.067023377791871,1.1563348670874434,-0.11158990804068081
1789978422.8406773,4.067023377791871,1.1563348670874434,-0.11158990804068081
1789978422.9403536,4.067023377791871,1.1563348670874434,-0.11158990804068081
1789978423.0402765,4.067023377791871,1.1563348670874434,-0.11158990804068081
1789978423.13982,4.067023377791871,1.1563348670874434,-0.11158990804068081
1789978423.2407918,4.067023377791871,1.1563348670874434,-0.11158990804068081
1789978423.3404732,4.067023377791871,1.1563348670874434,-0.11158990804068081
1789978423.4404478,4.067023377791871,1.1563348670874434,-0.11158990804068081
1789978423.540715,4.067023377791871,1.1563348670874434,-0.11158990804068081
1789978423.6399486,4.067023377791871,1.1563348670874434,-0.11158990804068081
1789978423.7400668,4.067023377791871,1.1563348670874434,-0.11158990804068081
1789978423.8403194,4.067023377791871,1.1563348670874434,-0.11158990804068081
1789978423.9405458,4.067023377791871,1.1563348670874434,-0.11158990804068081
1789978424.0415325,4.067023377791871,1.1563348670874434,-0.11158990804068081
1789978424.140555,4.067023377791871,1.1563348670874434,-0.11158990804068081
1789978424.2406197,4.067023377791871,1.1563348670874434,-0.11158990804068081
1789978424.3408678,4.067023377791871,1.1563348670874434,-0.11158990804068081
1789978424.4402483,4.067023377791871,1.1563348670874434,-0.11158990804068081
1789978424.540316,4.067023377791871,1.1563348670874434,-0.11158990804068081
1789978424.6402714,4.067023377791871,1.1563348670874434,-0.11158990804068081
1789978424.7403538,4.067023377791871,1.1563348670874434,-0.11158990804068081
1789978424.8403752,4.067023377791871,1.1563348670874434,-0.11158990804068081
1789978424.9399085,4.067023377791871,1.1563348670874434,-0.11158990804068081
1789978425.0401602,4.067023377791871,1.1563348670874434,-0.11158990804068081
1789978425.1405113,4.067023377791871,1.1563348670874434,-0.11158990804068081
1789978425.2416573,4.067023377791871,1.1563348670874434,-0.11158990804068081
1789978425.3417492,4.067023377791871,1.1563348670874434,-0.11158990804068081
1789978425.4406877,4.067023377791871,1.1563348670874434,-0.11158990804068081
1789978425.5409324,4.067023377791871,1.1563348670874434,-0.11158990804068081
1789978425.6408024,4.067023377791871,1.1563348670874434,-0.11158990804068081
1789978425.7397397,4.067023377791871,1.1563348670874434,-0.11158990804068081
1789978425.8397403,4.067023377791871,1.1563348670874434,-0.11158990804068081
1789978425.9408333,4.067023377791871,1.1563348670874434,-0.11158990804068081
1789978426.039929,4.067023377791871,1.1563348670874434,-0.11158990804068081
1789978426.1398396,4.067023377791871,1.1563348670874434,-0.11158990804068081
1789978426.2402272,4.067023377791871,1.1563348670874434,-0.11158990804068081
1789978426.340426,4.067023377791871,1.1563348670874434,-0.11158990804068081
1789978426.4403398,4.067023377791871,1.1563348670874434,-0.11158990804068081
1789978426.5417671,4.067023377791871,1.1563348670874434,-0.11158990804068081
1789978426.6410291,4.067023377791871,1.1563348670874434,-0.11158990804068081
1789978426.7406955,4.067023377791871,1.1563348670874434,-0.11158990804068081
1789978426.840618,4.067023377791871,1.1563348670874434,-0.11158990804068081
1789978426.9403522,4.067023377791871,1.1563348670874434,-0.11158990804068081
1789978427.0403929,4.067023377791871,1.1563348670874434,-0.11158990804068081
1789978427.1406255,4.067023377791871,1.1563348670874434,-0.11158990804068081
1789978427.2397125,4.067023377791871,1.1563348670874434,-0.11158990804068081
1789978427.3407629,4.079421770839423,1.1547443169189724,-0.12758990842811088
1789978427.4408526,4.105021985057867,1.1502024029635225,-0.1755899073552274
1789978427.5406368,4.130177356581315,1.1436291819930817,-0.25558991152755267
1789978427.6410894,4.154859116280197,1.1354554014372074,-0.3197994517158653
1789978427.7404811,4.17922840184801,1.1263924068259694,-0.3560521619390631
1789978427.8407824,4.2034523704340145,1.1169478689149228,-0.3717553893100405
1789978427.9410937,4.227579693739168,1.1072591011636783,-0.3818576121698998
1789978428.0408354,4.251649854825773,1.0974291827675868,-0.3877147743474625
1789978428.1412308,4.275693342635439,1.0875342020017937,-0.39041930129713626
1789978428.241129,4.299728706052611,1.077619503024347,-0.39123954595959987
1789978428.340578,4.323769412790862,1.0677177673212317,-0.390700264193204
1789978428.4410179,4.348100570910706,1.0585529053497602,-0.3602355822102101
1789978428.5405986,4.372568702293811,1.0497602665519907,-0.34498060784497575
1789978428.6408873,4.397079654281719,1.0410877131185787,-0.34007708105453555
1789978428.740805,4.421572265627706,1.0323634974023457,-0.34218559154504247
1789978428.8408318,4.446015008486371,1.023500525442889,-0.34785657824212013
1789978428.9407961,4.47032646014313,1.0142835156918897,-0.36237970070177017
1789978429.0408866,4.494509852142693,1.0047355577005508,-0.37602829002970145
1789978429.1412456,4.518649859994924,0.9950784374619308,-0.3805462693908184
1789978429.240733,4.542750813643166,0.9853242597080534,-0.38457012717806993
1789978429.341432,4.5667980874429634,0.9754384834003221,-0.3900365060307948
1789978429.441513,4.590848812504724,0.9655611065009353,-0.38968724375552766
1789978429.541396,4.614875490710738,0.9556253788077266,-0.39211461134217007
1789978429.6412256,4.638923955204955,0.9457424993751263,-0.3899160431694173
1789978429.740772,4.66294440791018,0.9357917304478023,-0.39274071464277155
1789978429.8412023,4.686863200657335,0.9255990220772272,-0.4028342147353969
1789978429.9408076,4.7107192932785935,0.9152604150504148,-0.40894195111430515
1789978430.0401564,4.734637337630907,0.9050659506324236,-0.40290763294286336
1789978430.1403968,4.758695685642823,0.8952071555059126,-0.3889147586185415
1789978430.2410982,4.782909484751561,0.8857365756329256,-0.37283066427297173
1789978430.340824,4.807160880900956,0.8763626898210528,-0.36884042210838963
1789978430.4406896,4.831297952742031,0.866698233636264,-0.38085017949304767
1789978430.5402968,4.855375487500363,0.8568863902635706,-0.38696395866534905
1789978430.6409783,4.879522147182137,0.8472459143094728,-0.3798568747933886
1789978430.7402766,4.903793435669295,0.8379236556999868,-0.36671246141157354
1789978430.8402374,4.928240953249602,0.8290738627888768,-0.3473174504931946
1789978430.9399905,4.9528611765717825,0.8207165573633891,-0.32724434584341244
1789978431.0402584,4.977651740565365,0.812878962879811,-0.30620878636799054
1789978431.1413145,5.002594875946953,0.8055413919094766,-0.286101427673914
1789978431.239637,5.027673511323449,0.7986812171258648,-0.2670144706960697
1789978431.3402689,5.052885676598941,0.7923293140621984,-0.24680185094437812
1789978431.4401808,5.07820299247071,0.7864104064384889,-0.2296639412637731
1789978431.5405626,5.103429548228521,0.7801158981171793,-0.24452603124044137
1789978431.6407669,5.128632062912284,0.7737258117309381,-0.248316620662429
1789978431.7404053,5.153893504616778,0.7675728032457008,-0.23892075978181546
1789978431.8409393,5.179239726548425,0.7617789285317788,-0.22472813688180615
1789978431.9399838,5.204660907980383,0.7563233364454516,-0.21140156909785454
1789978432.040714,5.230157770456707,0.7512331543001481,-0.19704894907734571
1789978432.1410728,5.25572091702336,0.7464870518970436,-0.18357168808541457
1789978432.2407339,5.281348235576468,0.7421006531251093,-0.16951837912163906
1789978432.34105,5.307034027391939,0.7380707586821749,-0.1556233495470063
1789978432.4403033,5.332769794805311,0.7343734318026879,-0.14268858320973088
1789978432.540306,5.358600394050064,0.7314103096206052,-0.11421439982912716
1789978432.640546,5.384485305849871,0.728966686997303,-0.09412440843842207
1789978432.7407174,5.410403150083797,0.7269014265597454,-0.07951686680278945
1789978432.8409681,5.436342099456596,0.7251207368494654,-0.06854172348938149
1789978432.9399102,5.462295270361873,0.7235609707226337,-0.06002704929522418
1789978433.040413,5.488258671345703,0.7221819276624737,-0.053065020404376106
1789978433.1415617,5.514229265735393,0.7209457329144231,-0.04756388571075343
1789978433.2408056,5.540205277905833,0.7198291568399381,-0.04295844677797689
1789978433.3406613,5.56618575032408,0.7188216831015042,-0.038758694752670575
1789978433.4406338,5.5921696722710275,0.7179074891046391,-0.03516855798623686
1789978433.5417414,5.618149314799867,0.7168788373255289,-0.039573859981812294
1789978433.642015,5.64412712397528,0.7158048816212357,-0.041317745111502546
1789978433.7418365,5.670105221675028,0.7147379278681213,-0.0410482107483241
1789978433.841746,5.696084767372824,0.7137068334276883,-0.039667882286796186
1789978433.94139,5.722066186539007,0.7127240778527878,-0.037807298992613265
1789978434.040867,5.748049657401282,0.7117971515567619,-0.035658569057325014
1789978434.1412632,5.774035174073262,0.7109294686082401,-0.03337862000879088
1789978434.2408369,5.800022510246811,0.7101181061664827,-0.031211316055471006
1789978434.3408868,5.826011559194558,0.7093635962589351,-0.02902368752364248
1789978434.4412103,5.8520021031532075,0.7086624720599304,-0.02696958564300278
1789978434.5411217,5.87799395086519,0.7080114705806274,-0.025041136314014167
1789978434.641241,5.903986960290334,0.7074086344227029,-0.0231880848583228
1789978434.741334,5.929980961384743,0.706850192382002,-0.02148019259874001
1789978434.8408842,5.955975822764471,0.7063333439925696,-0.019880094407910942
1789978434.9407263,5.981971436747634,0.705855846299072,-0.018366329121256797
1789978435.0412061,6.007967683845292,0.7054141594796782,-0.016988772415409414
1789978435.1410184,6.033964467051095,0.7050052421782158,-0.015728237555215685
1789978435.2407131,6.059961720014879,0.7046273681966686,-0.01453412690278366
1789978435.3407173,6.085959374987898,0.7042782459934293,-0.013428181089313982
1789978435.4407415,6.111957368603662,0.7039553243873775,-0.012420381564500094
1789978435.540757,6.137955652599093,0.7036566946804387,-0.011486010934079525
1789978435.6413674,6.163954185227994,0.7033805578431536,-0.010620847652519583
1789978435.7409713,6.189952926290171,0.7031247970352803,-0.009837113163287281
1789978435.840888,6.215951853950064,0.702888765375209,-0.009078265801856666
1789978435.9407501,6.241950937594397,0.7026705909864575,-0.008391421433391333
1789978436.0405138,6.267950155029273,0.7024689894413794,-0.007753983564528166
1789978436.1410356,6.293949486344298,0.7022826521651618,-0.007166879932249515
1789978436.2407851,6.3199489127079005,0.7021100857358318,-0.006637219333408773
1789978436.3407464,6.345948422872502,0.7019506441801331,-0.006132406188028128
1789978436.4406595,6.371948004637037,0.701803340146863,-0.0056655702584818
1789978436.540762,6.397947647214015,0.7016671921452925,-0.005236485722328155
1789978436.6411014,6.423947341327383,0.7015412698667605,-0.0048431836705118405
1789978436.7406592,6.44994707927767,0.701424749802542,-0.004481556097364337
1789978436.8406777,6.475946855871704,0.7013171976326853,-0.0041366338667852
1789978436.9413834,6.5019466646824515,0.7012177380253707,-0.003825378982203365
1789978437.0407112,6.527946500527708,0.7011256162111806,-0.003543154243000224
1789978437.1411572,6.553946360684343,0.7010406324221141,-0.0032686132118966422
1789978437.2411935,6.57994624070475,0.7009619601058642,-0.003025863045679866
1789978437.3419561,6.605946138076551,0.7008892479011967,-0.0027966270044843533
1789978437.440715,6.631946049950017,0.7008219204850266,-0.0025895189955762454
1789978437.540912,6.657945975058433,0.7007599143103714,-0.0023848552194820627
1789978437.6413348,6.683945910781246,0.7007025312244601,-0.0022070436385392966
1789978437.741411,6.709945855556561,0.7006494078824037,-0.0020432069602822622
1789978437.841498,6.735945808270346,0.7006003233645554,-0.001887867261742393
1789978437.9415143,6.7619457676924855,0.7005549311179953,-0.0017458565878616383
1789978438.0411136,6.787945732911017,0.7005129901584458,-0.0016131145875837305
1789978438.1415706,6.813945703131744,0.7004742741380791,-0.0014890783113363781
1789978438.2411642,6.83994567744758,0.7004384135077912,-0.0013792554989624506
1789978438.3407307,6.865945655454074,0.7004053367674552,-0.0012721827104389407
1789978438.4410062,6.891945636510306,0.7003747510753736,-0.0011763730868397102
1789978438.541148,6.9179456201470035,0.7003464438256322,-0.0010887406296959947
1789978438.6418338,6.943945606030422,0.7003202814291097,-0.0010062462268094485
1789978438.7410102,6.969945593779502,0.7002960439250934,-0.0009322118621484243
1789978438.8411283,6.995945583224111,0.7002736991456348,-0.0008594147318787825
1789978438.9408731,7.021945574055269,0.7002530306035257,-0.0007949440401557872
1789978439.040993,7.04794556608913,0.7002339348419696,-0.0007344524605126247
1789978439.1413546,7.0739455591380604,0.7002162751568594,-0.0006792187352240299
1789978439.2407606,7.099945553045429,0.7001999281163104,-0.0006287323932903099
1789978439.340686,7.125945547714225,0.7001848406538652,-0.0005802870709721298
1789978439.4407046,7.151945543018232,0.7001708907241903,-0.0005365358021500731
1789978439.5409985,7.177945538863631,0.7001579892464939,-0.0004962107191950339
1789978439.641085,7.203945535168977,0.7001460506142492,-0.00045917819623531036
1789978439.7408092,7.229945531869994,0.70013500724403,-0.00042474503678180403
1789978439.8407426,7.255945528918054,0.7001248136267303,-0.00039206222825827197
1789978439.9411368,7.281945526256149,0.7001153887680258,-0.00036249458679016294
1789978440.041489,7.307945523839252,0.7001066659476282,-0.0003354931108168202
1789978440.1418598,7.3339455216343925,0.7000985998694154,-0.0003102337937725963
1789978440.2417424,7.359945519609822,0.7000911375226743,-0.00028701335066383393
1789978440.3410347,7.385945517742906,0.7000842463296211,-0.00026504589948839197
1789978440.4407094,7.411945516012647,0.7000778916166024,-0.0002444120505806779
1789978440.5407925,7.437945514395699,0.7000720187807113,-0.00022587831370568523
1789978440.6408024,7.463945512874098,0.7000665844250986,-0.00020901368660064534
1789978440.7408442,7.48994551143458,0.7000615581087644,-0.0001933198673049752
1789978440.8409615,7.515945510065559,0.7000569107412468,-0.0001787449120294049
1789978440.9413629,7.541945508756428,0.7000526114704022,-0.0001653565777650634
1789978441.0408747,7.567945507498294,0.7000486325348259,-0.00015303598991689427
1789978441.1412795,7.59394550628546,0.700044961528344,-0.00014119256264333302
1789978441.240591,7.619945505109853,0.7000415643947949,-0.00013065898782027574
1789978441.3406713,7.645945503967063,0.7000384284730159,-0.00012061238083482807
1789978441.4406784,7.671945502851646,0.7000355283604468,-0.00011154279544056678
1789978441.540679,7.697945501759658,0.7000328465081469,-0.00010314816934764436
1789978441.6411517,7.72394550068778,0.7000303672783146,-9.535499719426355e-05
1789978441.741317,7.749945499632751,0.700028071532812,-8.829790729736331e-05
1789978441.841581,7.775945498592475,0.7000259494467516,-8.16186977150579e-05
1789978441.9407785,7.801945497564716,0.7000239866855953,-7.549081654500966e-05
1789978442.041169,7.827945496548122,0.7000221778738629,-6.956968462112911e-05
1789978442.1411238,7.853945495540562,0.7000205039378733,-6.438215585280461e-05
1789978442.240449,7.879945494540768,0.7000189553188794,-5.956227121828306e-05
1789978442.3405132,7.905945493547792,0.7000175257534377,-5.49832882654755e-05
1789978442.440628,7.931945492560497,0.7000162035387992,-5.0854411057343896e-05
1789978442.5410547,7.957945491578073,0.7000149808363559,-4.702701879200078e-05
1789978442.641486,7.983945490599761,0.7000138489487496,-4.3534140314882563e-05
1789978442.7408895,8.00994548962499,0.7000128015639283,-4.0284033076432024e-05
1789978442.8415818,8.035945488653354,0.7000118351457452,-3.7169931494052115e-05
1789978442.9407234,8.06194548768428,0.7000109402732337,-3.441817478355703e-05
1789978443.0407064,8.087945486717535,0.7000101158307187,-3.170932866991549e-05
1789978443.140674,8.113945485752678,0.7000093532926883,-2.9328386864424513e-05
1789978443.2407906,8.139945484789436,0.7000086479216169,-2.7129657593327753e-05
1789978443.3405519,8.165945483827574,0.7000079954167172,-2.5096343216901573e-05
1789978443.440711,8.191945482866918,0.7000073928567058,-2.3175385905904733e-05
1789978443.5404031,8.21794548190727,0.7000068354803379,-2.143755339778508e-05
1789978443.6406646,8.243945480948488,0.7000063201344892,-1.982099491382172e-05
1789978443.7402997,8.269945479990444,0.7000058434305405,-1.8334767930117124e-05
1789978443.8406732,8.295945479033044,0.7000054033118358,-1.692764311123085e-05
1789978443.940956,8.321945478076174,0.7000049956776262,-1.5678239407623806e-05
1789978444.0416157,8.347945477119765,0.7000046186696159,-1.4500308617826361e-05
1789978444.1402783,8.373945476163748,0.7000042696582611,-1.3423514139354607e-05
1789978444.2404404,8.39994547520809,0.700003948507872,-1.2351938500465563e-05
1789978444.3399389,8.425945474252718,0.7000036513012937,-1.1431022659991187e-05
1789978444.440326,8.451945473297595,0.7000033769205454,-1.0553106091659714e-05
1789978444.5407202,8.477945472342679,0.7000031227318319,-9.776489338975125e-06
1789978444.640739,8.50394547138794,0.7000028874971903,-9.047486543956039e-06
1789978444.7400916,8.529945470433356,0.7000026700784217,-8.362260639049879e-06
1789978444.8401203,8.555945469478907,0.7000024694498084,-7.716485408426621e-06
1789978444.9411056,8.58194546852457,0.7000022838893885,-7.13693949094818e-06
1789978445.041291,8.607945467570325,0.7000021117496519,-6.620759342546024e-06
1789978445.1406255,8.633945466616163,0.7000019526930288,-6.117562652008247e-06
1789978445.2401814,8.659945465662075,0.7000018060557405,-5.639895909403947e-06
1789978445.340101,8.685945464708048,0.7000016705812271,-5.210558396750996e-06
1789978445.439608,8.711945463754072,0.700001545332705,-4.817251028299552e-06
1789978445.5400655,8.73794546280014,0.7000014296086692,-4.450924615984064e-06
1789978445.640248,8.763945461846244,0.7000013223641597,-4.124788979265048e-06
1789978445.739779,8.789945460892381,0.7000012232425412,-3.812370080069627e-06
1789978445.840006,8.815945459938545,0.7000011317059504,-3.520638240495089e-06
1789978445.9407284,8.841945458984734,0.7000010470127103,-3.2574324291267938e-06
1789978446.0414357,8.867945458030942,0.7000009685465589,-3.017929010251663e-06
1789978446.1411908,8.893945457077166,0.700000895943685,-2.792418332564495e-06
1789978446.2413595,8.919945456123404,0.7000008288285321,-2.581352130270887e-06
1789978446.3412719,8.945945455169655,0.7000007665533151,-2.3952007395244834e-06
1789978446.4407434,8.971945454215916,0.7000007086404564,-2.2274177253756022e-06
1789978446.5410075,8.997945453262187,0.700000654748338,-2.072773862771271e-06
1789978446.6418834,9.023945452308464,0.7000006044549411,-1.9343614878764015e-06
1789978446.741285,9.049945451354747,0.7000005574382743,-1.8083334039076247e-06
1789978446.8418458,9.075945450401035,0.7000005135835821,-1.6867189924774097e-06
1789978446.941057,9.101945376083314,0.7000622786612647,0.002375582232393647
1789978447.0407763,9.127944724495663,0.7002462149063348,0.0070745302357453355
1789978447.1413612,9.153943214730727,0.7005263147209914,0.010773278585888946
1789978447.2412446,9.179940773692937,0.7008825146863786,0.013700427766211831
1789978447.341589,9.20593743168473,0.7012993163979657,0.016031522349708283
1789978447.4407146,9.231933264702203,0.7017647367848503,0.017901740920983844
1789978447.540822,9.257928363360536,0.7022695101522802,0.019415580806576127
1789978447.6414359,9.283922816807559,0.7028064835217128,0.020654291146688483
1789978447.7408185,9.309916704871975,0.7033701622453874,0.02168165040134662
1789978447.8413622,9.332913864779767,0.7038888036553619,0.022548589039847577
1789978447.9410224,9.343414201550976,0.7041256115694722,0.022548589039847577
1789978448.0410554,9.343414201550976,0.7041256115694722,0.022548589039847577
1789978448.1415431,9.343414201550976,0.7041256115694722,0.022548589039847577
1789978448.240854,9.343414201550976,0.7041256115694722,0.022548589039847577
1789978448.3413775,9.343414201550976,0.7041256115694722,0.022548589039847577
1789978448.4411263,9.343414201550976,0.7041256115694722,0.022548589039847577
1789978448.5407536,9.343414201550976,0.7041256115694722,0.022548589039847577
1789978448.6410108,9.343414201550976,0.7041256115694722,0.022548589039847577
1789978448.7408059,9.343414201550976,0.7041256115694722,0.022548589039847577
1789978448.8409305,9.343414201550976,0.7041256115694722,0.022548589039847577
1789978448.9404597,9.343414201550976,0.7041256115694722,0.022548589039847577
1789978449.0405471,9.343414201550976,0.7041256115694722,0.022548589039847577
1789978449.1414948,9.343414201550976,0.7041256115694722,0.022548589039847577
1789978449.240753,9.343414201550976,0.7041256115694722,0.03854858942727767
1789978449.3410668,9.343414201550976,0.7041256115694722,0.0706448569188569
1789978449.4406466,9.343414201550976,0.7041256115694722,0.1186230628977274
1789978449.5406308,9.343414201550976,0.7041256115694722,0.18281249992947313
1789978449.64127,9.343414201550976,0.7041256115694722,0.2629700660000296
1789978449.741065,9.343414201550976,0.7041256115694722,0.3587016194353554
1789978449.8411317,9.343414201550976,0.7041256115694722,0.45870162241558754
1789978449.940973,9.343414201550976,0.7041256115694722,0.5587016253958197
1789978450.040659,9.343414201550976,0.7041256115694722,0.6587016283760518
1789978450.1407716,9.343414201550976,0.7041256115694722,0.7587016313562839
1789978450.2407997,9.343414201550976,0.7041256115694722,0.8587016343365166
1789978450.3413808,9.357778779304276,0.7245867675966716,0.9587016373167492
1789978450.440746,9.370769929324421,0.7471085342139466,1.0475905268679124
1789978450.5412307,9.38171049049223,0.7706946333348775,1.1364794164190748
1789978450.6408157,9.390514075769156,0.7951588283283948,1.2253683059702372
1789978450.7406106,9.397111171750081,0.8203079490889181,1.3142571955213997
1789978450.8408637,9.401449687543504,0.8459434173139997,1.4031460850725619
1789978450.9408922,9.403495366082959,0.8718628144852719,1.4920349746237243
1789978451.0409617,9.40323205462197,0.8978614801718692,1.5809238641748868
1789978451.1409807,9.40066183227668,0.9237341280360656,1.6698127537260488
1789978451.2407327,9.396617783950422,0.9494176952249086,1.726970739592119
1789978451.3407695,9.391928936645298,0.9749914055806268,1.7521287269185022
1789978451.4408689,9.38741517338028,1.0005965982492304,1.7452867140288184
1789978451.541018,9.383899121786525,1.0263577576097678,1.706444702040655
1789978451.6408744,9.38129775522506,1.052227292635002,1.6710165766293832
1789978451.7407138,9.37918440363258,1.0781412598236728,1.6521688548142741
1789978451.8412848,9.377288310189398,1.1040720288069417,1.6437877965385745
1789978451.9410484,9.375438432949766,1.1300061357822595,1.6420056196621342
1789978452.0411146,9.373516032681653,1.155934967757844,1.644802336650221
1789978452.1413937,9.37146343628036,1.1818538180105527,1.6498245808056282
1789978452.2406895,9.369251108009454,1.2077595230584892,1.6559888927957707
1789978452.3416138,9.366876416237451,1.2336508495868252,1.6622580925694397
1789978452.4410214,9.364385961488779,1.2595312975264137,1.6667301349102246
1789978452.5410316,9.361796823279025,1.2854020592805586,1.6705438947065454
1789978452.640915,9.359117698028035,1.3112636570327942,1.674022837145506
1789978452.7409227,9.35634499696681,1.3371153896485013,1.6776418540387137
1789978452.8411162,9.353470916084422,1.362956047718497,1.681564276268958
1789978452.9407887,9.350485948500571,1.3887841316376013,1.6858564857153882
1789978453.0417874,9.34737354565135,1.4145971690201544,1.690791893912731
1789978453.1415894,9.344136275051781,1.4403948439051921,1.6956307152046552
1789978453.2407916,9.340760875113212,1.466174809492129,1.7009868737070555
1789978453.3412118,9.3376595038992,1.4919891746209062,1.6903645381091825
1789978453.4413228,9.33539023751005,1.5178899541548123,1.6581869996844523
1789978453.5408294,9.333555655517266,1.5438251476054248,1.6414158586173055
1789978453.6408935,9.331891699819204,1.5697718468529942,1.6348383931203483
1789978453.7409692,9.330244907556917,1.5957196410878383,1.6341769188868547
1789978453.8412771,9.328504623550712,1.6216613326669678,1.6377804097014217
1789978453.9412117,9.326608960509912,1.6475921331182588,1.6437711984145196
1789978454.040983,9.324517062925542,1.6735078409979491,1.6513409890460526
1789978454.1410847,9.322205160333139,1.6994048496439718,1.6598332550602706
1789978454.2401972,9.319673272278726,1.72528127701115,1.6683312090339815
1789978454.3404887,9.31707188435892,1.751150809888642,1.6710174022468482
1789978454.4404535,9.31440562130344,1.7770137368639074,1.6735255026484586
1789978454.5402977,9.311664132564418,1.8028687980686842,1.6764345729018313
1789978454.640482,9.308834158879382,1.8287143237810959,1.6798575460205534
1789978454.7403252,9.305900134830376,1.8545482443757093,1.6838843005935413
1789978454.8406336,9.30284417455539,1.8803680247234706,1.6886055886040197
1789978454.9405522,9.299649262435196,1.906170979727756,1.6939889340887533
1789978455.040514,9.296299584887967,1.9319543001256125,1.6999891720006932
1789978455.1410797,9.292789872860542,1.9577163239570876,1.7061986160690656
1789978455.2412941,9.289126999985484,1.983457017667827,1.7121462787727582
1789978455.3402228,9.285312181504713,2.0091756317511655,1.7180517279769054
1789978455.4404104,9.282169701251606,2.0349850247751746,1.691957178082573
1789978455.5398786,9.279803443819624,2.060877123496107,1.6619323381448865
1789978455.6396687,9.277790500758941,2.0867990835038572,1.6482947693432453
1789978455.7402596,9.27588747985609,2.112729345011452,1.6440549512619855
1789978455.8402228,9.273940519660028,2.138656344382839,1.645749575387943
1789978455.9401162,9.271841936855497,2.164571511768396,1.6515989518950462
1789978456.0403,9.269536846438085,2.1904691276543513,1.6595702094251992
1789978456.1410098,9.267003193185657,2.21634538224433,1.6683994257117396
1789978456.2403474,9.26423409745364,2.2421975012916318,1.6775023932794815
1789978456.3402004,9.261206970316984,2.268020677930215,1.6874889548162704
1789978456.4404094,9.258141144351743,2.2938392886898935,1.6889876954017913
1789978456.540274,9.25498547654953,2.319647072615117,1.6924681532888446
1789978456.6399944,9.251695839247208,2.3454381221639062,1.697660875296477
1789978456.7416487,9.248240675540384,2.37120751862886,1.7040815271197598
1789978456.8414192,9.244624469881304,2.3969548098852265,1.7103335372864048
1789978456.9413273,9.240821208877158,2.422675135624674,1.7176023611559312
1789978457.040584,9.236832491548373,2.4483673539889956,1.7248167685924807
1789978457.1408648,9.232659318612521,2.474030256748746,1.7320002708344502
1789978457.2410946,9.228316610728884,2.4996650151569373,1.7386100977419652
1789978457.3416638,9.223808985149452,2.5252712890374647,1.7450470143689552
1789978457.4412606,9.219546436880613,2.5509194981886854,1.735483931167309
1789978457.5409737,9.215478509899658,2.576599294147504,1.727900532795374
1789978457.641085,9.211474257142012,2.6022890958256375,1.7254214714973015
1789978457.7409651,9.207443857006233,2.6279748082968624,1.7264393640209708
1789978457.8410907,9.203320492198685,2.6536457610075197,1.7300597147543704
1789978457.941094,9.199072437990312,2.6792963747594682,1.7349188476328523
1789978458.0411923,9.194675301660359,2.7049218531453394,1.740733709697869
1789978458.141164,9.190127234518622,2.7305209749209625,1.7466265961055427
1789978458.2413998,9.18542059522289,2.756091416781611,1.7528244854409962
1789978458.3411562,9.180558612226474,2.781632776803182,1.7589030511204868
1789978458.4411986,9.175541389035065,2.807144096288001,1.7649846013163
1789978458.5414228,9.171186990766437,2.8327768715206427,1.73906615185484
1789978458.641617,9.167749175353205,2.858548588102847,1.7034083444152746
1789978458.740959,9.164742716077962,2.884374179151945,1.6866886313532268
1789978458.8411376,9.161838011629818,2.910211412797943,1.6827494469930206
1789978458.9411492,9.158880125410683,2.936042612141442,1.6848080250893513
1789978459.040985,9.155749416021493,2.9618534356294552,1.691501121734528
1789978459.1414816,9.152382605718861,2.987634524411643,1.7006536906112713
1789978459.2411814,9.148760629822215,3.013381004579096,1.7105576512862724
1789978459.3416853,9.144855784932306,3.0390861040108175,1.7215530821581169
1789978459.440786,9.14068139064624,3.0647488081308705,1.7320478630711122
1789978459.5412743,9.136731569126786,3.0904470349252118,1.7233030318741485
1789978459.6410258,9.132828410610793,3.1161523904763024,1.7214874778401832
1789978459.7412257,9.12882743440112,3.1418427026538254,1.7252939300139225
1789978459.84153,9.124657139874762,3.1675060733204456,1.731888109584597
1789978459.940899,9.120278707592124,3.1931347541517976,1.7400038549204142
1789978460.0411475,9.115658349860297,3.218720927074665,1.7494512566824234
1789978460.1411014,9.110802911979283,3.244263532137433,1.7586468018119013
1789978460.2411716,9.105708047349854,3.269759459357613,1.7680289286647708
1789978460.3407922,9.100379320825352,3.295207536378009,1.7772099993650594
1789978460.4411018,9.094825326426479,3.320607400484461,1.7860703935374298
1789978460.5408454,9.089464787183466,3.346048795285711,1.7784602663938676
1789978460.6410851,9.084274259135098,3.371525419257267,1.7717824510757598
1789978460.7412753,9.079095670461479,3.3970044728063766,1.7713138330488256
1789978460.8410742,9.07381877616753,3.4224633482139715,1.7751736483297105
1789978460.9412775,9.068382579485146,3.447888684318719,1.7814349959364888
1789978461.04128,9.062756545245296,3.473272688911001,1.7889075067586069
1789978461.1409104,9.056926479670208,3.4986106108028827,1.7969525574466942
1789978461.2407296,9.050884069837892,3.5238987351664504,1.8053412438130731
1789978461.3410873,9.04463414282194,3.54913637298587,1.8135555094799756
1789978461.4409778,9.038187184765254,3.574324399550575,1.8213701824418067
1789978461.5411694,9.031948898060826,3.599564917164172,1.8130943075514194
1789978461.6410089,9.025992573364393,3.6248734561682237,1.8019384481704588
1789978461.7409327,9.020102236192193,3.6501974344972052,1.7993319221532698
1789978461.8413274,9.014151281370726,3.6755072366916477,1.8017262770554774
1789978461.9407454,9.00806388523819,3.700784569595547,1.8071205726585147
1789978462.0406463,9.001787451764447,3.726015628496406,1.8146059212035297
1789978462.1408994,8.995306634052907,3.7511949643136737,1.8227146900019404
1789978462.2408597,8.988619354932418,3.776320255324398,1.8309230900130036
1789978462.3407118,8.981720049135173,3.801388153719059,1.8393714639118672
1789978462.4406352,8.974613421579868,3.8263980676573177,1.8476514012313245
1789978462.5404537,8.967306832861413,3.851350296249335,1.8556558656266686
1789978462.6405947,8.959990161342857,3.876299570152567,1.8560599736979029
1789978462.7407465,8.952595403290617,3.901225811420712,1.859191228367182
1789978462.8409736,8.945080775163033,3.9261161773182445,1.8640036734862058
1789978462.9410572,8.937423367954304,3.950962989291788,1.8697449999971119
1789978463.0410695,8.929611423453105,3.9757616479958213,1.8759706149918758
1789978463.140837,8.921640978131498,4.000509818671332,1.8823686138836466
1789978463.2410257,8.913512153981335,4.025206421035719,1.888774884037467
1789978463.3414645,8.905231668990742,4.049852587446127,1.894922101415487
1789978463.4411292,8.896804303871235,4.074448917813713,1.9008876678643538
1789978463.5408456,8.888233315313387,4.098995569429569,1.9067327763063628
1789978463.641199,8.879896666436537,4.123622794931298,1.8972017846179927
1789978463.7409823,8.871631964923164,4.148274258565407,1.894281767319682
1789978463.8413205,8.863325309332398,4.172911616851256,1.895984143867883
1789978463.9410357,8.854922434641432,4.197516324679981,1.899892143077943
1789978464.0409389,8.846383329799837,4.222074085956473,1.9054341674892044
1789978464.1409118,8.837692946270876,4.246578721936803,1.911600935376976
1789978464.2409716,8.828843341222058,4.271026307520842,1.9181060929892402
1789978464.341305,8.819836001497709,4.295416218990527,1.9245656429899674
1789978464.4411283,8.810673420104289,4.319748236017849,1.9309381798950778
1789978464.5408423,8.801358124145061,4.344022197614608,1.937221936240588
1789978464.640893,8.792286290757428,4.368388194195827,1.927211214706098
1789978464.7412918,8.783292729547675,4.392783189731292,1.9240007750799704
1789978464.841438,8.774265112897856,4.417165603230223,1.92539713602679
1789978464.9410965,8.765132978598285,4.441509063821181,1.9296871561201119
1789978465.0412588,8.755854567594112,4.465797148135235,1.9357028508202934
1789978465.141037,8.746415213556752,4.4900231371917485,1.9423377273248335
1789978465.2411537,8.736804723278626,4.5141817469825245,1.9494116942973632
1789978465.341438,8.72701717109351,4.5382691663676,1.9567516190575258
1789978465.440939,8.7170540872991,4.5622845137878345,1.9640497784705655
1789978465.5405679,8.706909843892733,4.586223901334748,1.9716051846386689
1789978465.6408684,8.696850747397889,4.610199191283283,1.9680510827915567
1789978465.740396,8.686771235794108,4.634165905622929,1.9689027412904245
1789978465.8406317,8.676575068149209,4.658083223945978,1.9737751717788912
1789978465.9402843,8.66623738581053,4.68193971728162,1.9796995171455476
1789978466.040299,8.655714985824202,4.70571531504354,1.9874554949922303
1789978466.140671,8.644995253751372,4.729402596328983,1.9957706648034785
1789978466.2408304,8.63406621871266,4.752994038496251,2.0046246093807554
1789978466.3401222,8.622908996129382,4.776478423406998,2.0143190012423133
1789978466.4405193,8.611502339353006,4.799842672412581,2.0249674157349205
1789978466.5401945,8.599843176400645,4.82308194670545,2.03580366532484
1789978466.6413567,8.587896291775897,4.846174627324466,2.048223515704069
1789978466.740036,8.57581554193308,4.869197560101249,2.054029134765062
1789978466.8402426,8.563475450205276,4.892082535228138,2.0653273680357067
1789978466.940253,8.550850366395524,4.914811530129049,2.0778230299351543
1789978467.0400825,8.537886883093185,4.9373492330084225,2.0927741178421115
1789978467.1407993,8.524547184995743,4.959666320745805,2.1095485122052766
1789978467.2400222,8.510801722959009,4.981735807006378,2.1278311864582635
1789978467.340225,8.496594513011917,5.003510910586572,2.1488933445064164
1789978467.4400058,8.481916767627633,5.02497165942819,2.1706584693042377
1789978467.541597,8.46673320083284,5.046077564995045,2.194423437967692
1789978467.6400783,8.451091962410926,5.066846571014539,2.2162815571872336
1789978467.7401047,8.434806449322977,5.087114329002811,2.2476788544205766
1789978467.8402317,8.418003534829682,5.106955246696807,2.2734773979632
1789978467.9401226,8.400728301370988,5.126386310984605,2.297529975428972
1789978468.0403278,8.383020963630859,5.1454244343313515,2.31999398554841
1789978468.1404982,8.364933380620492,5.164101674257316,2.34015724818388
1789978468.2405095,8.346480760847237,5.18241835446724,2.3598915674833396
1789978468.3403397,8.327688199884818,5.200386092301556,2.3786286045906877
1789978468.4408736,8.308571760272784,5.218008852782491,2.3968283896444174
1789978468.5409555,8.28915280148607,5.235297692825965,2.414158537715468
1789978468.6410792,8.269425091925555,5.2522333778107795,2.432200710579547
1789978468.741498,8.24935228983469,5.268758587843632,2.452826596155557
1789978468.8414035,8.228753893100139,5.284623832952832,2.4852774226216408
1789978468.9414067,8.207742640754304,5.299938114694675,2.51175835590044
1789978469.0412574,8.186395849880084,5.314781108657526,2.534010013296995
1789978469.1415083,8.164766445615236,5.329209165406675,2.5533195086864566
1789978469.2408736,8.142896355156358,5.343269716381991,2.570216120138559
1789978469.3412025,8.12078660591168,5.356950320854981,2.5874939025489425
1789978469.4411876,8.098433533843187,5.370229632565669,2.605544123157654
1789978469.541064,8.075851048297807,5.383114945794366,2.6230798301396705
1789978469.6412928,8.05305832917671,5.395624618271126,2.639636545359883
1789978469.7411172,8.029980076381145,5.407599349930452,2.6629592065809105
1789978469.841464,8.006694866111827,5.419166498806582,2.6805408218053906
1789978469.941122,7.983280568087048,5.430470064545577,2.6918291778413383
1789978470.041029,7.959762299402631,5.441555685344453,2.701116689212414
1789978470.1409044,7.936158297607177,5.45245756819326,2.7089149984640803
1789978470.241115,7.912566306992998,5.463385419275217,2.707814556278082
1789978470.341645,7.889055762111857,5.474487411429815,2.7004204626304826
1789978470.4408112,7.865911427511698,5.486333918354846,2.668507334135266
1789978470.540964,7.843072694834762,5.498759385755326,2.6433272007031157
1789978470.6410418,7.8204865594128945,5.511638300193817,2.6233631591422277
1789978470.7408185,7.798108363062835,5.524875228784963,2.607439133442732
1789978470.8410797,7.775901363180828,5.538397399714569,2.594643924675675
1789978470.9408457,7.753835830748909,5.552149207919488,2.5842702142072635
1789978471.0409255,7.731888039284475,5.566088160543076,2.575766276113482
1789978471.1410959,7.710043940138974,5.58017892700812,2.5686976512072404
1789978471.2409725,7.691185138383699,5.592504359160603,2.5627161289674962
1789978471.3411896,7.691185138383699,5.592504359160603,2.5727278608007156
1789978471.4412239,7.691185138383699,5.592504359160603,2.5987174782080373
1789978471.5409448,7.691185138383699,5.592504359160603,2.6406782913131437
1789978471.6411953,7.691185138383699,5.592504359160603,2.698732595436068
1789978471.7413359,7.691185138383699,5.592504359160603,2.77272378086278
1789978471.841379,7.691185138383699,5.592504359160603,2.8627228635472965
1789978471.941135,7.691185138383699,5.592504359160603,2.9627228665275283
1789978472.0408435,7.691185138383699,5.592504359160603,3.0307228687328998
1789978472.1417987,7.691185138383699,5.592504359160603,3.0667228679282372
1789978472.241301,7.691185138383699,5.592504359160603,3.0707228680250953
1789978472.3410065,7.691185138383699,5.592504359160603,3.0707228680250953
1789978472.44076,7.691185138383699,5.592504359160603,3.0707228680250953
1789978472.5413046,7.691185138383699,5.592504359160603,3.0707228680250953
1789978472.6410599,7.691185138383699,5.592504359160603,3.0707228680250953
1789978472.741159,7.691185138383699,5.592504359160603,3.0707228680250953
1789978472.8414311,7.691185138383699,5.592504359160603,3.0707228680250953
1789978472.9412303,7.691185138383699,5.592504359160603,3.0707228680250953
1789978473.0399384,7.691185138383699,5.592504359160603,3.0707228680250953
1789978473.140004,7.691185138383699,5.592504359160603,3.0707228680250953
1789978473.2408466,7.691185138383699,5.592504359160603,3.0707228680250953
1789978473.3418381,7.691185138383699,5.592504359160603,3.0707228680250953
1789978473.4397833,7.691185138383699,5.592504359160603,3.0707228680250953
1789978473.540788,7.691185138383699,5.592504359160603,3.0707228680250953
1789978473.6407328,7.691185138383699,5.592504359160603,3.0707228680250953
1789978473.7406461,7.691185138383699,5.592504359160603,3.0707228680250953
1789978473.8399656,7.691185138383699,5.592504359160603,3.0707228680250953
1789978473.9407375,7.691185138383699,5.592504359160603,3.0707228680250953
1789978474.0400193,7.691185138383699,5.592504359160603,3.0707228680250953
1789978474.1400628,7.691185138383699,5.592504359160603,3.0707228680250953
1789978474.2401054,7.691185138383699,5.592504359160603,3.0707228680250953
1789978474.3402228,7.691185138383699,5.592504359160603,3.0707228680250953
1789978474.4395387,7.691185138383699,5.592504359160603,3.0707228680250953
1789978474.5404465,7.691185138383699,5.592504359160603,3.0707228680250953
1789978474.6406496,7.691185138383699,5.592504359160603,3.0707228680250953
1789978474.7413511,7.691185138383699,5.592504359160603,3.0707228680250953
1789978474.8403368,7.691185138383699,5.592504359160603,3.0707228680250953
1789978474.940741,7.691185138383699,5.592504359160603,3.0707228680250953
1789978475.0407116,7.691185138383699,5.592504359160603,3.0707228680250953
1789978475.1403978,7.691185138383699,5.592504359160603,3.0707228680250953
1789978475.2405734,7.691185138383699,5.592504359160603,3.0707228680250953
1789978475.3407657,7.691185138383699,5.592504359160603,3.0707228680250953
1789978475.4414878,7.691185138383699,5.592504359160603,3.0707228680250953
1789978475.5406477,7.691185138383699,5.592504359160603,3.0707228680250953
1789978475.6399128,7.691185138383699,5.592504359160603,3.0707228680250953
1789978475.7399886,7.691185138383699,5.592504359160603,3.0707228680250953
1789978475.8402994,7.691185138383699,5.592504359160603,3.0707228680250953
1789978475.9403644,7.691185138383699,5.592504359160603,3.0707228680250953
1789978476.0405717,7.691185138383699,5.592504359160603,3.0707228680250953
1789978476.1415615,7.691185138383699,5.592504359160603,3.0707228680250953
1789978476.2406626,7.691185138383699,5.592504359160603,3.0707228680250953
1789978476.340316,7.691185138383699,5.592504359160603,3.0707228680250953
1789978476.4403365,7.691185138383699,5.592504359160603,3.0707228680250953
1789978476.5402763,7.691185138383699,5.592504359160603,3.0707228680250953
1789978476.6403859,7.691185138383699,5.592504359160603,3.0707228680250953
1789978476.7405834,7.691185138383699,5.592504359160603,3.0707228680250953
1789978476.8402057,7.691185138383699,5.592504359160603,3.0707228680250953
1789978476.9411154,7.691185138383699,5.592504359160603,3.0707228680250953
1789978477.0396397,7.691185138383699,5.592504359160603,3.0707228680250953
1789978477.1405075,7.691185138383699,5.592504359160603,3.0707228680250953
1789978477.2402625,7.691185138383699,5.592504359160603,3.0707228680250953
1789978477.3402507,7.691185138383699,5.592504359160603,3.0707228680250953
1789978477.440284,7.691185138383699,5.592504359160603,3.0707228680250953
1789978477.5407906,7.691185138383699,5.592504359160603,3.0707228680250953
1789978477.639551,7.691185138383699,5.592504359160603,3.0707228680250953
1789978477.7406142,7.691185138383699,5.592504359160603,3.0707228680250953
1789978477.840734,7.691185138383699,5.592504359160603,3.0707228680250953
1789978477.9407518,7.691185138383699,5.592504359160603,3.0707228680250953
1789978478.041537,7.691185138383699,5.592504359160603,3.0707228680250953
1789978478.1404576,7.691185138383699,5.592504359160603,3.0707228680250953
1789978478.2404487,7.691185138383699,5.592504359160603,3.0707228680250953
1789978478.340261,7.691185138383699,5.592504359160603,3.0707228680250953
1789978478.4399939,7.691185138383699,5.592504359160603,3.0707228680250953
1789978478.5399294,7.691185138383699,5.592504359160603,3.0707228680250953
1789978478.6400423,7.691185138383699,5.592504359160603,3.0707228680250953
1789978478.7398858,7.691185138383699,5.592504359160603,3.0707228680250953
1789978478.8397152,7.691185138383699,5.592504359160603,3.0707228680250953
1789978478.940686,7.691185138383699,5.592504359160603,3.0707228680250953
1789978479.0403771,7.691185138383699,5.592504359160603,3.0707228680250953
1789978479.140549,7.691185138383699,5.592504359160603,3.0707228680250953
1789978479.2401583,7.691185138383699,5.592504359160603,3.0707228680250953
1789978479.3403273,7.691185138383699,5.592504359160603,3.0707228680250953
1789978479.4401946,7.691185138383699,5.592504359160603,3.0707228680250953
1789978479.5401423,7.691185138383699,5.592504359160603,3.0707228680250953
1789978479.6398087,7.691185138383699,5.592504359160603,3.0707228680250953
1789978479.740631,7.691185138383699,5.592504359160603,3.0707228680250953
1789978479.8406944,7.691185138383699,5.592504359160603,3.0707228680250953
1789978479.940672,7.691185138383699,5.592504359160603,3.0707228680250953
1789978480.0406454,7.691185138383699,5.592504359160603,3.0707228680250953
1789978480.1404533,7.691185138383699,5.592504359160603,3.0707228680250953
1789978480.2405176,7.691185138383699,5.592504359160603,3.0707228680250953
1789978480.3403485,7.691185138383699,5.592504359160603,3.0707228680250953
1789978480.4403102,7.691185138383699,5.592504359160603,3.0707228680250953
1789978480.5410712,7.691185138383699,5.592504359160603,3.0707228680250953
1789978480.6399872,7.691185138383699,5.592504359160603,3.0707228680250953
1789978480.7402177,7.691185138383699,5.592504359160603,3.0707228680250953
1789978480.839948,7.691185138383699,5.592504359160603,3.0707228680250953
1789978480.9400597,7.691185138383699,5.592504359160603,3.0707228680250953
1789978481.0407662,7.691185138383699,5.592504359160603,3.0707228680250953
1789978481.1407292,7.691185138383699,5.592504359160603,3.0707228680250953
1789978481.2400894,7.691185138383699,5.592504359160603,3.0707228680250953
1789978481.339915,7.691185138383699,5.592504359160603,3.0707228680250953
1789978481.4399693,7.691185138383699,5.592504359160603,3.0707228680250953
1789978481.540262,7.691185138383699,5.592504359160603,3.0707228680250953
1789978481.6400292,7.691185138383699,5.592504359160603,3.0707228680250953
1789978481.7398639,7.691185138383699,5.592504359160603,3.0707228680250953
1789978481.8408208,7.691185138383699,5.592504359160603,3.0707228680250953
1789978481.9417143,7.691185138383699,5.592504359160603,3.0707228680250953
1789978482.0419376,7.691185138383699,5.592504359160603,3.0707228680250953
1789978482.139825,7.691185138383699,5.592504359160603,3.0707228680250953
1789978482.240834,7.691185138383699,5.592504359160603,3.0707228680250953
1789978482.340988,7.691185138383699,5.592504359160603,3.0707228680250953
1789978482.4400654,7.691185138383699,5.592504359160603,3.0707228680250953
1789978482.5402012,7.691185138383699,5.592504359160603,3.0707228680250953
1789978482.6403208,7.691185138383699,5.592504359160603,3.0707228680250953
1789978482.7409058,7.691185138383699,5.592504359160603,3.0707228680250953
1789978482.8409677,7.691185138383699,5.592504359160603,3.0707228680250953
1789978482.9405575,7.691185138383699,5.592504359160603,3.0707228680250953
1789978483.041655,7.691185138383699,5.592504359160603,3.0707228680250953
1789978483.1418316,7.691185138383699,5.592504359160603,3.0707228680250953
1789978483.2409186,7.691185138383699,5.592504359160603,3.0707228680250953
1789978483.3407445,7.691185138383699,5.592504359160603,3.0707228680250953
1789978483.4409475,7.691185138383699,5.592504359160603,3.0707228680250953
1789978483.5410109,7.691185138383699,5.592504359160603,3.0707228680250953
1789978483.6402287,7.691185138383699,5.592504359160603,3.0707228680250953
1789978483.7414925,7.691185138383699,5.592504359160603,3.0707228680250953
1789978483.841772,7.691185138383699,5.592504359160603,3.0707228680250953
1789978483.9421191,7.691185138383699,5.592504359160603,3.0707228680250953
1789978484.0400822,7.691185138383699,5.592504359160603,3.0707228680250953
1789978484.1401749,7.691185138383699,5.592504359160603,3.0707228680250953
1789978484.240026,7.691185138383699,5.592504359160603,3.0707228680250953
1789978484.3398414,7.691185138383699,5.592504359160603,3.0707228680250953
1789978484.439877,7.691185138383699,5.592504359160603,3.0707228680250953
1789978484.539906,7.691185138383699,5.592504359160603,3.0707228680250953
1789978484.6398923,7.691185138383699,5.592504359160603,3.0707228680250953
1789978484.7398055,7.691185138383699,5.592504359160603,3.0707228680250953
1789978484.840013,7.691185138383699,5.592504359160603,3.0707228680250953
1789978484.939695,7.691185138383699,5.592504359160603,3.0707228680250953
1789978485.0406616,7.691185138383699,5.592504359160603,3.0707228680250953
1789978485.1406538,7.691185138383699,5.592504359160603,3.0707228680250953
1789978485.2406547,7.691185138383699,5.592504359160603,3.0707228680250953
1789978485.3405392,7.691185138383699,5.592504359160603,3.0707228680250953
1789978485.4415483,7.691185138383699,5.592504359160603,3.0707228680250953
1789978485.5405805,7.691185138383699,5.592504359160603,3.0707228680250953
1789978485.6408825,7.691185138383699,5.592504359160603,3.0707228680250953
1789978485.7401175,7.691185138383699,5.592504359160603,3.0707228680250953
1789978485.84009,7.691185138383699,5.592504359160603,3.0707228680250953
1789978485.940284,7.691185138383699,5.592504359160603,3.0707228680250953
1789978486.0401902,7.691185138383699,5.592504359160603,3.0707228680250953
1789978486.1400986,7.691185138383699,5.592504359160603,3.0707228680250953
1789978486.240472,7.691185138383699,5.592504359160603,3.0707228680250953
1789978486.3413618,7.691185138383699,5.592504359160603,3.0707228680250953
1789978486.4403849,7.691185138383699,5.592504359160603,3.0707228680250953
1789978486.540466,7.691185138383699,5.592504359160603,3.0707228680250953
1789978486.640383,7.691185138383699,5.592504359160603,3.0707228680250953
1789978486.740466,7.691185138383699,5.592504359160603,3.0707228680250953
1789978486.8404486,7.691185138383699,5.592504359160603,3.0707228680250953
1789978486.9405515,7.691185138383699,5.592504359160603,3.0707228680250953
1789978487.0405152,7.691185138383699,5.592504359160603,3.0707228680250953
1789978487.1416528,7.691185138383699,5.592504359160603,3.0707228680250953
1789978487.240449,7.691185138383699,5.592504359160603,3.0707228680250953
1789978487.3402495,7.691185138383699,5.592504359160603,3.0707228680250953
1789978487.4403386,7.691185138383699,5.592504359160603,3.0707228680250953
1789978487.5404067,7.691185138383699,5.592504359160603,3.0707228680250953
1789978487.6420379,7.691185138383699,5.592504359160603,3.0707228680250953
1789978487.7404802,7.691185138383699,5.592504359160603,3.0707228680250953
1789978487.8406212,7.691185138383699,5.592504359160603,3.0707228680250953
1789978487.9408412,7.691185138383699,5.592504359160603,3.0707228680250953
1789978488.0417776,7.691185138383699,5.592504359160603,3.0707228680250953
1789978488.1399434,7.691185138383699,5.592504359160603,3.0707228680250953
1789978488.240267,7.691185138383699,5.592504359160603,3.0707228680250953
1789978488.3401217,7.691185138383699,5.592504359160603,3.0707228680250953
1789978488.4402156,7.691185138383699,5.592504359160603,3.0707228680250953
1789978488.540149,7.691185138383699,5.592504359160603,3.0707228680250953
1789978488.6403623,7.691185138383699,5.592504359160603,3.0707228680250953
1789978488.74059,7.691185138383699,5.592504359160603,3.0707228680250953
1789978488.8403392,7.691185138383699,5.592504359160603,3.0707228680250953
1789978488.9402606,7.691185138383699,5.592504359160603,3.0707228680250953
1789978489.040221,7.691185138383699,5.592504359160603,3.0707228680250953
1789978489.140192,7.691185138383699,5.592504359160603,3.0707228680250953
1789978489.2402356,7.691185138383699,5.592504359160603,3.0707228680250953
1789978489.3400965,7.691185138383699,5.592504359160603,3.0707228680250953
1789978489.4399247,7.691185138383699,5.592504359160603,3.0707228680250953
1789978489.539926,7.691185138383699,5.592504359160603,3.0707228680250953
1789978489.64031,7.691185138383699,5.592504359160603,3.0707228680250953
1789978489.739971,7.691185138383699,5.592504359160603,3.0707228680250953
1789978489.8401897,7.691185138383699,5.592504359160603,3.0707228680250953
1789978489.9406111,7.691185138383699,5.592504359160603,3.0707228680250953
1789978490.040743,7.691185138383699,5.592504359160603,3.0707228680250953
1789978490.1418803,7.691185138383699,5.592504359160603,3.0707228680250953
1789978490.2407818,7.691185138383699,5.592504359160603,3.0707228680250953
1789978490.339989,7.691185138383699,5.592504359160603,3.0707228680250953
1789978490.4400918,7.691185138383699,5.592504359160603,3.0707228680250953
1789978490.5400517,7.691185138383699,5.592504359160603,3.0707228680250953
1789978490.6407409,7.691185138383699,5.592504359160603,3.0707228680250953
1789978490.7404387,7.691185138383699,5.592504359160603,3.0707228680250953
1789978490.840302,7.691185138383699,5.592504359160603,3.0707228680250953
1789978490.940449,7.691185138383699,5.592504359160603,3.0707228680250953
1789978491.0402784,7.691185138383699,5.592504359160603,3.0707228680250953
1789978491.1402502,7.691185138383699,5.592504359160603,3.0707228680250953
1789978491.2401974,7.691185138383699,5.592504359160603,3.0707228680250953
1789978491.3397226,7.691185138383699,5.592504359160603,3.0707228680250953
1789978491.4406931,7.691185138383699,5.592504359160603,3.0707228680250953
1789978491.5416045,7.691185138383699,5.592504359160603,3.0707228680250953
1789978491.6415334,7.691185138383699,5.592504359160603,3.0707228680250953
1789978491.7405915,7.691185138383699,5.592504359160603,3.0707228680250953
1789978491.8407114,7.691185138383699,5.592504359160603,3.0707228680250953
1789978491.9408646,7.691185138383699,5.592504359160603,3.0707228680250953
1789978492.0403044,7.691185138383699,5.592504359160603,3.0707228680250953
1789978492.1403198,7.691185138383699,5.592504359160603,3.0707228680250953
1789978492.2401953,7.691185138383699,5.592504359160603,3.0707228680250953
1789978492.3404524,7.691185138383699,5.592504359160603,3.0707228680250953
1789978492.4407191,7.691185138383699,5.592504359160603,3.0707228680250953
1789978492.54045,7.691185138383699,5.592504359160603,3.0707228680250953
1789978492.6402287,7.691185138383699,5.592504359160603,3.0707228680250953
1789978492.7412362,7.691185138383699,5.592504359160603,3.0707228680250953
1789978492.840378,7.691185138383699,5.592504359160603,3.0707228680250953
1789978492.940116,7.691185138383699,5.592504359160603,3.0707228680250953
1789978493.0402024,7.691185138383699,5.592504359160603,3.0707228680250953
1789978493.1407235,7.691185138383699,5.592504359160603,3.0707228680250953
1789978493.2407799,7.691185138383699,5.592504359160603,3.0707228680250953
1789978493.3407242,7.691185138383699,5.592504359160603,3.0707228680250953
1789978493.4406571,7.691185138383699,5.592504359160603,3.0707228680250953
1789978493.5416784,7.691185138383699,5.592504359160603,3.0707228680250953
1789978493.640792,7.691185138383699,5.592504359160603,3.0707228680250953
1789978493.7407367,7.691185138383699,5.592504359160603,3.0707228680250953
1789978493.8407547,7.691185138383699,5.592504359160603,3.0707228680250953
1789978493.9405499,7.691185138383699,5.592504359160603,3.0707228680250953
1789978494.0405438,7.691185138383699,5.592504359160603,3.0707228680250953
1789978494.140266,7.691185138383699,5.592504359160603,3.0707228680250953
1789978494.2401984,7.691185138383699,5.592504359160603,3.0707228680250953
1789978494.3401606,7.691185138383699,5.592504359160603,3.0707228680250953
1789978494.4403377,7.691185138383699,5.592504359160603,3.0707228680250953
1789978494.5401807,7.691185138383699,5.592504359160603,3.0707228680250953
1789978494.6402287,7.691185138383699,5.592504359160603,3.0707228680250953
1789978494.739876,7.691185138383699,5.592504359160603,3.0707228680250953
1789978494.8399463,7.691185138383699,5.592504359160603,3.0707228680250953
1789978494.9408407,7.691185138383699,5.592504359160603,3.0707228680250953
1789978495.0414865,7.691185138383699,5.592504359160603,3.0707228680250953
1789978495.14063,7.691185138383699,5.592504359160603,3.0707228680250953
1789978495.240689,7.691185138383699,5.592504359160603,3.0707228680250953
1789978495.3397813,7.691185138383699,5.592504359160603,3.0707228680250953
1789978495.4397757,7.691185138383699,5.592504359160603,3.0707228680250953
1789978495.5396464,7.691185138383699,5.592504359160603,3.0707228680250953
1789978495.6406348,7.691185138383699,5.592504359160603,3.0707228680250953
1789978495.739716,7.691185138383699,5.592504359160603,3.0707228680250953
1789978495.840361,7.691185138383699,5.592504359160603,3.0707228680250953
1789978495.9415383,7.691185138383699,5.592504359160603,3.0707228680250953
1789978496.0402644,7.691185138383699,5.592504359160603,3.0707228680250953
1789978496.1403923,7.691185138383699,5.592504359160603,3.0707228680250953
1789978496.2403822,7.691185138383699,5.592504359160603,3.0707228680250953
1789978496.3403196,7.691185138383699,5.592504359160603,3.0707228680250953
1789978496.4406738,7.691185138383699,5.592504359160603,3.0707228680250953
1789978496.5410073,7.691185138383699,5.592504359160603,3.0707228680250953
1789978496.6409123,7.691185138383699,5.592504359160603,3.0707228680250953
1789978496.7415562,7.691185138383699,5.592504359160603,3.0707228680250953
1789978496.8407605,7.678720767320459,5.593447467848856,3.0660721925196954
1789978496.9418554,7.652790996376075,5.5953571613270725,3.0680766989586665
1789978497.0401373,7.626831046813138,5.596799717772658,3.0860812057850673
1789978497.1406157,7.600845999245964,5.597681337498273,3.107677700102122
1789978497.240326,7.574849500079199,5.598107930373668,3.125184498458893
1789978497.3405027,7.5488495019493,5.598101027172369,-3.14132714583467
1789978497.4405625,7.522852939592192,5.597678302649858,-3.125333301116929
1789978497.5402312,7.496866844078072,5.596828131878794,-3.108887946744666
1789978497.6409838,7.470899701482017,5.595521435355086,-3.0913139121134137
1789978497.739993,7.444959019143179,5.5937661717838605,-3.0740311273832175
1789978497.8410728,7.4190599977630995,5.5914769269382605,-3.053430608798966
1789978497.9404836,7.393205655921967,5.588728662327487,-3.035692332451448
1789978498.0403316,7.367415723185299,5.585430280929432,-3.0143890616942497
1789978498.1398711,7.34170339804643,5.5815733020129645,-2.9926977557588668
1789978498.240246,7.31608624920171,5.577127895903687,-2.9697713015128224
1789978498.3400533,7.290574767046727,5.572111499920023,-2.9474368040908425
1789978498.4406822,7.265190900418843,5.566484843237167,-2.9234569524873346
1789978498.5406072,7.239946739557919,5.560261315874272,-2.8998793785918804
1789978498.6415563,7.214865308600108,5.553411369048385,-2.874985995655164
1789978498.7415526,7.189956326157467,5.545958682010737,-2.8508729321409314
1789978498.841559,7.165245870126193,5.537872068805234,-2.8253227969158736
1789978498.941457,7.140712454419513,5.529263267252626,-2.8041153346646874
1789978499.0413468,7.116388770714656,5.520078586450606,-2.7805424009908286
1789978499.1407819,7.0922999662580635,5.510294443654175,-2.7557788995553105
1789978499.2418191,7.068476429057659,5.499881037599002,-2.7295131375540347
1789978499.3425796,7.044914887619729,5.488887688906377,-2.705036500607833
1789978499.4424424,7.021640126291389,5.4772995296255536,-2.679638312523469
1789978499.5425,6.998675012577247,5.465109225999085,-2.653595408563718
1789978499.6406434,6.976026727052264,5.452339922447686,-2.62820949829112
1789978499.7422116,6.9537265838346265,5.438971917253125,-2.6015715820242016
1789978499.8421552,6.931725801920084,5.425116754115952,-2.5795793411780443
1789978499.941382,6.910105627669245,5.410674870036225,-2.5526800883461083
1789978500.0415452,6.888863411224421,5.395682598996779,-2.526999919628009
1789978500.1420124,6.867980862791734,5.380193276178612,-2.503401985530957
1789978500.2416773,6.847443051260481,5.364249680350954,-2.481468096141919
1789978500.341775,6.827248377478365,5.347873627675085,-2.460234891389712
1789978500.4411936,6.807379776936201,5.331103455854116,-2.4405606915701474
1789978500.5410976,6.787837684810745,5.313953919832137,-2.4213094448197925
1789978500.6416757,6.768610732024274,5.296451798904783,-2.4031209552187764
1789978500.7415345,6.749683445773158,5.278626037053539,-2.3861564883489454
1789978500.8414545,6.731061338972819,5.260481696648727,-2.3691883893210735
1789978500.941266,6.71273239262626,5.24204126074732,-2.3531623692710246
1789978501.0414116,6.694732133010743,5.2232798481090645,-2.3354923774946776
1789978501.14129,6.677024971520303,5.2042415608341965,-2.3199847278643695
1789978501.2410202,6.659587319390342,5.184956119729482,-2.3059200776268094
1789978501.341329,6.642396241582305,5.165450561695759,-2.293207283084497
1789978501.4412093,6.625427656415186,5.145751143738997,-2.281857180361852
1789978501.5410872,6.6086692667415,5.125872604407502,-2.2712354337323757
1789978501.6419306,6.592106017788899,5.105831178945647,-2.2614589137483687
1789978501.74134,6.575717060626737,5.0856469763717085,-2.25279325912635
1789978501.8416686,6.559500168562385,5.065324270789476,-2.2442977174643723
1789978501.9417639,6.543435799312265,5.044880787940296,-2.236814942722425
1789978502.0425746,6.528116162364837,5.023873439839978,-2.200885521386966
1789978502.139988,6.5132829333922855,5.002519862419396,-2.1779215944458095
1789978502.2419648,6.498749081732536,4.980961404535276,-2.163968750973448
1789978502.3421855,6.484416643169626,4.959268521940993,-2.1546552065287083
1789978502.4416225,6.4702052036181685,4.937496178560361,-2.1490875971962065
1789978502.5419915,6.4560660243854295,4.915676839408283,-2.1457722742569
1789978502.6406238,6.441969203500714,4.893830109873792,-2.143832171288535
1789978502.7422974,6.427893559300623,4.87196973039947,-2.142863144352317
1789978502.8423004,6.413829556159958,4.850101859765402,-2.1423307169570887
1789978502.9416325,6.399766751327379,4.8282332185033185,-2.1422759202651047
1789978503.041719,6.386056840354594,4.806141629797948,-2.126221123465087
1789978503.1416411,6.372642394102568,4.783869391873562,-2.1129012466750403
1789978503.2412162,6.359377728360391,4.761507625548935,-2.106189774104144
1789978503.3414488,6.346168752343048,4.73911291851843,-2.103701209124859
1789978503.4415255,6.332966098999428,4.716714483414674,-2.103418903692375
1789978503.541951,6.319734084699869,4.694333380939926,-2.104730259428482
1789978503.6420712,6.306454028402964,4.6719807512252824,-2.106878167797561
1789978503.7412422,6.2931140245572275,4.649663846247113,-2.1095622124492484
1789978503.8416567,6.279706279109825,4.627387573838413,-2.112600414861675
1789978503.9417884,6.266234844482199,4.605149759209216,-2.1154619421220677
1789978504.041586,6.25293305890849,4.582810053504798,-2.107850561604585
1789978504.1402578,6.23970079856789,4.560429096494708,-2.1047412527135867
1789978504.2397802,6.2264711912871835,4.538046571132114,-2.104622715917515
1789978504.341408,6.2132149396546845,4.515679815822843,-2.105813543937268
1789978504.4408975,6.1999200564622505,4.493336001660787,-2.1075416163272283
1789978504.541406,6.18656096192939,4.4710305192927455,-2.110417867518129
1789978504.641494,6.173137456330019,4.448763740274832,-2.113308051667275
1789978504.7415905,6.159644725698974,4.426538840488174,-2.1164198684237023
1789978504.8415604,6.146083499702031,4.404355668941509,-2.1195046820408723
1789978504.9414701,6.1324560561513595,4.3822131141502885,-2.1224924505419156
1789978505.0412536,6.11876571792857,4.36010939071385,-2.1253353847852967
1789978505.1415303,6.105515037105844,4.3377393346535005,-2.1055644958010933
1789978505.2416816,6.0924957615424224,4.315233815014696,-2.0952513931981347
1789978505.341084,6.079563773872455,4.292678025396224,-2.0913772144085785
1789978505.4412606,6.066631121114784,4.27012261710778,-2.091406700998789
1789978505.5413,6.053651626606982,4.247594131301342,-2.0934846818039774
1789978505.6419468,6.040595659855983,4.225109877197508,-2.0968824829498884
1789978505.7412226,6.027450498661214,4.202677652885763,-2.100854046602046
1789978505.8413455,6.014203750953327,4.180305267550878,-2.105388684436923
1789978505.9415896,6.0008600153945215,4.157990593640072,-2.1097294354403973
1789978506.0408807,5.987419720248113,4.13573394481806,-2.114062240958458
1789978506.1417341,5.974189472677943,4.113351797922801,-2.1046513228269874
1789978506.2414527,5.961053273182467,4.090914324508355,-2.100454592198378
1789978506.3416698,5.947917670694517,4.068476501581709,-2.1004279847962724
1789978506.4414809,5.934738226388284,4.046064402211328,-2.1023830296246278
1789978506.5416577,5.921484631540021,4.023696072501512,-2.1056947653887734
1789978506.641472,5.908145271149909,4.001378782908201,-2.1095333800425693
1789978506.7411902,5.89471135077224,3.979118285750784,-2.113775844849454
1789978506.8414025,5.881181517856216,3.956915953177979,-2.1180901177002056
1789978506.941337,5.867560165846475,3.9347696505557432,-2.1222173682188554
1789978507.0407481,5.853849263095922,3.9126786773727025,-2.1262660179993076
1789978507.1398246,5.840384794731701,3.8904366441455482,-2.1151487097850006
1789978507.2408834,5.827023831307234,3.8681322811916554,-2.1105016558205647
1789978507.3410554,5.813693229658041,3.8458097587069657,-2.10914096168782
1789978507.4407272,5.800327183440402,3.8235084412813767,-2.1107295547386573
1789978507.5400844,5.786894252780585,3.801247346872128,-2.1137313847204613
1789978507.639879,5.773375387587942,3.779038334415198,-2.1175962023211587
1789978507.7402837,5.759766506188316,3.7568843664306617,-2.1216543644441237
1789978507.8407407,5.746068052154322,3.7347856717296732,-2.1257025959676077
1789978507.941379,5.732279328639969,3.712743188787553,-2.1297926252482404
1789978508.0416305,5.7184032043363775,3.6907556212840698,-2.133762671775924
1789978508.1401217,5.704441339222534,3.6688223982434,-2.1376670050209334
1789978508.2407286,5.6902851119474755,3.6470141158776146,-2.1465537993943267
1789978508.3405743,5.675994626961154,3.6252935728534483,-2.1527224604746276
1789978508.440404,5.661607572038449,3.603636874096251,-2.1571750154493325
1789978508.5407708,5.647148523838113,3.58202817502506,-2.160502996459412
1789978508.6400552,5.632634438006391,3.5604564049799676,-2.163052186067956
1789978508.740814,5.6180749649819,3.5389152421594963,-2.165157687734621
1789978508.8408973,5.603479122359309,3.517398705994363,-2.1668470297248983
1789978508.939898,5.588850923385594,3.495904154470911,-2.168351588049712
1789978509.0402722,5.574193272460609,3.4744296761356814,-2.1697224333656897
1789978509.1403913,5.559510346677681,3.4529724712650105,-2.170899878699141
1789978509.240532,5.545133285360465,3.4313091368427675,-2.1567136305158905
1789978509.3404183,5.530916865816432,3.4095400448599356,-2.14931634448077
1789978509.439859,5.516770070193127,3.3877256431032667,-2.1461213798036747
1789978509.5404558,5.502632740403708,3.36590510560223,-2.1456875149284436
1789978509.639687,5.48847858099345,3.3440954810800623,-2.1464589821531384
1789978509.7403588,5.4742806537438,3.322314323805423,-2.1484671051039306
1789978509.8405688,5.460035042685975,3.30056432343765,-2.1506578940323497
1789978509.9395163,5.445733265323685,3.2788512141557336,-2.1532424432582165
1789978510.0401514,5.431371238626581,3.257177909387872,-2.1560197779334094
1789978510.1413922,5.416954109538607,3.2355412197318816,-2.158564334305277
1789978510.2415657,5.402829408003549,3.2137125056846805,-2.145108890848508
1789978510.341449,5.388977831644901,3.1917094653768165,-2.1326466179809476
1789978510.441372,5.375237137351815,3.1696370103535783,-2.1276151677018906
1789978510.5411832,5.361507781427607,3.1475575009315975,-2.127101561171742
1789978510.6416304,5.34773085211178,3.1255076444913477,-2.1292576480431427
1789978510.7415593,5.333878668149434,3.10350498670002,-2.1326742327546646
1789978510.8418102,5.319925835893715,3.081566016294536,-2.1372552244698575
1789978510.9414177,5.305868762164649,3.0596936906617973,-2.1420138728579454
1789978511.0416272,5.291702164780784,3.0378921432632207,-2.1470293852275186
1789978511.141716,5.277431701467201,3.0161584406972834,-2.151800954598742
1789978511.241831,5.263060496241827,2.994491220968414,-2.156443332020002
1789978511.3420832,5.249091129346746,2.9725627750827712,-2.1380090704893644
1789978511.4420497,5.235301248582977,2.9505210161028264,-2.1298451269751366
1789978511.5423625,5.221556865965292,2.928450857588044,-2.1277822771815535
1789978511.6402395,5.207778037153883,2.906402188081817,-2.1293437958469568
1789978511.7414117,5.193899360249185,2.88441623170544,-2.1338787689579606
1789978511.8413012,5.179927572011898,2.862489328507283,-2.138119494519937
1789978511.9417188,5.1658360821644065,2.84063915998878,-2.1435881705729245
1789978512.04126,5.151622750247249,2.8188680519273683,-2.149174515694189
1789978512.141597,5.137285433820729,2.7971783929144935,-2.1548800833297848
1789978512.2416272,5.122833021393293,2.775565255117398,-2.160195939965355
1789978512.3422425,5.108362258647038,2.753964399209576,-2.161045216606739
1789978512.4421089,5.093843404319005,2.7323958383069495,-2.163273255131948
1789978512.5419025,5.079252969086993,2.710875635005182,-2.1665957378929432
1789978512.6403625,5.0645810616664315,2.689410894544338,-2.170386464778143
1789978512.7422204,5.049820150674599,2.668007262677289,-2.1745388707851943
1789978512.8426914,5.034986346594748,2.64665408476557,-2.1779485272949515
1789978512.9421833,5.020074947693991,2.625355020625767,-2.1815870105994817
1789978513.0420282,5.005091313901191,2.6041067108395226,-2.184982511471766
1789978513.1406913,4.990044525427893,2.5829030765508265,-2.1879578585511026
1789978513.2420118,4.9749428314041495,2.5617385121087657,-2.1905496855040965
1789978513.3420641,4.9599257745689895,2.5405138105933496,-2.1865563596373376
1789978513.441436,4.9449428845392625,2.5192649763484773,-2.184947508504423
1789978513.5413363,4.929970310883602,2.4980088716127837,-2.1844620884985617
1789978513.6401973,4.914999246240085,2.4767517040251543,-2.184391098331993
1789978513.7420683,4.900028388734743,2.4554943905551117,-2.18438135397338
1789978513.8414328,4.885060725459276,2.4342348278483867,-2.1842310969386873
1789978513.94146,4.870110152195306,2.41296324329322,-2.183427450120884
1789978514.041227,4.855185014898019,2.3916738039613334,-2.1822321798321487
1789978514.14036,4.840298485370456,2.370357350479717,-2.180419859676126
1789978514.2415347,4.825463375238897,2.349005079926133,-2.1780096928723784
1789978514.3414247,4.810842644230836,2.327505447947914,-2.168004193822357
1789978514.4418764,4.796395124214711,2.3058890394628624,-2.159969594249937
1789978514.541618,4.782073233987592,2.2841891912898613,-2.1541690266825886
1789978514.6404917,4.767847431370022,2.2624262298577658,-2.149747432502422
1789978514.7422101,4.75369669721335,2.2406143827732996,-2.146301937768671
1789978514.8418171,4.739601583386577,2.218766551837043,-2.143754035341057
1789978514.9421983,4.725557810323861,2.196885683742476,-2.1414058867976693
1789978515.0420275,4.7115597154530136,2.174975565294697,-2.1393196960580227
1789978515.1408117,4.697604269453931,2.1530382574066347,-2.1373743659951416
1789978515.2420845,4.683689580991368,2.131075074681931,-2.1355175519031167
1789978515.34216,4.669809010728199,2.109090313605718,-2.1339648880199222
1789978515.4412272,4.656263002533576,2.0868978461358725,-2.118818819163802
1789978515.5415962,4.64290538923883,2.0645914766984905,-2.1103514619306356
1789978515.6403248,4.629653351394462,2.0422222245120545,-2.1056251593068867
1789978515.7421067,4.616441955597194,2.0198289449064037,-2.1038092639897643
1789978515.84223,4.603248187115911,1.9974252750357946,-2.1030222766934585
1789978515.9406145,4.590043123051846,1.9750282610948053,-2.103526536074436
1789978516.0419784,4.576810861549402,1.95264730477163,-2.104741304625726
1789978516.1402597,4.5635527702567344,1.930281639888058,-2.1058957956982467
1789978516.242207,4.5502581102445685,1.9079376929321183,-2.1075316278980734
1789978516.3422647,4.536932719760974,1.8856120592598427,-2.1089075291780444
1789978516.4419622,4.523979938595421,1.8630682039886999,-2.0922993278382034
1789978516.5422192,4.5112017022797515,1.8404249571572526,-2.084573938350162
1789978516.6398945,4.498480510153206,1.8177496132505233,-2.082056465583822
1789978516.7423463,4.48572719379177,1.7950923214398484,-2.08347373281323
1789978516.8424737,4.472935110799616,1.7724568942706789,-2.0851855585602728
1789978516.9405231,4.460055205339089,1.7498713239715515,-2.0890696992417483
1789978517.0414748,4.447066396237645,1.727348207212649,-2.093898189558616
1789978517.1418076,4.43398295568298,1.704879928825966,-2.0981048301113456
1789978517.2416227,4.420798647045305,1.6824706906382125,-2.1026000838977903
1789978517.3416333,4.407513099609311,1.6601213242101707,-2.1071238453751118
1789978517.4421928,4.394028145200898,1.6378917053422735,-2.1160700177093656
1789978517.5426974,4.380406172038246,1.615745784779675,-2.1222454161634356
1789978517.640932,4.3666868466099675,1.5936600414097555,-2.126647335502288
1789978517.7405918,4.352893557335644,1.5716204152467788,-2.129999773229441
1789978517.8423004,4.3390444525468785,1.5496158192050717,-2.132534293389848
1789978517.9418023,4.325152473875262,1.5276382652238782,-2.134483896546966
1789978518.04159,4.3112232207759345,1.5056843166381724,-2.1361808300269454
1789978518.139785,4.2972628209151695,1.483750160941258,-2.137600201253748
1789978518.2414334,4.283273724792209,1.461834295909927,-2.1389090379485545
1789978518.3413143,4.269261771774732,1.4399330374290777,-2.1399523237971274
1789978518.4415169,4.255247840765195,1.418033044550794,-2.1400426404889124
1789978518.541542,4.241167520741063,1.396175676492701,-2.1430770540017083
1789978518.6402829,4.226953561302914,1.374404978123112,-2.149203339532335
1789978518.7414615,4.212556441788949,1.352754968882709,-2.1576398206281855
1789978518.8406093,4.197663456529574,1.3314430252718374,-2.1807227437722876
1789978518.9396677,4.182384398483373,1.3104061449035465,-2.1989552260714964
1789978519.0405555,4.166802334056466,1.2895927064897565,-2.213435454421063
1789978519.140588,4.150980374811571,1.2689610425708715,-2.2250118350017267
1789978519.2405415,4.134966635998692,1.2484778758322577,-2.2343407401222186
1789978519.339528,4.118797871289455,1.2281168592027705,-2.2419317917305426
1789978519.4396765,4.102502135906118,1.207857319259198,-2.248183319099565
1789978519.5397902,4.086896667801584,1.1886622647740808,-2.2534104968759614
1789978519.6408174,4.07329822987901,1.1720862316067604,-2.2578336461785633
1789978519.7417157,4.067488264884523,1.165291264954061,-2.278208823442777
1789978519.840832,4.067488264884523,1.165291264954061,-2.3143992728892164
1789978519.94076,4.067488264884523,1.165291264954061,-2.3665897227230865
1789978520.0406034,4.067488264884523,1.165291264954061,-2.434840775221904
1789978520.141271,4.067488264884523,1.165291264954061,-2.5190918303433256
1789978520.2404456,4.067488264884523,1.165291264954061,-2.6188340462151367
1789978520.3404965,4.067488264884523,1.165291264954061,-2.718834049195369
1789978520.4407074,4.067488264884523,1.165291264954061,-2.818834052175601
1789978520.541602,4.067488264884523,1.165291264954061,-2.902834052533229
1789978520.6395617,4.067488264884523,1.165291264954061,-2.9548340521159964
1789978520.7403917,4.067488264884523,1.165291264954061,-2.9748340531590776
1789978520.8398733,4.067488264884523,1.165291264954061,-2.9748340531590776
1789978520.9397275,4.067488264884523,1.165291264954061,-2.9748340531590776
1789978521.040395,4.067488264884523,1.165291264954061,-2.9748340531590776
1789978521.140439,4.067488264884523,1.165291264954061,-2.9748340531590776
1789978521.2403555,4.067488264884523,1.165291264954061,-2.9748340531590776
1789978521.341266,4.067488264884523,1.165291264954061,-2.9748340531590776
1789978521.4419007,4.067488264884523,1.165291264954061,-2.9748340531590776
1789978521.540464,4.067488264884523,1.165291264954061,-2.9748340531590776
1789978521.6405332,4.067488264884523,1.165291264954061,-2.9748340531590776
1789978521.7412257,4.067488264884523,1.165291264954061,-2.9748340531590776
1789978521.840947,4.067488264884523,1.165291264954061,-2.9748340531590776
1789978521.9410357,4.067488264884523,1.165291264954061,-2.9748340531590776
1789978522.0406163,4.067488264884523,1.165291264954061,-2.9748340531590776
1789978522.140513,4.067488264884523,1.165291264954061,-2.9748340531590776
1789978522.2407446,4.067488264884523,1.165291264954061,-2.9748340531590776
1789978522.339712,4.067488264884523,1.165291264954061,-2.9748340531590776
1789978522.4406247,4.067488264884523,1.165291264954061,-2.9748340531590776
1789978522.5408013,4.067488264884523,1.165291264954061,-2.9748340531590776
1789978522.6397605,4.067488264884523,1.165291264954061,-2.9748340531590776
1789978522.741402,4.067488264884523,1.165291264954061,-2.9748340531590776
1789978522.8415477,4.067488264884523,1.165291264954061,-2.9748340531590776
1789978522.9409788,4.067488264884523,1.165291264954061,-2.9748340531590776
1789978523.0405617,4.067488264884523,1.165291264954061,-2.9748340531590776
1789978523.1414113,4.067488264884523,1.165291264954061,-2.9748340531590776
1789978523.2405233,4.067488264884523,1.165291264954061,-2.9748340531590776
1789978523.340519,4.067488264884523,1.165291264954061,-2.9748340531590776
1789978523.440897,4.067488264884523,1.165291264954061,-2.9748340531590776
1789978523.5411923,4.067488264884523,1.165291264954061,-2.9748340531590776
1789978523.6402023,4.067488264884523,1.165291264954061,-2.9748340531590776
1789978523.7401912,4.067488264884523,1.165291264954061,-2.9748340531590776
1789978523.8400922,4.067488264884523,1.165291264954061,-2.9748340531590776
1789978523.9401898,4.067488264884523,1.165291264954061,-2.9748340531590776
1789978524.0415053,4.067488264884523,1.165291264954061,-2.9748340531590776
1789978524.1417074,4.067488264884523,1.165291264954061,-2.9748340531590776
1789978524.2409122,4.067488264884523,1.165291264954061,-2.9748340531590776
1789978524.3395815,4.067488264884523,1.165291264954061,-2.9748340531590776
1789978524.4407625,4.067488264884523,1.165291264954061,-2.9748340531590776
1789978524.5418327,4.067488264884523,1.165291264954061,-2.9748340531590776
1789978524.6401424,4.067488264884523,1.165291264954061,-2.9748340531590776
1789978524.7407742,4.067488264884523,1.165291264954061,-2.9748340531590776
1789978524.8399699,4.067488264884523,1.165291264954061,-2.9748340531590776
1789978524.9404147,4.067488264884523,1.165291264954061,-2.9748340531590776
1789978525.0408108,4.067488264884523,1.165291264954061,-2.9748340531590776
1789978525.1399715,4.067488264884523,1.165291264954061,-2.9748340531590776
1789978525.2408335,4.067488264884523,1.165291264954061,-2.9748340531590776
1789978525.3401864,4.067488264884523,1.165291264954061,-2.9748340531590776
1789978525.4402843,4.067488264884523,1.165291264954061,-2.9748340531590776
1789978525.5400987,4.067488264884523,1.165291264954061,-2.9748340531590776
1789978525.6400073,4.067488264884523,1.165291264954061,-2.9748340531590776
1789978525.7401738,4.067488264884523,1.165291264954061,-2.9748340531590776
1789978525.8399873,4.067488264884523,1.165291264954061,-2.9748340531590776
1789978525.9406712,4.067488264884523,1.165291264954061,-2.9748340531590776
1789978526.0425699,4.067488264884523,1.165291264954061,-2.9748340531590776
1789978526.1411192,4.067488264884523,1.165291264954061,-2.9748340531590776
1789978526.240837,4.067488264884523,1.165291264954061,-2.9748340531590776
1789978526.341027,4.067488264884523,1.165291264954061,-2.9748340531590776
1789978526.4407978,4.067488264884523,1.165291264954061,-2.9748340531590776
1789978526.5413232,4.067488264884523,1.165291264954061,-2.9748340531590776
1789978526.6401687,4.067488264884523,1.165291264954061,-2.9748340531590776
1789978526.740329,4.067488264884523,1.165291264954061,-2.9748340531590776
1789978526.8403323,4.067488264884523,1.165291264954061,-2.9748340531590776
