t,x,y,yaw
1789997085.116837,4.661194599371432,5.511859388387324,-2.698043472642433
1789997085.2161722,4.661194599371432,5.511859388387324,-2.698043472642433
1789997085.3171775,4.661194599371432,5.511859388387324,-2.698043472642433
1789997085.4175003,4.661194599371432,5.511859388387324,-2.698043472642433
1789997085.5166702,4.661194599371432,5.511859388387324,-2.698043472642433
1789997085.6162755,4.661194599371432,5.511859388387324,-2.698043472642433
1789997085.7161508,4.661194599371432,5.511859388387324,-2.698043472642433
1789997085.81699,4.661194599371432,5.511859388387324,-2.698043472642433
1789997085.916033,4.661194599371432,5.511859388387324,-2.698043472642433
1789997086.0167289,4.661194599371432,5.511859388387324,-2.698043472642433
1789997086.117284,4.661194599371432,5.511859388387324,-2.698043472642433
1789997086.2162063,4.661194599371432,5.511859388387324,-2.698043472642433
1789997086.3161106,4.661194599371432,5.511859388387324,-2.698043472642433
1789997086.4162364,4.661194599371432,5.511859388387324,-2.698043472642433
1789997086.516583,4.661194599371432,5.511859388387324,-2.698043472642433
1789997086.617033,4.661194599371432,5.511859388387324,-2.698043472642433
1789997086.7170663,4.661194599371432,5.511859388387324,-2.698043472642433
1789997086.8166947,4.661194599371432,5.511859388387324,-2.698043472642433
1789997086.9168162,4.661194599371432,5.511859388387324,-2.698043472642433
1789997087.017056,4.661194599371432,5.511859388387324,-2.698043472642433
1789997087.1168,4.661194599371432,5.511859388387324,-2.698043472642433
1789997087.2166376,4.661194599371432,5.511859388387324,-2.698043472642433
1789997087.316951,4.661194599371432,5.511859388387324,-2.698043472642433
1789997087.4166102,4.661194599371432,5.511859388387324,-2.698043472642433
1789997087.517776,4.661194599371432,5.511859388387324,-2.698043472642433
1789997087.6171904,4.661194599371432,5.511859388387324,-2.698043472642433
1789997087.7162058,4.661194599371432,5.511859388387324,-2.698043472642433
1789997087.8161862,4.661194599371432,5.511859388387324,-2.698043472642433
1789997087.9159577,4.661194599371432,5.511859388387324,-2.698043472642433
1789997088.0168056,4.661194599371432,5.511859388387324,-2.698043472642433
1789997088.1166563,4.661194599371432,5.511859388387324,-2.698043472642433
1789997088.216922,4.661194599371432,5.511859388387324,-2.698043472642433
1789997088.3163753,4.661194599371432,5.511859388387324,-2.698043472642433
1789997088.4163506,4.661194599371432,5.511859388387324,-2.698043472642433
1789997088.5162942,4.661194599371432,5.511859388387324,-2.698043472642433
1789997088.6159499,4.661194599371432,5.511859388387324,-2.698043472642433
1789997088.7158985,4.661194599371432,5.511859388387324,-2.698043472642433
1789997088.8170817,4.661194599371432,5.511859388387324,-2.698043472642433
1789997088.9169862,4.661194599371432,5.511859388387324,-2.698043472642433
1789997089.0166328,4.661194599371432,5.511859388387324,-2.698043472642433
1789997089.117715,4.661194599371432,5.511859388387324,-2.698043472642433
1789997089.2165122,4.661194599371432,5.511859388387324,-2.698043472642433
1789997089.31654,4.661194599371432,5.511859388387324,-2.698043472642433
1789997089.4166274,4.661194599371432,5.511859388387324,-2.698043472642433
1789997089.516077,4.661194599371432,5.511859388387324,-2.698043472642433
1789997089.6167634,4.661194599371432,5.511859388387324,-2.698043472642433
1789997089.7162511,4.661194599371432,5.511859388387324,-2.698043472642433
1789997089.8162959,4.661194599371432,5.511859388387324,-2.698043472642433
1789997089.916798,4.661194599371432,5.511859388387324,-2.698043472642433
1789997090.017728,4.661194599371432,5.511859388387324,-2.698043472642433
1789997090.1168795,4.661194599371432,5.511859388387324,-2.698043472642433
1789997090.2169328,4.661194599371432,5.511859388387324,-2.698043472642433
1789997090.3168557,4.661194599371432,5.511859388387324,-2.698043472642433
1789997090.4166749,4.661194599371432,5.511859388387324,-2.698043472642433
1789997090.517262,4.661194599371432,5.511859388387324,-2.698043472642433
1789997090.6174042,4.661194599371432,5.511859388387324,-2.698043472642433
1789997090.7169418,4.661194599371432,5.511859388387324,-2.698043472642433
1789997090.8171067,4.661194599371432,5.511859388387324,-2.698043472642433
1789997090.9178665,4.661194599371432,5.511859388387324,-2.698043472642433
1789997091.0173247,4.661194599371432,5.511859388387324,-2.698043472642433
1789997091.1161418,4.661194599371432,5.511859388387324,-2.698043472642433
1789997091.2161915,4.661194599371432,5.511859388387324,-2.698043472642433
1789997091.3165383,4.661194599371432,5.511859388387324,-2.698043472642433
1789997091.4179294,4.661194599371432,5.511859388387324,-2.698043472642433
1789997091.5164874,4.661194599371432,5.511859388387324,-2.698043472642433
1789997091.616217,4.661194599371432,5.511859388387324,-2.698043472642433
1789997091.7165177,4.661194599371432,5.511859388387324,-2.698043472642433
1789997091.817406,4.661194599371432,5.511859388387324,-2.698043472642433
1789997091.916456,4.661194599371432,5.511859388387324,-2.698043472642433
1789997092.016341,4.661194599371432,5.511859388387324,-2.698043472642433
1789997092.116372,4.661194599371432,5.511859388387324,-2.698043472642433
1789997092.215935,4.661194599371432,5.511859388387324,-2.698043472642433
1789997092.3168697,4.661194599371432,5.511859388387324,-2.698043472642433
1789997092.4158285,4.661194599371432,5.511859388387324,-2.698043472642433
1789997092.517074,4.661194599371432,5.511859388387324,-2.698043472642433
1789997092.6159415,4.661194599371432,5.511859388387324,-2.698043472642433
1789997092.7171023,4.661194599371432,5.511859388387324,-2.698043472642433
1789997092.8167746,4.661194599371432,5.511859388387324,-2.698043472642433
1789997092.91655,4.661194599371432,5.511859388387324,-2.698043472642433
1789997093.0160773,4.661194599371432,5.511859388387324,-2.698043472642433
1789997093.1169326,4.661194599371432,5.511859388387324,-2.698043472642433
1789997093.2171006,4.661194599371432,5.511859388387324,-2.698043472642433
1789997093.3174994,4.661194599371432,5.511859388387324,-2.698043472642433
1789997093.4160414,4.661194599371432,5.511859388387324,-2.698043472642433
1789997093.5160844,4.661194599371432,5.511859388387324,-2.698043472642433
1789997093.6159506,4.661194599371432,5.511859388387324,-2.698043472642433
1789997093.7168226,4.661194599371432,5.511859388387324,-2.698043472642433
1789997093.8166926,4.661194599371432,5.511859388387324,-2.698043472642433
1789997093.915918,4.661194599371432,5.511859388387324,-2.698043472642433
1789997094.016018,4.661194599371432,5.511859388387324,-2.698043472642433
1789997094.1160884,4.661194599371432,5.511859388387324,-2.698043472642433
1789997094.21721,4.661194599371432,5.511859388387324,-2.698043472642433
1789997094.3159823,4.661194599371432,5.511859388387324,-2.698043472642433
1789997094.4157639,4.661194599371432,5.511859388387324,-2.698043472642433
1789997094.5168068,4.661194599371432,5.511859388387324,-2.698043472642433
1789997094.6163046,4.661194599371432,5.511859388387324,-2.698043472642433
1789997094.716112,4.661194599371432,5.511859388387324,-2.698043472642433
1789997094.8160703,4.661194599371432,5.511859388387324,-2.698043472642433
1789997094.9168077,4.661194599371432,5.511859388387324,-2.698043472642433
1789997095.017383,4.661194599371432,5.511859388387324,-2.698043472642433
1789997095.117406,4.661194599371432,5.511859388387324,-2.698043472642433
1789997095.2168734,4.661194599371432,5.511859388387324,-2.698043472642433
1789997095.316471,4.661194599371432,5.511859388387324,-2.698043472642433
1789997095.4167309,4.661194599371432,5.511859388387324,-2.698043472642433
1789997095.5175312,4.661194599371432,5.511859388387324,-2.698043472642433
1789997095.6174035,4.661194599371432,5.511859388387324,-2.698043472642433
1789997095.716214,4.661194599371432,5.511859388387324,-2.698043472642433
1789997095.8161097,4.661194599371432,5.511859388387324,-2.698043472642433
1789997095.915845,4.661194599371432,5.511859388387324,-2.698043472642433
1789997096.0171056,4.661194599371432,5.511859388387324,-2.698043472642433
1789997096.1160104,4.661194599371432,5.511859388387324,-2.698043472642433
1789997096.2172477,4.661194599371432,5.511859388387324,-2.698043472642433
1789997096.3162956,4.661194599371432,5.511859388387324,-2.698043472642433
1789997096.4161446,4.661194599371432,5.511859388387324,-2.698043472642433
1789997096.516376,4.661194599371432,5.511859388387324,-2.698043472642433
1789997096.6164067,4.661194599371432,5.511859388387324,-2.698043472642433
1789997096.7172272,4.661194599371432,5.511859388387324,-2.698043472642433
1789997096.8164253,4.661194599371432,5.511859388387324,-2.698043472642433
1789997096.916099,4.661194599371432,5.511859388387324,-2.698043472642433
1789997097.0163524,4.661194599371432,5.511859388387324,-2.698043472642433
1789997097.116273,4.661194599371432,5.511859388387324,-2.698043472642433
1789997097.2161179,4.661194599371432,5.511859388387324,-2.698043472642433
1789997097.3157501,4.661194599371432,5.511859388387324,-2.698043472642433
1789997097.4165583,4.661194599371432,5.511859388387324,-2.698043472642433
1789997097.5177054,4.661194599371432,5.511859388387324,-2.698043472642433
1789997097.616836,4.661194599371432,5.511859388387324,-2.698043472642433
1789997097.7159476,4.661194599371432,5.511859388387324,-2.698043472642433
1789997097.8159585,4.661194599371432,5.511859388387324,-2.698043472642433
1789997097.916852,4.661194599371432,5.511859388387324,-2.698043472642433
1789997098.0171223,4.661194599371432,5.511859388387324,-2.698043472642433
1789997098.116206,4.661194599371432,5.511859388387324,-2.698043472642433
1789997098.2160988,4.661194599371432,5.511859388387324,-2.698043472642433
1789997098.3159473,4.661194599371432,5.511859388387324,-2.698043472642433
1789997098.4165835,4.661194599371432,5.511859388387324,-2.698043472642433
1789997098.5166113,4.661194599371432,5.511859388387324,-2.698043472642433
1789997098.6170888,4.661194599371432,5.511859388387324,-2.698043472642433
1789997098.7160196,4.661194599371432,5.511859388387324,-2.698043472642433
1789997098.817089,4.661194599371432,5.511859388387324,-2.698043472642433
1789997098.917144,4.661194599371432,5.511859388387324,-2.698043472642433
1789997099.016219,4.661194599371432,5.511859388387324,-2.698043472642433
1789997099.115926,4.661194599371432,5.511859388387324,-2.698043472642433
1789997099.2161005,4.661194599371432,5.511859388387324,-2.698043472642433
1789997099.3160064,4.661194599371432,5.511859388387324,-2.698043472642433
1789997099.4161606,4.661194599371432,5.511859388387324,-2.698043472642433
1789997099.5166378,4.661194599371432,5.511859388387324,-2.698043472642433
1789997099.6165202,4.661194599371432,5.511859388387324,-2.698043472642433
1789997099.7166839,4.661194599371432,5.511859388387324,-2.698043472642433
1789997099.8178368,4.661194599371432,5.511859388387324,-2.698043472642433
1789997099.9161196,4.661194599371432,5.511859388387324,-2.698043472642433
1789997100.016419,4.661194599371432,5.511859388387324,-2.698043472642433
1789997100.1162329,4.661194599371432,5.511859388387324,-2.698043472642433
1789997100.2160108,4.661194599371432,5.511859388387324,-2.698043472642433
1789997100.3172028,4.661194599371432,5.511859388387324,-2.698043472642433
1789997100.4157445,4.661194599371432,5.511859388387324,-2.698043472642433
1789997100.5162878,4.661194599371432,5.511859388387324,-2.698043472642433
1789997100.616015,4.661194599371432,5.511859388387324,-2.698043472642433
1789997100.715912,4.661194599371432,5.511859388387324,-2.698043472642433
1789997100.8171203,4.661194599371432,5.511859388387324,-2.698043472642433
1789997100.9172242,4.661194599371432,5.511859388387324,-2.698043472642433
1789997101.0163298,4.661194599371432,5.511859388387324,-2.698043472642433
1789997101.116344,4.661194599371432,5.511859388387324,-2.698043472642433
1789997101.2165737,4.661194599371432,5.511859388387324,-2.698043472642433
1789997101.3166044,4.661194599371432,5.511859388387324,-2.698043472642433
1789997101.41666,4.661194599371432,5.511859388387324,-2.698043472642433
1789997101.5172691,4.661194599371432,5.511859388387324,-2.698043472642433
1789997101.6164103,4.661194599371432,5.511859388387324,-2.698043472642433
1789997101.716511,4.661194599371432,5.511859388387324,-2.698043472642433
1789997101.816499,4.661194599371432,5.511859388387324,-2.698043472642433
1789997101.9174712,4.661194599371432,5.511859388387324,-2.698043472642433
1789997102.01656,4.661194599371432,5.511859388387324,-2.698043472642433
1789997102.116303,4.661194599371432,5.511859388387324,-2.698043472642433
1789997102.216349,4.661194599371432,5.511859388387324,-2.698043472642433
1789997102.316154,4.661194599371432,5.511859388387324,-2.698043472642433
1789997102.4163222,4.661194599371432,5.511859388387324,-2.698043472642433
1789997102.5163193,4.661194599371432,5.511859388387324,-2.698043472642433
1789997102.6169343,4.661194599371432,5.511859388387324,-2.698043472642433
1789997102.7166693,4.661194599371432,5.511859388387324,-2.698043472642433
1789997102.8168075,4.661194599371432,5.511859388387324,-2.698043472642433
1789997102.9163556,4.661194599371432,5.511859388387324,-2.698043472642433
1789997103.0161633,4.661194599371432,5.511859388387324,-2.698043472642433
1789997103.116846,4.661194599371432,5.511859388387324,-2.698043472642433
1789997103.2164285,4.661194599371432,5.511859388387324,-2.698043472642433
1789997103.3160827,4.661194599371432,5.511859388387324,-2.698043472642433
1789997103.416667,4.661194599371432,5.511859388387324,-2.698043472642433
1789997103.516672,4.661194599371432,5.511859388387324,-2.698043472642433
1789997103.6165316,4.661194599371432,5.511859388387324,-2.698043472642433
1789997103.7163785,4.661194599371432,5.511859388387324,-2.698043472642433
1789997103.816058,4.661194599371432,5.511859388387324,-2.698043472642433
1789997103.9163437,4.661194599371432,5.511859388387324,-2.698043472642433
1789997104.0161731,4.661194599371432,5.511859388387324,-2.698043472642433
1789997104.1165195,4.661194599371432,5.511859388387324,-2.698043472642433
1789997104.2167437,4.661194599371432,5.511859388387324,-2.698043472642433
1789997104.3172956,4.661194599371432,5.511859388387324,-2.698043472642433
1789997104.415867,4.661194599371432,5.511859388387324,-2.698043472642433
1789997104.5160708,4.661194599371432,5.511859388387324,-2.698043472642433
1789997104.6162987,4.661194599371432,5.511859388387324,-2.698043472642433
1789997104.716583,4.661194599371432,5.511859388387324,-2.698043472642433
1789997104.8168418,4.661194599371432,5.511859388387324,-2.698043472642433
1789997104.9165041,4.661194599371432,5.511859388387324,-2.698043472642433
1789997105.0165815,4.661194599371432,5.511859388387324,-2.698043472642433
1789997105.116394,4.661194599371432,5.511859388387324,-2.698043472642433
1789997105.2164724,4.661194599371432,5.511859388387324,-2.698043472642433
1789997105.316216,4.661194599371432,5.511859388387324,-2.698043472642433
1789997105.416131,4.661194599371432,5.511859388387324,-2.698043472642433
1789997105.516119,4.661194599371432,5.511859388387324,-2.698043472642433
1789997105.6170008,4.661194599371432,5.511859388387324,-2.698043472642433
1789997105.7179441,4.661194599371432,5.511859388387324,-2.698043472642433
1789997105.8182447,4.661194599371432,5.511859388387324,-2.698043472642433
1789997105.9160385,4.661194599371432,5.511859388387324,-2.698043472642433
1789997106.016231,4.661194599371432,5.511859388387324,-2.698043472642433
1789997106.1162772,4.661194599371432,5.511859388387324,-2.698043472642433
1789997106.2170827,4.661194599371432,5.511859388387324,-2.698043472642433
1789997106.317971,4.661194599371432,5.511859388387324,-2.698043472642433
1789997106.4167657,4.661194599371432,5.511859388387324,-2.698043472642433
1789997106.5167613,4.661194599371432,5.511859388387324,-2.698043472642433
1789997106.6169379,4.661194599371432,5.511859388387324,-2.698043472642433
1789997106.7169018,4.661194599371432,5.511859388387324,-2.698043472642433
1789997106.8160212,4.661194599371432,5.511859388387324,-2.698043472642433
1789997106.9169438,4.661194599371432,5.511859388387324,-2.698043472642433
1789997107.015986,4.661194599371432,5.511859388387324,-2.698043472642433
1789997107.1162276,4.661194599371432,5.511859388387324,-2.698043472642433
1789997107.2167325,4.661194599371432,5.511859388387324,-2.698043472642433
1789997107.3170688,4.661194599371432,5.511859388387324,-2.698043472642433
1789997107.4157665,4.661194599371432,5.511859388387324,-2.698043472642433
1789997107.5176034,4.661194599371432,5.511859388387324,-2.698043472642433
1789997107.6171942,4.661194599371432,5.511859388387324,-2.698043472642433
1789997107.7164257,4.661194599371432,5.511859388387324,-2.698043472642433
1789997107.81603,4.661194599371432,5.511859388387324,-2.698043472642433
1789997107.9160552,4.661194599371432,5.511859388387324,-2.698043472642433
1789997108.0162122,4.661194599371432,5.511859388387324,-2.698043472642433
1789997108.1158502,4.661194599371432,5.511859388387324,-2.698043472642433
1789997108.2162988,4.661194599371432,5.511859388387324,-2.698043472642433
1789997108.3163283,4.661194599371432,5.511859388387324,-2.698043472642433
1789997108.415952,4.661194599371432,5.511859388387324,-2.698043472642433
1789997108.5162406,4.661194599371432,5.511859388387324,-2.698043472642433
1789997108.6159184,4.661194599371432,5.511859388387324,-2.698043472642433
1789997108.7159047,4.661194599371432,5.511859388387324,-2.698043472642433
1789997108.8164155,4.661194599371432,5.511859388387324,-2.698043472642433
1789997108.9170287,4.661194599371432,5.511859388387324,-2.698043472642433
1789997109.016822,4.661194599371432,5.511859388387324,-2.698043472642433
1789997109.1176596,4.661194599371432,5.511859388387324,-2.698043472642433
1789997109.217115,4.661194599371432,5.511859388387324,-2.698043472642433
1789997109.3168948,4.661194599371432,5.511859388387324,-2.698043472642433
1789997109.4165337,4.661194599371432,5.511859388387324,-2.698043472642433
1789997109.516673,4.661194599371432,5.511859388387324,-2.698043472642433
1789997109.616927,4.661194599371432,5.511859388387324,-2.698043472642433
1789997109.7168412,4.661194599371432,5.511859388387324,-2.698043472642433
1789997109.8178222,4.661194599371432,5.511859388387324,-2.698043472642433
1789997109.916954,4.661194599371432,5.511859388387324,-2.698043472642433
1789997110.0175607,4.661194599371432,5.511859388387324,-2.698043472642433
1789997110.1166475,4.661194599371432,5.511859388387324,-2.698043472642433
1789997110.2181113,4.661194599371432,5.511859388387324,-2.698043472642433
1789997110.3173738,4.661194599371432,5.511859388387324,-2.698043472642433
1789997110.4164164,4.661194599371432,5.511859388387324,-2.698043472642433
1789997110.5161457,4.661194599371432,5.511859388387324,-2.698043472642433
1789997110.6160138,4.661194599371432,5.511859388387324,-2.698043472642433
1789997110.7164378,4.661194599371432,5.511859388387324,-2.698043472642433
1789997110.816201,4.661194599371432,5.511859388387324,-2.698043472642433
1789997110.9159763,4.661194599371432,5.511859388387324,-2.698043472642433
1789997111.0159216,4.661194599371432,5.511859388387324,-2.698043472642433
1789997111.1166537,4.661194599371432,5.511859388387324,-2.698043472642433
1789997111.217894,4.661194599371432,5.511859388387324,-2.698043472642433
1789997111.315886,4.661194599371432,5.511859388387324,-2.698043472642433
1789997111.4156644,4.661194599371432,5.511859388387324,-2.698043472642433
1789997111.5160131,4.661194599371432,5.511859388387324,-2.698043472642433
1789997111.6170962,4.661194599371432,5.511859388387324,-2.698043472642433
1789997111.7158954,4.661194599371432,5.511859388387324,-2.698043472642433
1789997111.817184,4.661194599371432,5.511859388387324,-2.698043472642433
1789997111.9160173,4.661194599371432,5.511859388387324,-2.698043472642433
1789997112.0169926,4.661194599371432,5.511859388387324,-2.698043472642433
1789997112.1160793,4.661194599371432,5.511859388387324,-2.698043472642433
1789997112.2163382,4.661194599371432,5.511859388387324,-2.698043472642433
1789997112.3162735,4.661194599371432,5.511859388387324,-2.698043472642433
1789997112.4161625,4.661194599371432,5.511859388387324,-2.698043472642433
1789997112.5164194,4.661194599371432,5.511859388387324,-2.698043472642433
1789997112.6162734,4.661194599371432,5.511859388387324,-2.698043472642433
1789997112.7159395,4.661194599371432,5.511859388387324,-2.698043472642433
1789997112.8162212,4.661194599371432,5.511859388387324,-2.698043472642433
1789997112.9159007,4.661194599371432,5.511859388387324,-2.698043472642433
1789997113.0167234,4.661194599371432,5.511859388387324,-2.698043472642433
1789997113.1165645,4.661194599371432,5.511859388387324,-2.698043472642433
1789997113.2163498,4.661194599371432,5.511859388387324,-2.698043472642433
1789997113.316405,4.661194599371432,5.511859388387324,-2.698043472642433
1789997113.4158897,4.661194599371432,5.511859388387324,-2.698043472642433
1789997113.5163195,4.661194599371432,5.511859388387324,-2.698043472642433
1789997113.6160917,4.661194599371432,5.511859388387324,-2.698043472642433
1789997113.7161515,4.661194599371432,5.511859388387324,-2.698043472642433
1789997113.8162158,4.661194599371432,5.511859388387324,-2.698043472642433
1789997113.9160502,4.661194599371432,5.511859388387324,-2.698043472642433
1789997114.0166767,4.661194599371432,5.511859388387324,-2.698043472642433
1789997114.1167529,4.661194599371432,5.511859388387324,-2.698043472642433
1789997114.2178655,4.661194599371432,5.511859388387324,-2.698043472642433
1789997114.3168955,4.661194599371432,5.511859388387324,-2.698043472642433
1789997114.4160235,4.661194599371432,5.511859388387324,-2.698043472642433
1789997114.5167825,4.661194599371432,5.511859388387324,-2.698043472642433
1789997114.617362,4.661194599371432,5.511859388387324,-2.698043472642433
1789997114.7162704,4.661194599371432,5.511859388387324,-2.698043472642433
1789997114.8163698,4.661194599371432,5.511859388387324,-2.698043472642433
1789997114.9163642,4.661194599371432,5.511859388387324,-2.698043472642433
1789997115.0165217,4.661194599371432,5.511859388387324,-2.698043472642433
1789997115.1166794,4.661194599371432,5.511859388387324,-2.698043472642433
1789997115.216563,4.661194599371432,5.511859388387324,-2.698043472642433
1789997115.3164873,4.661194599371432,5.511859388387324,-2.698043472642433
1789997115.4166257,4.661194599371432,5.511859388387324,-2.698043472642433
1789997115.5178185,4.661194599371432,5.511859388387324,-2.698043472642433
1789997115.6179452,4.661194599371432,5.511859388387324,-2.698043472642433
1789997115.7183073,4.661194599371432,5.511859388387324,-2.698043472642433
1789997115.8175404,4.661194599371432,5.511859388387324,-2.698043472642433
1789997115.9176152,4.661194599371432,5.511859388387324,-2.698043472642433
1789997116.0166457,4.661194599371432,5.511859388387324,-2.698043472642433
1789997116.1166062,4.661194599371432,5.511859388387324,-2.698043472642433
1789997116.218149,4.661194599371432,5.511859388387324,-2.698043472642433
1789997116.316091,4.661194599371432,5.511859388387324,-2.698043472642433
1789997116.416352,4.661194599371432,5.511859388387324,-2.698043472642433
1789997116.5164547,4.661194599371432,5.511859388387324,-2.698043472642433
1789997116.6164458,4.661194599371432,5.511859388387324,-2.698043472642433
1789997116.716479,4.661194599371432,5.511859388387324,-2.698043472642433
1789997116.8175516,4.661194599371432,5.511859388387324,-2.698043472642433
1789997116.9169571,4.661194599371432,5.511859388387324,-2.698043472642433
1789997117.0169926,4.661194599371432,5.511859388387324,-2.698043472642433
1789997117.1166236,4.661194599371432,5.511859388387324,-2.698043472642433
1789997117.2168646,4.661194599371432,5.511859388387324,-2.698043472642433
1789997117.3167315,4.661194599371432,5.511859388387324,-2.698043472642433
1789997117.41643,4.661194599371432,5.511859388387324,-2.698043472642433
1789997117.5169837,4.661194599371432,5.511859388387324,-2.698043472642433
1789997117.6163056,4.661194599371432,5.511859388387324,-2.698043472642433
1789997117.7163384,4.661194599371432,5.511859388387324,-2.698043472642433
1789997117.8161123,4.661194599371432,5.511859388387324,-2.698043472642433
1789997117.9162688,4.661194599371432,5.511859388387324,-2.698043472642433
1789997118.0160654,4.661194599371432,5.511859388387324,-2.698043472642433
1789997118.116471,4.661194599371432,5.511859388387324,-2.698043472642433
1789997118.2163718,4.661194599371432,5.511859388387324,-2.698043472642433
1789997118.3164885,4.661194599371432,5.511859388387324,-2.698043472642433
1789997118.4158661,4.661194599371432,5.511859388387324,-2.698043472642433
1789997118.516389,4.661194599371432,5.511859388387324,-2.698043472642433
1789997118.616382,4.661194599371432,5.511859388387324,-2.698043472642433
1789997118.7163591,4.661194599371432,5.511859388387324,-2.698043472642433
1789997118.8162816,4.6499914425394815,5.506315087078889,-2.682043472255003
1789997118.916453,4.628142984544378,5.494164165992972,-2.6340434733278864
1789997119.0170717,4.606582577094639,5.4798046775059674,-2.554043469155561
1789997119.1163657,4.586307582952866,5.463528174105052,-2.4651545796043983
1789997119.2164273,4.567557530642713,5.445516081256761,-2.3762656900532355
1789997119.3164656,4.550480471207157,5.425910623051367,-2.2873768005020727
1789997119.4163566,4.535211245681232,5.404866604845536,-2.19848791095091
1789997119.5166547,4.521870420382682,5.382550190914025,-2.109599021399747
1789997119.6165326,4.510563334916271,5.359137592410993,-2.0207101318485843
1789997119.7164392,4.50099127982285,5.334963728183331,-1.9478212449200258
1789997119.816549,4.492669815180121,5.310331367829342,-1.8965852859861956
1789997119.9159207,4.484823687940766,5.285543503101762,-1.8773493255920515
1789997120.0165489,4.476661815125877,5.260857803140802,-1.890113365972768
1789997120.1163054,4.467403455780675,5.236562068275521,-1.9348774048931703
1789997120.2163703,4.457178331669209,5.212657115079289,-1.9749861750252353
1789997120.3162084,4.4463162779843115,5.1890347582926495,-2.001787247831355
1789997120.4161415,4.435025595533589,5.165614245057328,-2.020009643907081
1789997120.516751,4.423438074535602,5.1423391659483295,-2.032723244229685
1789997120.616488,4.4116398210183725,5.119170196088793,-2.041797865318488
1789997120.7165039,4.399684077568661,5.0960821006936845,-2.04860717425717
1789997120.8165424,4.387608024964985,5.0730567037606855,-2.0538251213230003
1789997120.9172997,4.375780930512676,5.049902443089589,-2.0430430691189874
1789997121.0178,4.364439450161579,5.026506486732675,-2.0221797298140634
1789997121.1170623,4.35333378817327,5.002997675146158,-2.0121246166027893
1789997121.2173247,4.342297590029941,4.979456173899422,-2.009171871325355
1789997121.3185127,4.331249052461122,4.955920461290722,-2.0096960920341123
1789997121.4168975,4.320142854687465,4.932411902818936,-2.012147407556306
1789997121.5169473,4.308922019868467,4.908957845251562,-2.017029453205298
1789997121.6174183,4.297589077012332,4.885557752161394,-2.0218148488052
1789997121.7165956,4.2861388042434365,4.8622148473737115,-2.026835051687788
1789997121.8170009,4.274561058313816,4.83893490429822,-2.0323033080868234
1789997121.9164898,4.2627852440689225,4.8157545214437745,-2.040829598481189
1789997122.0173373,4.2508553824498385,4.792653042007201,-2.0474864959217416
1789997122.1162262,4.2388058955369035,4.769613731784368,-2.0526717138908612
1789997122.2163587,4.226650676837309,4.746630028671641,-2.0572664413101776
1789997122.3168628,4.214408135688323,4.72369271983594,-2.0610695954844163
1789997122.4171326,4.202088901688945,4.7007965100169,-2.0644161759376334
1789997122.5167491,4.189699075191286,4.677938422831686,-2.067501894520949
1789997122.6186454,4.177242417003483,4.655116687200907,-2.0704279847875044
1789997122.7170177,4.16472365695212,4.632328958108579,-2.0731511838234766
1789997122.8160548,4.1521498084133315,4.609571579451701,-2.075570256399344
1789997122.9161048,4.1395202135324345,4.5868450908634175,-2.0780215129688187
1789997123.0167475,4.127567573338211,4.563755388769272,-2.0484727696016236
1789997123.1156247,4.116008452121359,4.540466192409092,-2.0315034345224303
1789997123.2162416,4.104609797148133,4.51709803854084,-2.024624963706712
1789997123.3161116,4.093259525251247,4.493706346035258,-2.0225555360749166
1789997123.416042,4.081870943754631,4.470333281154847,-2.0241939318798283
1789997123.516345,4.070399136823296,4.447000951735368,-2.02775777489541
1789997123.6163275,4.05881912853043,4.423722133931491,-2.0324004912249545
1789997123.7159743,4.047116848591654,4.400504541579065,-2.037659880655239
1789997123.8160985,4.035286320934855,4.377352034894677,-2.043191350015233
1789997123.916166,4.023331696818581,4.354263359907845,-2.0485586938880185
1789997124.016558,4.011595085370219,4.331063103398075,-2.039139117809365
1789997124.1165998,3.999933947942351,4.307824819806181,-2.0358886300086776
1789997124.2163913,3.9882550965925265,4.284595433642151,-2.036651049178446
1789997124.3163068,3.9765060793600497,4.261401457172388,-2.0396739163402264
1789997124.416193,3.9646586604801692,4.238257589382116,-2.043921049587781
1789997124.5161371,3.9526991519154913,4.215171444071555,-2.0487702571753212
1789997124.6162677,3.9406212983522915,4.192146991771558,-2.0539033391479204
1789997124.716551,3.928424708956984,4.1691852157616065,-2.0590673011693905
1789997124.816455,3.9161123116205747,4.146285328813429,-2.0641176062602353
1789997124.9160066,3.90368853091042,4.123445678569283,-2.0689879289794515
1789997125.017161,3.891519712354872,4.100469173061023,-2.0578582513112376
1789997125.1163452,3.8796598417530017,4.077331683575,-2.0444591375965424
1789997125.2166526,3.8679015168924558,4.054142424274996,-2.0400752522017607
1789997125.3163102,3.8561486448649287,4.030950400872251,-2.0398401214474613
1789997125.4167595,3.844327708215502,4.007792995854866,-2.0427771403187687
1789997125.5161572,3.83240890608724,3.9846858085263257,-2.047007819890397
1789997125.6170418,3.8203643758869528,3.961643906637304,-2.052456584453004
1789997125.7171164,3.808195001546986,3.938667695492237,-2.0578824407154497
1789997125.8164587,3.795893734350052,3.915761827777641,-2.0636316350394663
1789997125.9164178,3.7834579059274143,3.8929287350862936,-2.0695154958138047
1789997126.0165155,3.7708974211083515,3.870163977861165,-2.0749831258052764
1789997126.1161263,3.758628023694968,3.8472410234808634,-2.062240816905516
1789997126.2165136,3.7464681015909993,3.824259808438261,-2.057471093229371
1789997126.316122,3.734316344513668,3.801274274936894,-2.0571158352739913
1789997126.4164808,3.7221011863648275,3.778322371708452,-2.05987615608273
1789997126.51698,3.709792717455678,3.755420373028829,-2.06394606628118
1789997126.616338,3.697370286937453,3.7325799883904565,-2.068928813791256
1789997126.716361,3.6848191123685865,3.7098100967053655,-2.0745741954505252
1789997126.8162851,3.672143459440753,3.6871092647104353,-2.080049280865471
1789997126.916299,3.659343889951632,3.664478070060084,-2.0855163319468306
1789997127.016379,3.646425723863113,3.641914361692035,-2.090764548858981
1789997127.1163125,3.6336023192988915,3.619296664068465,-2.086569841621797
1789997127.2163115,3.620784091226558,3.596676032346637,-2.086340987376291
1789997127.3161345,3.607921459246614,3.57408062022476,-2.088305064264107
1789997127.4161277,3.5949866215852815,3.551526464840798,-2.091503571971673
1789997127.5164216,3.5819654244951624,3.5290220569003696,-2.095336775548178
1789997127.6163607,3.568850253795473,3.5065722852327794,-2.0995176314109747
1789997127.7163155,3.5556380792166005,3.4841794651043023,-2.1038440418163127
1789997127.816171,3.5423302319250545,3.461843369857509,-2.108121926310826
1789997127.9164407,3.528930259099936,3.4395624210739624,-2.112251532144267
1789997128.0163715,3.5154437414403668,3.4173337505822965,-2.1161403421046026
1789997128.116451,3.502227421937287,3.394943376552338,-2.104029152515698
1789997128.2164078,3.489200291717837,3.372442402603319,-2.09560043865012
1789997128.3163095,3.476230181410337,3.349908512814376,-2.093068183559347
1789997128.4158654,3.4632381665811494,3.327387245063934,-2.0940405259573645
1789997128.5161726,3.4501774879317733,3.3049057276857257,-2.097092060066182
1789997128.616097,3.4370260469710083,3.2824771844636516,-2.1011340135441907
1789997128.7163992,3.423768702404795,3.26011107694666,-2.105862408849765
1789997128.8163893,3.4104037269211998,3.2378091178234834,-2.1106815432863124
1789997128.9168782,3.3969273834808265,3.2155742776422263,-2.1156826985733397
1789997129.0169263,3.3833463845243337,3.193403206000272,-2.1203962746741065
1789997129.1163552,3.3699478924172874,3.171121366765901,-2.1121850767837653
1789997129.2165532,3.356600530438458,3.1488088617829315,-2.1098919561331906
1789997129.3163233,3.3432374126060354,3.126505789523583,-2.110598249939624
1789997129.4165926,3.32980894693243,3.1042420014348107,-2.113530823328886
1789997129.516356,3.3162951794531508,3.0820298867465397,-2.117366684806887
1789997129.6162982,3.302679497680389,3.059880097576622,-2.121961352994088
1789997129.7162976,3.2889591142710435,3.037795011443453,-2.1266952395638263
1789997129.8163757,3.2751347685624754,3.0157748521311563,-2.1314095135977302
1789997129.9165301,3.261208995633948,2.9938186958475073,-2.1360223165912364
1789997130.016935,3.2471867275671085,2.9719240401372518,-2.1404233745498393
1789997130.1163955,3.233073982055221,2.9500875943521514,-2.1445612678503427
1789997130.2162657,3.219166623487401,2.928119769515017,-2.135183851627055
1789997130.316109,3.2053331905344358,2.9061053178265297,-2.131822245494816
1789997130.416161,3.1914944926413824,2.8840941753974385,-2.132061421827068
1789997130.5164914,3.1776023679668617,2.8621167137051384,-2.1344905398344896
1789997130.6164207,3.1636304069482315,2.840189920603939,-2.138127374418666
1789997130.716453,3.14956230747977,2.8183246850059764,-2.1425180499932073
1789997130.8171213,3.1353934398041816,2.7965246130060817,-2.147133523181667
1789997130.9160247,3.1211259595019487,2.7747889520721616,-2.1516637079907857
1789997131.0172756,3.106755827350327,2.7531210206444996,-2.1563938076166713
1789997131.1162677,3.0922957103771473,2.7315130367605067,-2.160552457582792
1789997131.2162333,3.0777445212685084,2.7099662772377022,-2.164773175541898
1789997131.3163345,3.063110603522358,2.6884756187599392,-2.168617668983182
1789997131.4162948,3.048400377845896,2.667037120422684,-2.172172728323033
1789997131.5168405,3.033618645370158,2.6456478629455145,-2.1755119989184943
1789997131.6165516,3.0187707754791098,2.62430446326066,-2.178607400276354
1789997131.7164571,3.0038592803629944,2.6030054664812106,-2.181591527958056
1789997131.8169322,2.9888893688261544,2.5817474868267816,-2.184336853821417
1789997131.916297,2.9738661191535654,2.5605271682692297,-2.1868481647713387
1789997132.0164344,2.958791257565503,2.539343483544666,-2.189282458045175
1789997132.1161098,2.943669832308942,2.518193011951362,-2.191482272746628
1789997132.2165108,2.9286703053691077,2.4969559184122234,-2.1857306811983044
1789997132.3160496,2.9137043926124186,2.475695123371395,-2.1841487590248043
1789997132.4162679,2.8987108082577207,2.4544538338952946,-2.1854508878222014
1789997132.519544,2.8836632815681766,2.4332507234881775,-2.1879926745338643
1789997132.6170382,2.8685504013734766,2.4120941452528015,-2.1910783182388447
1789997132.7167742,2.853356198247701,2.3909958955201436,-2.1949274798414016
1789997132.8165827,2.838084336364102,2.3699537904681955,-2.198613194890907
1789997132.9173546,2.822736215885261,2.348967243630378,-2.202242077004751
1789997133.018236,2.807292519153291,2.328050929861937,-2.2068038699707295
1789997133.1169684,2.79172543961564,2.3072262813636457,-2.2127156860685253
1789997133.217192,2.7760152771922897,2.2865093620212122,-2.219604319662442
1789997133.3179235,2.7601940499308157,2.265877136781318,-2.2249763568422103
1789997133.4162033,2.744285755523444,2.2453119691560026,-2.2292031785032056
1789997133.5169058,2.728308791732595,2.2248001048225285,-2.232546619654288
1789997133.617144,2.7122773005105962,2.204330829319768,-2.2352077168902658
1789997133.7164335,2.6962021741001823,2.1838958039638223,-2.2373412417738043
1789997133.816663,2.6800918099414575,2.1634885474828005,-2.239066793725481
1789997133.9165611,2.663952677067594,2.1431040352127284,-2.240477309192186
1789997134.0159771,2.647789738833161,2.122738393115342,-2.2416456658883295
1789997134.1166909,2.633288355129778,2.1045032337205765,-2.2426299492154547
1789997134.2163641,2.6207073235797433,2.088709891904293,-2.243462805429129
1789997134.3161547,2.615914714787802,2.08269358803113,-2.243462805429129
1789997134.4166398,2.615914714787802,2.08269358803113,-2.243462805429129
1789997134.5162508,2.615914714787802,2.08269358803113,-2.243462805429129
1789997134.6160278,2.615914714787802,2.08269358803113,-2.243462805429129
1789997134.7162886,2.615914714787802,2.08269358803113,-2.243462805429129
1789997134.8157976,2.615914714787802,2.08269358803113,-2.243462805429129
1789997134.9161787,2.615914714787802,2.08269358803113,-2.243462805429129
1789997135.0162866,2.615914714787802,2.08269358803113,-2.243462805429129
1789997135.1164649,2.615914714787802,2.08269358803113,-2.243462805429129
1789997135.216064,2.615914714787802,2.08269358803113,-2.243462805429129
1789997135.3162162,2.615914714787802,2.08269358803113,-2.243462805429129
1789997135.4162726,2.615914714787802,2.08269358803113,-2.243462805429129
1789997135.516316,2.615914714787802,2.08269358803113,-2.243462805429129
1789997135.6171198,2.615914714787802,2.08269358803113,-2.243462805429129
1789997135.7165709,2.615914714787802,2.08269358803113,-2.243462805429129
1789997135.8165839,2.615914714787802,2.08269358803113,-2.243462805429129
1789997135.916518,2.615914714787802,2.08269358803113,-2.243462805429129
1789997136.0165067,2.615914714787802,2.08269358803113,-2.243462805429129
1789997136.116305,2.615914714787802,2.08269358803113,-2.243462805429129
1789997136.216842,2.615914714787802,2.08269358803113,-2.243462805429129
1789997136.3165522,2.615914714787802,2.08269358803113,-2.243462805429129
1789997136.4166873,2.615914714787802,2.08269358803113,-2.243462805429129
1789997136.5167415,2.615914714787802,2.08269358803113,-2.243462805429129
1789997136.6167102,2.615914714787802,2.08269358803113,-2.243462805429129
1789997136.7167785,2.615914714787802,2.08269358803113,-2.243462805429129
1789997136.8165932,2.615914714787802,2.08269358803113,-2.243462805429129
1789997136.9161422,2.615914714787802,2.08269358803113,-2.243462805429129
1789997137.0169413,2.615914714787802,2.08269358803113,-2.243462805429129
1789997137.1178994,2.615914714787802,2.08269358803113,-2.243462805429129
1789997137.2182343,2.615914714787802,2.08269358803113,-2.243462805429129
1789997137.3161662,2.615914714787802,2.08269358803113,-2.243462805429129
1789997137.4158962,2.615914714787802,2.08269358803113,-2.243462805429129
1789997137.516805,2.615914714787802,2.08269358803113,-2.243462805429129
1789997137.6179001,2.615914714787802,2.08269358803113,-2.243462805429129
1789997137.7175941,2.615914714787802,2.08269358803113,-2.243462805429129
1789997137.8166354,2.615914714787802,2.08269358803113,-2.243462805429129
1789997137.916659,2.615914714787802,2.08269358803113,-2.243462805429129
1789997138.0166855,2.615914714787802,2.08269358803113,-2.243462805429129
1789997138.1164043,2.615914714787802,2.08269358803113,-2.243462805429129
1789997138.2168024,2.615914714787802,2.08269358803113,-2.243462805429129
1789997138.3178723,2.615914714787802,2.08269358803113,-2.243462805429129
1789997138.4179535,2.615914714787802,2.08269358803113,-2.243462805429129
1789997138.515999,2.615914714787802,2.08269358803113,-2.243462805429129
1789997138.6174376,2.615914714787802,2.08269358803113,-2.243462805429129
1789997138.7164357,2.615914714787802,2.08269358803113,-2.243462805429129
1789997138.8169224,2.615914714787802,2.08269358803113,-2.243462805429129
1789997138.917102,2.615914714787802,2.08269358803113,-2.243462805429129
1789997139.017321,2.615914714787802,2.08269358803113,-2.243462805429129
1789997139.116347,2.615914714787802,2.08269358803113,-2.243462805429129
1789997139.2162642,2.615914714787802,2.08269358803113,-2.243462805429129
1789997139.3167436,2.615914714787802,2.08269358803113,-2.243462805429129
1789997139.4167914,2.615914714787802,2.08269358803113,-2.243462805429129
1789997139.516407,2.615914714787802,2.08269358803113,-2.243462805429129
1789997139.616374,2.615914714787802,2.08269358803113,-2.243462805429129
1789997139.7160559,2.615914714787802,2.08269358803113,-2.243462805429129
1789997139.816403,2.615914714787802,2.08269358803113,-2.243462805429129
1789997139.9169152,2.615914714787802,2.08269358803113,-2.243462805429129
1789997140.01609,2.615914714787802,2.08269358803113,-2.243462805429129
1789997140.116211,2.615914714787802,2.08269358803113,-2.259462805816559
1789997140.216002,2.615914714787802,2.08269358803113,-2.2914469323843996
1789997140.3176897,2.615914714787802,2.08269358803113,-2.3394401229709665
1789997140.41825,2.615914714787802,2.08269358803113,-2.402694519588379
1789997140.516078,2.615914714787802,2.08269358803113,-2.481521459648041
1789997140.6178973,2.615914714787802,2.08269358803113,-2.5782482646197358
1789997140.7180524,2.615914714787802,2.08269358803113,-2.678248267599968
1789997140.8159175,2.615914714787802,2.08269358803113,-2.7782482705802
1789997140.9180198,2.615914714787802,2.08269358803113,-2.8782482735604322
1789997141.0161483,2.615914714787802,2.08269358803113,-2.9782482765406644
1789997141.115604,2.615914714787802,2.08269358803113,-3.0782482795208965
1789997141.2161748,2.615914714787802,2.08269358803113,3.104937024678458
1789997141.316229,2.615914714787802,2.08269358803113,3.0049370216982254
1789997141.4159365,2.615914714787802,2.08269358803113,2.904937018717993
1789997141.5158143,2.615914714787802,2.08269358803113,2.80493701573776
1789997141.6159544,2.615914714787802,2.08269358803113,2.7049370127575276
1789997141.716062,2.615914714787802,2.08269358803113,2.604937009777295
1789997141.8161464,2.615914714787802,2.08269358803113,2.5049370067970624
1789997141.9175358,2.615914714787802,2.08269358803113,2.40493700381683
1789997142.0162213,2.615914714787802,2.08269358803113,2.3049370008365972
1789997142.1159549,2.615914714787802,2.08269358803113,2.2049369978563647
1789997142.2161415,2.615914714787802,2.08269358803113,2.104936994876132
1789997142.3169315,2.615914714787802,2.08269358803113,2.0049369918958995
1789997142.416624,2.615914714787802,2.08269358803113,1.9049369889156669
1789997142.5176306,2.615914714787802,2.08269358803113,1.8049369859354343
1789997142.617415,2.615914714787802,2.08269358803113,1.7049369829552017
1789997142.7164025,2.615061364256162,2.1076790196437747,1.6049369799749693
1789997142.8171344,2.616452517453428,2.1326402834896165,1.515121440853341
1789997142.9163907,2.6201942775270624,2.1583428339175197,1.4262325513021779
1789997143.0183027,2.626209062756768,2.1836375430292976,1.3373436617510155
1789997143.1168013,2.634445560406814,2.208298444409209,1.2484547721998531
1789997143.2168329,2.6448387348150386,2.2321308147514385,1.1595658826486905
1789997143.317829,2.6573065211271394,2.254946472859079,1.0706769930975286
1789997143.416917,2.671750473283522,2.2765652655291855,0.9817881035463659
1789997143.5164828,2.6880565413526933,2.2968164900485197,0.8928992139952036
1789997143.6174648,2.7055732125438285,2.3160301877871277,0.8315676036136006
1789997143.7167304,2.7237965768753862,2.3345749698793563,0.7941396857457016
1789997143.8166916,2.7423868806736977,2.3527518935766,0.7741554695026727
1789997143.9184244,2.7611710516063543,2.3707284024918946,0.7634308847443911
1789997144.0168579,2.7800480099296,2.3886074515401905,0.7582552752302738
1789997144.1165023,2.79892720507948,2.406484138618665,0.7581301581512684
1789997144.2174203,2.817779654059305,2.4243890295111568,0.7596251266009655
1789997144.3177657,2.8361260730164113,2.4428120819688597,0.7874823214418738
1789997144.4162564,2.8541521053396868,2.461548733459699,0.8047256609357447
1789997144.5163276,2.871978982405453,2.4804749693372052,0.8153012389249655
1789997144.616478,2.8896781308955792,2.4995207062127736,0.8220287321067898
1789997144.7166283,2.907301065232182,2.5186369855520367,0.8260229682482332
1789997144.8165555,2.9248776304588926,2.537795907892297,0.8284458992935271
1789997144.916306,2.942427601159456,2.5569791943369684,0.8298331183779539
1789997145.0166452,2.9599660712833535,2.5761729958395914,0.8304324643386085
1789997145.1169388,2.9774984529955986,2.5953723588994713,0.830749625566185
1789997145.216206,2.9950296161778596,2.6145728346197723,0.8308130909359339
1789997145.3168576,3.0127803320909883,2.6335705196098003,0.8193177566534162
1789997145.420632,3.0306580587668095,2.652448730311918,0.8126111014416697
1789997145.5176983,3.0486062692445293,2.6712599421563583,0.808870862670827
1789997145.6181464,3.0665795180031736,2.6900472325269473,0.8075389863593756
1789997145.716429,3.084562320971899,2.7088253780103795,0.8070303161066277
1789997145.8166795,3.1025358550483446,2.727612395421661,0.8075237995033406
1789997145.91785,3.1204955084022785,2.7464126827017923,0.8082623851505364
1789997146.0162084,3.138438046018192,2.7652293055207378,0.8091723874231125
1789997146.1166885,3.1563591448062898,2.784066347980641,0.8103111251975665
1789997146.216017,3.174260363708998,2.802922283709378,0.8113659573971548
1789997146.3160665,3.1918372300965254,2.8220809297576754,0.828430180090598
1789997146.4160728,3.209026123480162,2.841588412800214,0.8484973548232828
1789997146.5161366,3.225995855050917,2.861286843215489,0.8596772769718682
1789997146.618346,3.242853395093646,2.881081370088257,0.865358858394555
1789997146.717932,3.259658072100325,2.9009207950070928,0.8680264200336554
1789997146.8163445,3.276461781290408,2.9207610396594164,0.8680752015183115
1789997146.9160192,3.293289110542033,2.940581255114006,0.8668840878153583
1789997147.0162578,3.3101497539254523,2.96037313868041,0.8652020702114696
1789997147.1162975,3.327049026104328,2.9801320493344217,0.8632486943597336
1789997147.2168028,3.343990680090759,2.9998546331056466,0.8611017750552284
1789997147.3185432,3.3611905145625873,3.0193524700254346,0.8479363499185434
1789997147.4157584,3.3785516623584733,3.038706810562336,0.8396324448263632
1789997147.5161006,3.3960076961197845,3.057975615292596,0.8347190296253547
1789997147.6162796,3.4135272999775252,3.077186638978927,0.8314149588322626
1789997147.716,3.431083696760065,3.0963640444974785,0.8294980836542685
1789997147.8158693,3.4486621252583296,3.115521257289018,0.8283486414909724
1789997147.9164212,3.4662550392420197,3.134665168278453,0.8275922415055695
1789997148.0163398,3.483854888278364,3.153802703759983,0.8272299222507873
1789997148.1161091,3.5014573741417463,3.172937813946192,0.8270921305205564
1789997148.216028,3.5190582295711565,3.19207442384873,0.8271773335878398
1789997148.316456,3.5366566550301335,3.2112132684265453,0.8273043063678208
1789997148.4157064,3.5537762505072807,3.230781594903477,0.8520441954233112
1789997148.5165293,3.570631341498242,3.2505782071918294,0.8654825755603968
1789997148.6161802,3.5873436685751603,3.270495487982214,0.8726721652992423
1789997148.7180042,3.6039996171928252,3.290459939541289,0.8754994457796571
1789997148.8159802,3.620640691550181,3.310436791010975,0.8762442517070452
1789997148.9159315,3.637314690137567,3.330386169986692,0.874594998962654
1789997149.0163248,3.6540280933282707,3.3503025477746813,0.8726181349227556
1789997149.1160915,3.6707867830120042,3.370180834182047,0.8703421276038865
1789997149.2158704,3.68759566679181,3.3900166950528514,0.8678143599046751
1789997149.316729,3.704455756354792,3.4098090504037732,0.8652300520776199
1789997149.4162266,3.721580958402085,3.42937247048433,0.8517576470015928
1789997149.5164032,3.738868586137838,3.4487925085295803,0.8434246382652208
1789997149.6160333,3.7562623648498703,3.4681175289053985,0.8379451931430384
1789997149.7163239,3.7737211350533317,3.4873838542787454,0.8345770063786193
1789997149.8163927,3.7912203849345745,3.5066134201605528,0.8324739423090952
1789997149.918585,3.8087471424519412,3.52581791758528,0.8310425229346737
1789997150.0168455,3.8262903140339275,3.5450074220409435,0.8301874902308346
1789997150.1176789,3.8438413725843517,3.5641897132015044,0.8297764086955586
1789997150.2159753,3.8613955333631824,3.5833691654814808,0.8296146731683409
1789997150.3184996,3.8789497983279273,3.602548522403872,0.8296092409916825
1789997150.4159236,3.8967418154021654,3.621507532895956,0.8171415321805187
1789997150.5160017,3.914647128652196,3.640359580737695,0.811148796630711
1789997150.615875,3.9326171138256987,3.6591499927415074,0.8077126843199735
1789997150.7159996,3.950611563734519,3.6779169776588536,0.806409892653734
1789997150.816654,3.968605713892114,3.6966842499836976,0.8064258647947797
1789997150.916637,3.9865859911321504,3.7154648138937714,0.8071648110733594
1789997151.0164413,4.004543989536377,3.734266681985073,0.8083504093443272
1789997151.1160603,4.022474577945322,3.753094691697147,0.8098072299366113
1789997151.2166066,4.040377444575639,3.771949062989397,0.8112785686836803
1789997151.3164487,4.058253365401301,3.7908289836736477,0.8127067550183501
1789997151.4164639,4.0761015364886,3.8097351397940082,0.8141755358879683
1789997151.5171685,4.093496987924431,3.8290586544782617,0.8378586323564168
1789997151.616812,4.110622954947236,3.8486214048969205,0.851718543991935
1789997151.7165012,4.127605703624898,3.868308613885508,0.8590162692223906
1789997151.8166847,4.144519352904474,3.8880552191242934,0.8625208415654715
1789997151.9171884,4.161409292046583,3.907822108262061,0.8637209447198773
1789997152.0172327,4.178304734226953,3.927584293969586,0.8634425148174856
1789997152.1165144,4.1952200576249865,3.9473294651450623,0.8624360584228059
1789997152.218024,4.212170268527998,3.9670446953175045,0.8606678302905281
1789997152.3165019,4.229153054453584,3.9867318721749068,0.8590143772347592
1789997152.4158723,4.246176320061546,4.006384057255699,0.8569564044515366
1789997152.516555,4.2632344456925795,4.026005991420424,0.8551811888853784
1789997152.6184773,4.280517626444317,4.045429987237754,0.8436536043922184
1789997152.718414,4.297939771050962,4.064729438725143,0.8364763891364211
1789997152.8160028,4.315444370802293,4.0839541347683745,0.8321956964249484
1789997152.9160779,4.332993685179585,4.103138021634594,0.829867331128823
1789997153.0165246,4.350569517770098,4.1222976160760005,0.8284841385709818
1789997153.1157448,4.368156086149886,4.141447356623381,0.8279236595651831
1789997153.2161832,4.385744778433534,4.160595146421686,0.8278127435954752
1789997153.3163137,4.403331748429721,4.179744518128406,0.8279026869433235
1789997153.4157495,4.420912932344153,4.198899202218097,0.8282048002099853
1789997153.5160513,4.438178676954993,4.218338698442079,0.8445509061431746
1789997153.6166463,4.455133260264303,4.238050168585542,0.860446031040535
1789997153.7167714,4.4719162794661536,4.257907918127704,0.8691175708761668
1789997153.8162458,4.488624299624202,4.277828812003412,0.8728883859915886
1789997153.9178755,4.505311964930577,4.2977667601684395,0.8739097327674034
1789997154.0162952,4.52200288343431,4.317701985020713,0.8737465555179158
1789997154.118353,4.538727378617884,4.337609049376452,0.8720610764674134
1789997154.2159982,4.555483736151873,4.357489301703876,0.8704594432707164
1789997154.317601,4.572289524831915,4.377327784943548,0.867970385156128
1789997154.4159136,4.589135197341333,4.397132412385496,0.8659582415460827
1789997154.5162725,4.606030209770754,4.41689496549532,0.8634642607397617
1789997154.6161456,4.62319588765302,4.436422880213774,0.8496868136204068
1789997154.7170541,4.640526121152833,4.455804906868665,0.8412285826034132
1789997154.816154,4.657960456293478,4.4750933466348215,0.8358445570669355
1789997154.9170794,4.675454051979142,4.494328056416761,0.8327679395540836
1789997155.0164368,4.692983309942086,4.513530271540999,0.8309123141556265
1789997155.1157603,4.7105276138091225,4.532718740792871,0.8301284832046586
1789997155.216704,4.728077498407068,4.5519021060088,0.8298376067872376
1789997155.316188,4.74562896083389,4.571084027630182,0.8297553538442806
1789997155.4162056,4.763175794151575,4.590270183861441,0.8299966538713996
1789997155.5176163,4.780717133647713,4.609461363061537,0.830282959392549
1789997155.6163762,4.797842705304353,4.629024459591539,0.8517387539653791
1789997155.7157805,4.814752770431652,4.648774134216692,0.8627023347227585
1789997155.816216,4.8315475589053,4.668621930833304,0.8685247432945982
1789997155.9177232,4.848291360928578,4.6885127589763,0.87109083221692
1789997156.0161889,4.865023459879215,4.708413432711504,0.8716790518996058
1789997156.1157568,4.881778984636048,4.728294386927338,0.8705013321985247
1789997156.217116,4.898566528963392,4.748148311120464,0.8688896718707619
1789997156.3164506,4.915390197849304,4.767971633637795,0.8670687517423862
1789997156.4158852,4.932258441852877,4.787757039740397,0.8648179802384909
1789997156.5162954,4.949171023226741,4.807504559627242,0.862574920784005
1789997156.6162412,4.9663142123334065,4.827052219785482,0.8508378535316075
1789997156.7155795,4.983598466241575,4.846475260671165,0.8435983540297234
1789997156.8155599,5.000972000306211,4.865818483373546,0.8389922872923994
1789997156.9163435,5.018400126806031,4.885112533158782,0.8361663942963564
1789997157.0172043,5.035860641417486,4.9043772776396235,0.8344864608526911
1789997157.1163223,5.053341689446299,4.923623391798675,0.8334200906839903
1789997157.2181048,5.07083299546373,4.942860183740511,0.832886971467429
1789997157.3189578,5.088329656993222,4.962092104750418,0.8326085367803678
1789997157.416576,5.105825587535631,4.981324690766453,0.8326465451751351
1789997157.517291,5.123317713844499,5.000560736815564,0.832844328840634
1789997157.6164758,5.140496799995127,5.020076857061101,0.8489999856403081
1789997157.7162323,5.157372463791093,5.039855934942904,0.8644429068615639
1789997157.8165724,5.174081014941631,5.059776383453386,0.8728617306401931
1789997157.9180713,5.190709295841054,5.0797638851666775,0.8768844951478743
1789997158.0167894,5.207309950946537,5.099774337447367,0.8782658552819839
1789997158.1187584,5.223930519123177,5.119768253119256,0.8772703105187016
1789997158.2163491,5.240576881714601,5.139740698209524,0.875979504415204
1789997158.3161342,5.257271861456386,5.159672522055583,0.8735428164316311
1789997158.4162045,5.274010368798877,5.179567805978018,0.8713569894501906
1789997158.51644,5.290794724781145,5.19942442564677,0.8690502511406288
1789997158.616498,5.307624425793875,5.219242627235992,0.8667644179960687
1789997158.715974,5.324744028899128,5.2388109470393776,0.8520438056042393
1789997158.8159533,5.342039629662367,5.25822388459781,0.8430140064632496
1789997158.9182487,5.359442603332796,5.277540624950036,0.8374692853143415
1789997159.0161684,5.37691055411844,5.2967986270727705,0.8341003941906591
1789997159.1159902,5.394411406974078,5.316026734096974,0.8323905792621868
1789997159.216219,5.4119302383875505,5.335238462189868,0.8314551664818054
1789997159.3180883,5.4294562996017,5.3544435950643585,0.831078779634458
1789997159.4159784,5.446984954303865,5.373646360874033,0.8309437299128826
1789997159.5163794,5.464509822178195,5.392852582688752,0.8311409143770785
1789997159.61635,5.482030553306816,5.41206257829332,0.831356278927319
1789997159.7188315,5.499140820811621,5.431639061540394,0.8525207833659575
1789997159.8179162,5.516001988023559,5.451430498846967,0.8651756030780007
1789997159.9181392,5.532750377405616,5.471317464515865,0.8708601829868483
1789997160.0161016,5.549447501022807,5.491247492446632,0.8734352511626406
1789997160.117689,5.566144644069853,5.511177504099299,0.8734342762586945
1789997160.21594,5.582852423596943,5.531098599794142,0.8729004652557251
1789997160.316303,5.599598671403704,5.550987368856191,0.8709678654876828
1789997160.41797,5.616384643367754,5.57084262245898,0.8689688658193973
1789997160.5165453,5.633210135227514,5.5906643977096,0.8669767870885607
1789997160.6163225,5.650083398006112,5.610445523906389,0.8645642923509058
1789997160.7161186,5.667219864597755,5.629999077628472,0.8511817055140912
1789997160.818058,5.684517465805424,5.64941023274272,0.8429109547605096
1789997160.9160705,5.701916560872031,5.668730466728676,0.8376700569262088
1789997161.0163074,5.719367831164591,5.688003585718216,0.83496621338104
1789997161.1158144,5.736850817126513,5.707247939494433,0.8333193939031389
1789997161.2163658,5.754349500052951,5.726478021300003,0.8325034254082766
1789997161.3159382,5.771854291730364,5.745702542587654,0.8321857130705665
1789997161.4156873,5.789359985813918,5.764926242155166,0.8321387716974185
1789997161.5161738,5.806863093489491,5.78415229666737,0.8322733061327652
1789997161.616181,5.8243616311999515,5.803382510613256,0.8325109768831225
1789997161.7189786,5.84154545188049,5.8228944622641805,0.8487573638730739
1789997161.8184042,5.858492409814099,5.842612488717288,0.8608328163796157
1789997161.9166095,5.8753309096404855,5.862423214953489,0.8663203578614684
1789997162.0167797,5.8921338479144145,5.882264112508072,0.8681140570608026
1789997162.1182082,5.908930573818453,5.902110269549514,0.8684271248811912
1789997162.2181933,5.925740861782132,5.921944940431258,0.8677435676157534
1789997162.3162947,5.942583659827628,5.941752012511896,0.8661033736132148
1789997162.4180944,5.959470389767434,5.961521643321524,0.8638832858819576
1789997162.5164092,5.97639324321694,5.98126036115059,0.8620546344257951
1789997162.6165283,5.993362562433224,6.000959146791963,0.8596982101500091
1789997162.71628,6.010375138532788,6.020620586334008,0.8575002112481803
1789997162.8165693,6.027572288329763,6.040120791185992,0.8480740324650019
1789997162.916299,6.044884373862063,6.059519029377418,0.8421645208317844
1789997163.0165505,6.062269786306817,6.078851576662624,0.8383780329544153
1789997163.116149,6.079698625023718,6.098144983085264,0.8361294798608925
1789997163.2165377,6.097151958111404,6.117416234070585,0.8348591785468215
1789997163.315942,6.114616686546839,6.1366771585314055,0.8342677067555541
1789997163.4175708,6.132086190190281,6.155933752021967,0.8340197568233179
1789997163.5162065,6.149557553935148,6.175188657872255,0.8339231570307222
1789997163.615996,6.167025545617553,6.194446622899546,0.8340982705643456
1789997163.7163246,6.184490361608165,6.213707467969869,0.8342631610049924
1789997163.8177462,6.202178092595247,6.232763808724,0.8226280433996638
1789997163.9177449,6.219989646212659,6.251704466266519,0.8161105710952602
1789997164.0161593,6.237853705964755,6.27059561021236,0.8133348057917376
1789997164.117606,6.25572886083399,6.289476256091402,0.8127473241356257
1789997164.216112,6.273602303142301,6.308358523181464,0.812838024814619
1789997164.316002,6.291453348627465,6.327261965341439,0.8140234899530246
1789997164.416034,6.309278313170832,6.346190002467265,0.8154022855041605
1789997164.5160813,6.3270739328235495,6.3651456314883434,0.8169514959035498
1789997164.617531,6.344837024330447,6.384131745638599,0.8186661318233294
1789997164.71822,6.36256930204982,6.403146641833214,0.8202878666399105
1789997164.8180158,6.379963201821496,6.422471553246772,0.837938928726135
1789997164.9165075,6.397119184754699,6.442007985879282,0.8501831715283971
1789997165.0168695,6.414149895962639,6.46165371890609,0.8565774734420758
1789997165.1162581,6.431109222286089,6.481361108410123,0.8602053840933427
1789997165.218316,6.448041758585556,6.501091520592239,0.861563980096026
1789997165.3177433,6.464969627198472,6.520825937599914,0.8618005292778896
1789997165.418065,6.48191234959434,6.5405476035596015,0.8610476019149704
1789997165.5179858,6.498875648234614,6.560251573962791,0.8600038017667888
1789997165.6168034,6.5158622046936445,6.579935497608068,0.8588228391073701
1789997165.7170067,6.532875495150003,6.5995963190114715,0.8574638777934074
1789997165.8161037,6.549913856507957,6.619235417581536,0.8561880025137273
1789997165.9158776,6.567184481353088,6.638670578189766,0.8442998307813019
1789997166.015948,6.584593345236969,6.657982010262025,0.8371643154937836
1789997166.1161098,6.602080506012846,6.677222570503544,0.8331024354379686
1789997166.2170217,6.619606929573188,6.696427372704879,0.83105991231837
1789997166.316117,6.637150944568121,6.715616106072836,0.8301435375642092
1789997166.4158783,6.654695626645204,6.734804229514772,0.8301087727498729
1789997166.5164483,6.672233836024688,6.7539982692711735,0.8304460490782279
1789997166.617226,6.68976224529056,6.77320125911695,0.8309565111374017
1789997166.7162995,6.707278304658838,6.792415514622067,0.8315994462076111
1789997166.8166037,6.724778765200725,6.811643978711297,0.8324109822123779
1789997166.9179132,6.741946552728891,6.831170038779746,0.8495787761717573
1789997167.0193264,6.75892112135688,6.850864301149853,0.8594316955267925
1789997167.116198,6.775793077122761,6.870646542151395,0.8646303642153281
1789997167.217289,6.792630837356739,6.890457896994313,0.8663576901968107
1789997167.3164577,6.809455460287406,6.9102804097928905,0.8670206233703999
1789997167.416761,6.826292961372995,6.93009198488428,0.8663707709250508
1789997167.5168443,6.843152326063911,6.949884957693528,0.8652666753468569
1789997167.6170247,6.860042840924166,6.969651354890904,0.8636918189780323
1789997167.716155,6.876965791128807,6.989389989767211,0.8620497326211537
1789997167.8167715,6.893923169409167,7.009099055505234,0.8603042282474691
1789997167.9165742,6.91119542736873,7.028532764759704,0.8442157987815793
1789997168.0169194,6.928653345424653,7.047799862298296,0.8346212353867943
1789997168.1159234,6.946220660923165,7.066967266310959,0.8289285820288117
1789997168.2163062,6.963843503074499,7.086083630633657,0.8260277905812021
1789997168.3166394,6.981495297865929,7.105173263711592,0.824512183790421
1789997168.4164298,6.999158208885112,7.124252611832986,0.8239297093784897
1789997168.5161452,7.016818867530331,7.1433340448668545,0.8240477559118062
1789997168.6176903,7.034471830201814,7.162422597963624,0.8244510033012831
1789997168.717976,7.052115748714621,7.181519511062928,0.8249246996788768
1789997168.817973,7.069745922398289,7.200629114049192,0.8256442014787808
1789997168.9179213,7.087054388771897,7.220030581576227,0.8423510768179314
1789997169.016305,7.104079712418703,7.239680983738279,0.856851676544966
1789997169.1176798,7.12096079726629,7.259455435052476,0.8641687947053924
1789997169.218052,7.1377600322177095,7.279299468298163,0.8683006932687477
1789997169.3178973,7.154536123386764,7.299163071080551,0.869466402540775
1789997169.4178998,7.171319431032256,7.319020576837461,0.869103045292059
1789997169.5160336,7.188125280490305,7.338859008590055,0.8679673215102871
1789997169.6179903,7.204969199167575,7.3586651276950805,0.8660467948958743
1789997169.7180834,7.221845161811465,7.3784439505936,0.8644277974691708
1789997169.8180451,7.238760541928537,7.3981890731787825,0.8624331858668944
1789997169.917748,7.255716980537044,7.417898947357094,0.8603519044079356
1789997170.016231,7.272858814883549,7.437447795549402,0.8509071569152646
1789997170.117793,7.290113412619161,7.456897186475371,0.8451241740219765
1789997170.2179313,7.307442725335845,7.476280036399371,0.8412760886557873
1789997170.3180268,7.324813903443882,7.4956253748959645,0.8391140781537173
1789997170.4177117,7.342208843689476,7.514949349752634,0.8378850863509353
1789997170.5158088,7.359612947999443,7.53426507142118,0.8374107521803592
1789997170.6182,7.377019261463737,7.553578802339666,0.8372963754974547
1789997170.7181182,7.394426259989424,7.5728919158311685,0.8372609047566142
1789997170.81801,7.411828429029855,7.592209381065955,0.8375109390760839
1789997170.918192,7.429225411112564,7.611531517718583,0.8377794179131808
1789997171.016137,7.446409500897971,7.631043232370454,0.8487435719927374
1789997171.1174388,7.463493309618734,7.650642809661847,0.8538715460335435
1789997171.2178078,7.480520629543272,7.6702914820494765,0.8567500824106457
1789997171.3180077,7.497536463231733,7.68995010240533,0.8573345152193282
1789997171.4178758,7.514565055115332,7.709597672455358,0.8566853454799928
1789997171.5176735,7.531621843604617,7.729220768970452,0.8552493321241418
1789997171.618452,7.548713847570964,7.748813199927925,0.8534533360039421
1789997171.7176743,7.565839779492767,7.768375981075265,0.8517203382679797
1789997171.8180618,7.583006172708728,7.7879032669687,0.8496501816900048
1789997171.9201927,7.600209644950027,7.807397894260643,0.8477497615849198
1789997172.016579,7.617506425350712,7.82680978077843,0.8429532392879548
1789997172.117685,7.634860234638496,7.846170701562632,0.8400115463880421
1789997172.2176745,7.652251567431487,7.865497923144959,0.8380717534103961
1789997172.3179212,7.669664313092429,7.884805855166703,0.8369632879968334
1789997172.4177456,7.687089322938495,7.904102719737753,0.836327916965594
1789997172.5166912,7.70452254553226,7.92339216504873,0.835902235028108
1789997172.6180506,7.721958775744786,7.942678891737952,0.8357463036021289
1789997172.7180727,7.739396862844909,7.961963939539227,0.8356500214050824
1789997172.81606,7.7568386230595125,7.981245665370314,0.8354595406298824
1789997172.9187663,7.774305772070882,8.000504394711148,0.8341420267095154
1789997173.0159523,7.791798044699233,8.019740307704932,0.8328367222884037
1789997173.1175687,7.809086870805478,8.039159278900053,0.8433629286327697
1789997173.2160711,7.826214273641145,8.058720772261086,0.8516451463886834
1789997173.3160458,7.843213166758367,8.078394043041468,0.8581959317290523
1789997173.4157636,7.860109269367623,8.098155664104185,0.8634090955221395
1789997173.5168662,7.8769226440997135,8.117987718473998,0.8675879324638585
1789997173.6179368,7.893668912102865,8.137876470530765,0.8709668500201149
1789997173.716205,7.9103602006219775,8.15781138557901,0.8737279944905384
1789997173.817737,7.927005870890838,8.177784407676562,0.876014167800669
1789997173.918124,7.941949815369115,8.195785886351128,0.8779391250890977
1789997174.0161684,7.9548758367057575,8.211408280856405,0.8795679427535568
1789997174.117335,7.9548758367057575,8.211408280856405,0.8795679427535568
1789997174.2176592,7.9548758367057575,8.211408280856405,0.8795679427535568
1789997174.3179035,7.9548758367057575,8.211408280856405,0.8795679427535568
1789997174.4156642,7.9548758367057575,8.211408280856405,0.8795679427535568
1789997174.518873,7.9548758367057575,8.211408280856405,0.8795679427535568
1789997174.6184785,7.9548758367057575,8.211408280856405,0.8795679427535568
1789997174.7181063,7.9548758367057575,8.211408280856405,0.8795679427535568
1789997174.817698,7.9548758367057575,8.211408280856405,0.8795679427535568
1789997174.9178143,7.9548758367057575,8.211408280856405,0.8795679427535568
1789997175.0177672,7.9548758367057575,8.211408280856405,0.8795679427535568
1789997175.1164997,7.9548758367057575,8.211408280856405,0.8795679427535568
1789997175.2163527,7.9548758367057575,8.211408280856405,0.8795679427535568
1789997175.3173637,7.9548758367057575,8.211408280856405,0.8795679427535568
1789997175.4162765,7.9548758367057575,8.211408280856405,0.8795679427535568
1789997175.5167246,7.9548758367057575,8.211408280856405,0.8795679427535568
1789997175.6158097,7.9548758367057575,8.211408280856405,0.8795679427535568
1789997175.7165847,7.9548758367057575,8.211408280856405,0.8795679427535568
1789997175.8167915,7.9548758367057575,8.211408280856405,0.8795679427535568
1789997175.9165242,7.9548758367057575,8.211408280856405,0.8795679427535568
1789997176.016586,7.9548758367057575,8.211408280856405,0.8795679427535568
1789997176.117114,7.9548758367057575,8.211408280856405,0.8795679427535568
1789997176.2166038,7.9548758367057575,8.211408280856405,0.8795679427535568
1789997176.3163342,7.9548758367057575,8.211408280856405,0.8795679427535568
1789997176.4163995,7.9548758367057575,8.211408280856405,0.8795679427535568
1789997176.5171065,7.9548758367057575,8.211408280856405,0.8795679427535568
1789997176.617186,7.9548758367057575,8.211408280856405,0.8795679427535568
1789997176.7175462,7.9548758367057575,8.211408280856405,0.8795679427535568
1789997176.8165958,7.9548758367057575,8.211408280856405,0.8795679427535568
1789997176.9168434,7.9548758367057575,8.211408280856405,0.8795679427535568
1789997177.016721,7.9548758367057575,8.211408280856405,0.8795679427535568
1789997177.1171217,7.9548758367057575,8.211408280856405,0.8795679427535568
1789997177.216248,7.9548758367057575,8.211408280856405,0.8795679427535568
1789997177.3163166,7.9548758367057575,8.211408280856405,0.8795679427535568
1789997177.4160495,7.9548758367057575,8.211408280856405,0.8795679427535568
1789997177.5159638,7.9548758367057575,8.211408280856405,0.8795679427535568
1789997177.6169684,7.9548758367057575,8.211408280856405,0.8795679427535568
1789997177.7160988,7.9548758367057575,8.211408280856405,0.8795679427535568
1789997177.8162808,7.9548758367057575,8.211408280856405,0.8795679427535568
1789997177.9160411,7.9548758367057575,8.211408280856405,0.8795679427535568
1789997178.0171032,7.9548758367057575,8.211408280856405,0.8795679427535568
1789997178.116066,7.9548758367057575,8.211408280856405,0.8795679427535568
1789997178.2158656,7.9548758367057575,8.211408280856405,0.8795679427535568
1789997178.316235,7.9548758367057575,8.211408280856405,0.8795679427535568
1789997178.4156556,7.9548758367057575,8.211408280856405,0.8795679427535568
1789997178.5168407,7.9548758367057575,8.211408280856405,0.8795679427535568
1789997178.6159976,7.9548758367057575,8.211408280856405,0.8795679427535568
1789997178.7165582,7.9548758367057575,8.211408280856405,0.8795679427535568
1789997178.8168118,7.9548758367057575,8.211408280856405,0.8795679427535568
1789997178.9159439,7.9548758367057575,8.211408280856405,0.8795679427535568
1789997179.0167506,7.9548758367057575,8.211408280856405,0.8795679427535568
1789997179.1162822,7.9548758367057575,8.211408280856405,0.8795679427535568
1789997179.2158802,7.9548758367057575,8.211408280856405,0.8795679427535568
1789997179.3157063,7.9548758367057575,8.211408280856405,0.8795679427535568
1789997179.416022,7.9548758367057575,8.211408280856405,0.8795679427535568
1789997179.515793,7.9548758367057575,8.211408280856405,0.8795679427535568
1789997179.6156912,7.9548758367057575,8.211408280856405,0.8795679427535568
1789997179.7176123,7.9548758367057575,8.211408280856405,0.8795679427535568
1789997179.8159862,7.9548758367057575,8.211408280856405,0.8795679427535568
1789997179.9162629,7.9548758367057575,8.211408280856405,0.8795679427535568
1789997180.016596,7.9548758367057575,8.211408280856405,0.8795679427535568
1789997180.1165018,7.9548758367057575,8.211408280856405,0.8795679427535568
1789997180.2164803,7.9548758367057575,8.211408280856405,0.8795679427535568
1789997180.3163476,7.9548758367057575,8.211408280856405,0.8795679427535568
1789997180.4185197,7.9548758367057575,8.211408280856405,0.8795679427535568
1789997180.5164018,7.9548758367057575,8.211408280856405,0.8795679427535568
1789997180.616085,7.9548758367057575,8.211408280856405,0.8795679427535568
1789997180.7171314,7.9548758367057575,8.211408280856405,0.8795679427535568
1789997180.815682,7.9548758367057575,8.211408280856405,0.8795679427535568
1789997180.916918,7.9548758367057575,8.211408280856405,0.8795679427535568
1789997181.0161886,7.9548758367057575,8.211408280856405,0.8795679427535568
1789997181.1159503,7.9548758367057575,8.211408280856405,0.8795679427535568
1789997181.2173328,7.9548758367057575,8.211408280856405,0.8795679427535568
1789997181.316433,7.9548758367057575,8.211408280856405,0.8795679427535568
1789997181.416481,7.9548758367057575,8.211408280856405,0.8795679427535568
1789997181.5172715,7.9548758367057575,8.211408280856405,0.8795679427535568
1789997181.6161664,7.9548758367057575,8.211408280856405,0.8795679427535568
1789997181.7161472,7.9548758367057575,8.211408280856405,0.8795679427535568
1789997181.8170009,7.9548758367057575,8.211408280856405,0.8795679427535568
1789997181.9177585,7.9548758367057575,8.211408280856405,0.8795679427535568
1789997182.0181596,7.9548758367057575,8.211408280856405,0.8795679427535568
1789997182.1183877,7.9548758367057575,8.211408280856405,0.8795679427535568
1789997182.2167733,7.9548758367057575,8.211408280856405,0.8795679427535568
1789997182.316769,7.9548758367057575,8.211408280856405,0.8795679427535568
1789997182.4166658,7.9548758367057575,8.211408280856405,0.8795679427535568
1789997182.516656,7.9548758367057575,8.211408280856405,0.8795679427535568
1789997182.6183488,7.9548758367057575,8.211408280856405,0.8795679427535568
1789997182.7166698,7.9548758367057575,8.211408280856405,0.8795679427535568
1789997182.816671,7.9548758367057575,8.211408280856405,0.8795679427535568
1789997182.9169104,7.9548758367057575,8.211408280856405,0.8795679427535568
1789997183.0169237,7.9548758367057575,8.211408280856405,0.8795679427535568
1789997183.116823,7.9548758367057575,8.211408280856405,0.8795679427535568
1789997183.2166426,7.9548758367057575,8.211408280856405,0.8795679427535568
1789997183.3169036,7.9548758367057575,8.211408280856405,0.8795679427535568
1789997183.416136,7.9548758367057575,8.211408280856405,0.8795679427535568
1789997183.516361,7.9548758367057575,8.211408280856405,0.8795679427535568
1789997183.6162694,7.9548758367057575,8.211408280856405,0.8795679427535568
1789997183.716418,7.9548758367057575,8.211408280856405,0.8795679427535568
1789997183.8164575,7.9548758367057575,8.211408280856405,0.8795679427535568
1789997183.91756,7.9548758367057575,8.211408280856405,0.8955679431409873
1789997184.0162091,7.9548758367057575,8.211408280856405,0.9273708060236014
1789997184.1178608,7.9548758367057575,8.211408280856405,0.9751736670584714
1789997184.2183747,7.9548758367057575,8.211408280856405,1.038129667922977
1789997184.3179512,7.9548758367057575,8.211408280856405,1.1168869688959155
1789997184.4179037,7.9548758367057575,8.211408280856405,1.2116442724914585
1789997184.5188932,7.9548758367057575,8.211408280856405,1.3116442754716913
1789997184.618263,7.9548758367057575,8.211408280856405,1.4116442784519236
1789997184.717845,7.9548758367057575,8.211408280856405,1.5116442814321562
1789997184.8181198,7.9548758367057575,8.211408280856405,1.6116442844123888
1789997184.9179668,7.9548758367057575,8.211408280856405,1.7116442873926214
1789997185.0167205,7.9548758367057575,8.211408280856405,1.811644290372854
1789997185.1176262,7.9548758367057575,8.211408280856405,1.9116442933530864
1789997185.2177594,7.9548758367057575,8.211408280856405,2.011644296333319
1789997185.3177469,7.9548758367057575,8.211408280856405,2.111644299313552
1789997185.4174829,7.9548758367057575,8.211408280856405,2.2116443022937844
1789997185.5163693,7.9548758367057575,8.211408280856405,2.311644305274017
1789997185.618144,7.9548758367057575,8.211408280856405,2.4116443082542496
1789997185.7178633,7.9548758367057575,8.211408280856405,2.511644311234482
1789997185.8176389,7.9548758367057575,8.211408280856405,2.6116443142147148
1789997185.9183967,7.9548758367057575,8.211408280856405,2.7116443171949474
1789997186.0187187,7.9548758367057575,8.211408280856405,2.81164432017518
1789997186.1176958,7.9548758367057575,8.211408280856405,2.9116443231554126
1789997186.2174342,7.9548758367057575,8.211408280856405,3.011644326135645
1789997186.3178232,7.9548758367057575,8.211408280856405,3.1116443291158777
1789997186.417654,7.9548758367057575,8.211408280856405,-3.071540975083476
1789997186.5182662,7.942556136430782,8.20929286478982,-2.9715409721032437
1789997186.6178446,7.918462208700618,8.202623333581885,-2.8715409691230116
1789997186.7178245,7.894119202414993,8.193489988335646,-2.782652079571849
1789997186.8179262,7.870683086959476,8.182231727245913,-2.693763190020686
1789997186.9176233,7.848338914689075,8.168937445920488,-2.604874300469523
1789997187.0183218,7.8272015810020905,8.15379766141033,-2.5200384075537974
1789997187.1178203,7.807155643616603,8.13723987337128,-2.451202517260676
1789997187.2190113,7.7877797054156055,8.11990283298833,-2.411673658599024
1789997187.3183107,7.768678896529516,8.102263132018471,-2.3959418534085803
1789997187.4177103,7.74976537006121,8.084422771401554,-2.385384900008207
1789997187.51646,7.730982482116574,8.06644492195096,-2.378090401251679
1789997187.619089,7.7122929228316375,8.048370068586582,-2.372913066741889
1789997187.7161944,7.693669330268748,8.03022725319149,-2.3692702784918898
1789997187.816127,7.675098772490066,8.012030156329693,-2.3663514631584937
1789997187.9168162,7.6565673298123915,7.993793227238067,-2.364204289742624
1789997188.016157,7.638369868989868,7.975223026107717,-2.3460571162187214
1789997188.1162968,7.620686652593336,7.956162495992256,-2.318727728702938
1789997188.2162461,7.603307464404277,7.93682435315748,-2.3028927098744267
1789997188.3171732,7.5860839322294655,7.917347446579889,-2.2948723578610175
1789997188.4163156,7.568929373839715,7.897809763071817,-2.291336567119574
1789997188.5168788,7.551775762531,7.878271248044353,-2.2912880935694506
1789997188.6177032,7.534597382524747,7.858754506237133,-2.292556485905074
1789997188.7165596,7.517375143723815,7.8392764559986565,-2.2948059543024235
1789997188.8165162,7.500090878561552,7.819853425127819,-2.2979948789800937
1789997188.9168224,7.482746034781059,7.8004844720162225,-2.301118130887621
1789997189.0171192,7.46530236795238,7.78120447103129,-2.3062319993029767
1789997189.1164234,7.447777191582261,7.761998530710517,-2.310467801614427
1789997189.2168963,7.430184530592437,7.742854387227297,-2.3139871967944736
1789997189.3169396,7.412534729815955,7.723762910517533,-2.3169760194595392
1789997189.4165595,7.394833713283368,7.70471890977919,-2.3196620078745718
1789997189.518012,7.377087129666576,7.685717364569888,-2.32205740325036
1789997189.6167703,7.359302137095308,7.666751764404091,-2.3240806757926427
1789997189.716552,7.341477787716241,7.647823147982865,-2.326157868419536
1789997189.8175337,7.323619941227027,7.6289261305151115,-2.3279290007415643
1789997189.9175022,7.305732279937621,7.610057332885043,-2.329507930994727
1789997190.0163,7.287815582718462,7.591216103860218,-2.331047888750904
1789997190.11644,7.26983416547098,7.572436631445347,-2.334488545729541
1789997190.2171776,7.251807481872674,7.55370060655063,-2.3369017526495686
1789997190.3160832,7.233748332814176,7.53499587223838,-2.3386359830840906
1789997190.4165394,7.215664672298252,7.516314834452599,-2.339947254861467
1789997190.5161843,7.197562519714199,7.497651715146529,-2.3409376141603517
1789997190.617167,7.179445246142577,7.479003274226711,-2.341748139726691
1789997190.7176986,7.161315889725987,7.4603665796075145,-2.342396271716565
1789997190.8178198,7.143175817651263,7.441740314938162,-2.3429714089597056
1789997190.9175398,7.125026186175986,7.423123364926934,-2.3434847588639185
1789997191.0176413,7.106867629704461,7.404515120053239,-2.3439642725966348
1789997191.1176605,7.089304536935,7.38534384667925,-2.312443785973586
1789997191.2173595,7.072117337070305,7.365834871533949,-2.2930084882758033
1789997191.3178794,7.05511966063568,7.346160549532092,-2.283334879063762
1789997191.4175787,7.038203928613379,7.326415728424808,-2.279177290246583
1789997191.515939,7.021292777603541,7.3066669836056715,-2.2789453024615005
1789997191.6179042,7.004338497107955,7.286955253004683,-2.2811312603403286
1789997191.7174587,6.987339254453946,7.2672822842506015,-2.283414489087875
1789997191.8175566,6.970264996341185,7.247674386344203,-2.2872339245502307
1789997191.9174645,6.95311324335366,7.228134239981807,-2.291192986873205
1789997192.0184188,6.9358833193466785,7.208662987604967,-2.2952005804155426
1789997192.1176434,6.918267296906686,7.189540338630449,-2.3152081743453103
1789997192.218096,6.900032365807122,7.171006929926083,-2.3480768800352174
1789997192.3179035,6.881433939911437,7.1528383167535905,-2.3678841218922693
1789997192.4178994,6.862635318863991,7.134876919337926,-2.3789659400109606
1789997192.5161803,6.8437333313730555,7.117024333550387,-2.3847383309726076
1789997192.6168134,6.824794497417092,7.099210840945134,-2.3868045212340014
1789997192.7160451,6.80584564049225,7.081408010505825,-2.3873673512937907
1789997192.8162878,6.786912584377233,7.063588377048469,-2.386480225190747
1789997192.9177701,6.768004959416284,7.04574176199841,-2.385054162690643
1789997193.016418,6.749127191274162,7.02786356800737,-2.383382673735026
1789997193.1158054,6.730253072183671,7.0099815217327714,-2.3831785894453
1789997193.2178392,6.71139489395395,6.99208266522558,-2.38228756331256
1789997193.3170285,6.692557849917122,6.9741615680950035,-2.38110753998509
1789997193.4176888,6.673755400384326,6.956204178474695,-2.379179114544525
1789997193.516313,6.654986020563693,6.9382122266195525,-2.37733931990689
1789997193.6176276,6.636253718496079,6.920181674502199,-2.3752807323110696
1789997193.717581,6.617552574464945,6.902118807555457,-2.373554210992291
1789997193.8191369,6.598884206075982,6.884022068288315,-2.371741379679873
1789997193.9184844,6.58024481260242,6.865895486665002,-2.3701415865903193
1789997194.016848,6.5616351444109755,6.847738388873414,-2.368503093695029
1789997194.117644,6.543053636355637,6.829552473752137,-2.366953407622635
1789997194.218195,6.52445540994064,6.811383656382108,-2.3678731425420785
1789997194.3180692,6.50585803724602,6.7932139651556085,-2.3678261554526334
1789997194.417429,6.487271651260193,6.775033035410549,-2.3672216701280493
1789997194.5179179,6.468702236641471,6.7568347720009,-2.366288644164445
1789997194.6172304,6.450150444625024,6.738618543977859,-2.3653207547223363
1789997194.7180176,6.431619052602416,6.720381563413265,-2.3642015121370723
1789997194.8174896,6.413106612760668,6.702125344705258,-2.3631628430407665
1789997194.9182093,6.394613513387168,6.683849534847121,-2.362104020566324
1789997195.016356,6.376137843912571,6.665556104663736,-2.361150765997002
1789997195.1171331,6.357680176075191,6.64724451138478,-2.360167205050232
1789997195.21823,6.339836419546876,6.628334188717856,-2.327183644935133
1789997195.3175247,6.322376145855229,6.609069225883173,-2.3070936870720407
1789997195.4177444,6.305109563220527,6.58963047400637,-2.2970848576124925
1789997195.5186048,6.287934464521266,6.570110844525266,-2.292388370535912
1789997195.6173975,6.270783562196877,6.550569951509126,-2.2911494535818866
1789997195.7172718,6.253607510630231,6.5310511604864,-2.292437187438475
1789997195.817317,6.236389006642155,6.511569808612837,-2.2946142258547413
1789997195.9178524,6.219115266861178,6.492137416470128,-2.297453107447939
1789997196.0178688,6.201780636621573,6.472759322011046,-2.300590940234827
1789997196.1178646,6.184381617050794,6.453439020036579,-2.3039186890661885
1789997196.2176085,6.166893354215254,6.434199461481247,-2.3085474975831977
1789997196.3179114,6.149329761284449,6.415028646324612,-2.3124698753893544
1789997196.4171093,6.131702362159243,6.395916483953765,-2.3158032699912954
1789997196.5179408,6.1140173937878055,6.376857579365352,-2.318819649001228
1789997196.6174126,6.096283425654065,6.357844259701485,-2.321393690114485
1789997196.7174346,6.07850311164064,6.338874273302097,-2.3238340177998116
1789997196.8181498,6.060681918350204,6.319942685410062,-2.3259911451447923
1789997196.9183524,6.042823769659219,6.301045953530194,-2.3279449928976765
1789997197.0183394,6.024929957016186,6.282182989301183,-2.3298339880496433
1789997197.1179824,6.007004805216717,6.263349803607442,-2.331496712188812
1789997197.2183292,5.988749821348451,6.2448361460979624,-2.3491594362963157
1789997197.317517,5.969945412704631,6.226880808006877,-2.379288218538852
1789997197.4174302,5.950845290512271,6.209240363493037,-2.395902925353141
1789997197.5177422,5.9315940031704315,6.191765012678508,-2.4045123966369943
1789997197.6164117,5.912279062692427,6.174360041413376,-2.408162194672616
1789997197.718136,5.8929624678166945,6.156956906270081,-2.4082572528585957
1789997197.8185062,5.873662674784564,6.139535140018468,-2.40729232020268
1789997197.918442,5.854404824994453,6.122067021291185,-2.404888000335188
1789997198.0163348,5.835201198201504,6.104539309848842,-2.401789176646264
1789997198.1172647,5.816060347712082,6.086943066131772,-2.3982146226760164
1789997198.217511,5.796973109188998,6.069288682087805,-2.3951728654984548
1789997198.3176556,5.777901282825104,6.0516176495895495,-2.3943002836737945
1789997198.417367,5.758860975361127,6.0339126604032725,-2.3925183483358636
1789997198.517703,5.739862727635838,6.016162546776101,-2.390145786102505
1789997198.6175559,5.720908750326452,5.998365167908296,-2.387655011653544
1789997198.7181625,5.702001805847656,5.98051783194786,-2.3850160339806394
1789997198.81843,5.6831406292937565,5.962622134995476,-2.382455092943849
1789997198.918042,5.664324109879599,5.944679488937951,-2.3799629511270837
1789997199.0174327,5.6455510460116995,5.926691381104699,-2.3775441026274278
1789997199.1170766,5.626818682094576,5.908660893244262,-2.375284162578748
1789997199.2179136,5.608123417740854,5.890591940835408,-2.373228753959404
1789997199.3175523,5.5900542200760155,5.871896913524438,-2.3391733451239927
1789997199.4165115,5.572349200007514,5.852856634776928,-2.3198722539894443
1789997199.5164905,5.554842697349867,5.833633671553045,-2.3094959440134626
1789997199.6157103,5.537436366708229,5.814319956115488,-2.3042971674777726
1789997199.7165408,5.5200611233566175,5.794978268782652,-2.30268873599881
1789997199.8164034,5.502685579563063,5.775636851350436,-2.302704269495654
1789997199.9170368,5.485279269531908,5.7563231173378675,-2.3042961003359883
1789997200.0162375,5.467832115603339,5.737046271895686,-2.306412880272466
1789997200.116379,5.4503317650254175,5.717817707725192,-2.309175952580619
1789997200.2172012,5.43277995298069,5.698636106010125,-2.3118555263251546
1789997200.3179789,5.415153728474431,5.679522860339546,-2.315741812494445
1789997200.4168189,5.397464923817127,5.660467516201885,-2.319020953551728
1789997200.5164266,5.379718977306895,5.641465375983874,-2.322023874577928
1789997200.616714,5.361925319901798,5.622507904988013,-2.32453764477824
1789997200.7159035,5.344089987078057,5.603589637269342,-2.3267382831413777
1789997200.8175056,5.32621623437766,5.584707663992854,-2.328771067187983
1789997200.9159412,5.30831022845165,5.5658562740656725,-2.33048060034481
1789997201.0158176,5.290370495824401,5.547036976956806,-2.332271207040969
1789997201.1165438,5.272401792498014,5.528245339157583,-2.3338117533464464
1789997201.2171285,5.254407211502708,5.509478479931481,-2.3351897459112587
1789997201.316124,5.2363643367728,5.490758046659525,-2.3377662834346773
1789997201.4167364,5.218285257773638,5.47207257495151,-2.339702034379217
1789997201.515666,5.200179134740196,5.453413307572891,-2.3411503791910144
1789997201.6163163,5.182050815899979,5.434775603679,-2.342340599383089
1789997201.7166183,5.163905118018495,5.4161548196245395,-2.3432734896297114
1789997201.8163762,5.145744472364436,5.397548613675001,-2.3440765506223324
1789997201.9169712,5.127570759053389,5.378955171419818,-2.3447791194411476
1789997202.0163949,5.109385728769541,5.360372797406134,-2.3453879546242318
1789997202.1168272,5.091189901949317,5.341800995212019,-2.3459691294570004
1789997202.2175772,5.072984542187572,5.323238537768178,-2.346482560525976
1789997202.3173828,5.054770426796269,5.304684671569426,-2.346954354525871
1789997202.4171865,5.036525432790803,5.286161169088808,-2.34861998550906
1789997202.5177238,5.018260421144734,5.267657404607549,-2.3497012232182097
1789997202.6179419,4.999982330380715,5.2491665596179,-2.3504083055521843
1789997202.7180064,4.981695637901362,5.230684221330375,-2.350873600364059
1789997202.8178296,4.96340318476615,5.2122075844961175,-2.351185332807574
1789997202.917599,4.9451067172118925,5.19373492292706,-2.351402626190895
1789997203.0175025,4.926807374862945,5.175265109175834,-2.351558262469109
1789997203.1172965,4.908505801220441,5.15679750639104,-2.351679077283108
1789997203.2178147,4.890202278855095,5.138331835013313,-2.3517846039597425
1789997203.3175795,4.871897009410877,5.1198678955370385,-2.351879220655166
1789997203.417219,4.853573756338798,5.101421802528884,-2.3528536780169014
1789997203.517641,4.835240141237435,5.082986008330532,-2.3534155814223703
1789997203.6172042,4.816900906068436,5.064555804755284,-2.353720473080386
1789997203.7173948,4.798559104099619,5.04612815566633,-2.3538597541089183
1789997203.8175635,4.78021634486458,5.0277014594335725,-2.353911702730613
1789997203.9173093,4.76187375778929,5.009274591826887,-2.353902359821506
1789997204.0178301,4.743531753559084,4.990847144059274,-2.3538707301423636
1789997204.1173663,4.725190399794357,4.972419048865086,-2.353835432033804
1789997204.2175176,4.706849673929694,4.953990328747666,-2.353801359634519
1789997204.3175778,4.688509341187691,4.9355612173930306,-2.3537800277957213
1789997204.4171143,4.670148908384087,4.9171521311127915,-2.3548712896324213
1789997204.5178273,4.651778018479652,4.898753480223989,-2.3554394908506873
1789997204.6176195,4.63340205793546,4.8803598937197945,-2.3557151272393746
1789997204.7176127,4.615025020510894,4.861967383127029,-2.355773675466036
1789997204.817712,4.596648737030674,4.843574119255069,-2.3557326843841215
1789997204.918249,4.578274398847057,4.825178912087901,-2.355626928610865
1789997205.0188153,4.559902623092009,4.806781145755675,-2.3554876395933313
1789997205.1174953,4.541533412268655,4.7883808184722785,-2.3553482339101826
1789997205.217761,4.52316676797008,4.769977929361637,-2.3552087610583037
1789997205.3179705,4.504802386610878,4.751572782046206,-2.3550858020748926
1789997205.4181476,4.486439901171107,4.733165743205503,-2.3549827970850963
1789997205.517833,4.468059584271472,4.714776509913222,-2.3559519962694244
1789997205.618603,4.4496705618213035,4.696395982071614,-2.3564255130996674
1789997205.7176363,4.431277948502567,4.6780190474600865,-2.356620894843501
1789997205.8177392,4.412885628115719,4.659641819671422,-2.3566049547774233
1789997205.9177392,4.394495036257812,4.6412628620969345,-2.356510901005378
1789997206.0159125,4.376107310257128,4.622881037298164,-2.3563549817331584
1789997206.1174731,4.357723056747149,4.604495739549969,-2.3561660906557442
1789997206.2177017,4.339341719707277,4.586107525959857,-2.356007472672638
1789997206.3174262,4.320963460175728,4.567716236527087,-2.355840123575319
1789997206.4172232,4.302587981207973,4.549322168920532,-2.3556889458234873
1789997206.5174444,4.284195929093716,4.530944672642872,-2.356590356785011
1789997206.617133,4.265795738467835,4.51257532493153,-2.357033307014637
1789997206.717556,4.247392914693347,4.4942086151681,-2.357176662006088
1789997206.8173258,4.228990426938208,4.475841568730774,-2.3571583671523624
1789997206.917376,4.21059037183548,4.457472085269732,-2.3570259293627824
1789997207.0177963,4.192193571587151,4.439099342114938,-2.356848756954343
1789997207.1171052,4.173800430152842,4.420722936084746,-2.3566496332146123
1789997207.2175696,4.155411221049806,4.402342594984164,-2.3564356680754934
1789997207.317523,4.137025540573064,4.38395872423244,-2.3562437082261676
1789997207.417449,4.1186430949323265,4.365571618895431,-2.3560677631553624
1789997207.5176704,4.1002498285592175,4.347195337918673,-2.3566564321080583
1789997207.6173446,4.081851783680967,4.328823841107939,-2.356916502534215
1789997207.7176251,4.063452875035827,4.310453209352969,-2.356963520326746
1789997207.8179498,4.045055088661077,4.29208145366882,-2.3569024317329528
1789997207.9176915,4.026659625495115,4.2737073717783245,-2.356775984280022
1789997208.0159945,4.008267143522195,4.255330305709859,-2.3566137475499196
1789997208.117901,3.989877915791358,4.236949983246084,-2.3564366815392637
1789997208.2179444,3.9714912683526165,4.218567079602416,-2.356296307999502
1789997208.3173287,3.95310728736727,4.2001815093491075,-2.3561512678002248
1789997208.417136,3.934725579636073,4.181793666319165,-2.356027632056713
1789997208.5180378,3.9163293189770148,4.163420382884435,-2.3568193883765263
1789997208.6172292,3.8979256801931044,4.1450544897691985,-2.357221037267219
1789997208.717624,3.879520147143214,4.1266904950088446,-2.357324183020602
1789997208.8177602,3.8611149749835083,4.1083261385491,-2.3573045311618546
1789997208.9174683,3.84271181395537,4.089959766708659,-2.3571950243996174
1789997209.0176907,3.824311563135281,4.071590479292792,-2.3570365839033105
1789997209.1173997,3.8059143507294095,4.053218148844474,-2.3568711903040014
1789997209.217308,3.787520250544375,4.034842702488212,-2.3567018074950385
1789997209.3171718,3.7691289650303634,4.016464439035126,-2.356548643581401
1789997209.4179065,3.750740138231817,3.998083715453558,-2.3564148686512554
1789997209.517697,3.7323533324598563,3.979700970176719,-2.3563049211056852
1789997209.6176698,3.7139531931277205,3.9613315710856516,-2.3570305146632666
1789997209.7180486,3.6955464618815603,3.942968777310178,-2.3573894321924955
1789997209.8174086,3.677137438843214,3.924608281097315,-2.357514246291895
1789997209.9175844,3.6587290097762124,3.906247189362505,-2.357481896310411
1789997210.0183504,3.6403223014839474,3.887884372578242,-2.357388182171336
1789997210.1180446,3.6219180316751878,3.8695191118064667,-2.357255396375614
1789997210.2179291,3.603516674373685,3.851150932803872,-2.3570968211227514
1789997210.3175998,3.585118089419973,3.8327799768649458,-2.356945900433413
1789997210.4176364,3.5667220630162983,3.814406458884868,-2.3568066386745263
1789997210.5161667,3.548328211597743,3.796030763512963,-2.3566882696038296
1789997210.616633,3.529922538059675,3.7776669095596396,-2.3573318332469273
1789997210.7180607,3.5115104488898985,3.7593094880954703,-2.3576812563848866
1789997210.8175871,3.4930957934482496,3.740954640905306,-2.357821060976777
1789997210.9176955,3.4746817102091625,3.722599219665985,-2.3577898869981357
1789997211.0158951,3.456269298223423,3.7042421219848065,-2.35769884157845
1789997211.1177428,3.4378595609794282,3.685882341893095,-2.3575531460889683
1789997211.2178524,3.4194521584009125,3.6675202210809066,-2.357425992242417
1789997211.3173025,3.4010474682221745,3.649155381581646,-2.357278286047869
1789997211.4162931,3.382645259605663,3.6307880554713132,-2.3571431694718847
1789997211.515832,3.3642452086990926,3.6124185678071306,-2.35702570093191
1789997211.6164355,3.34583747055104,3.594056783398156,-2.357444267506718
1789997211.716766,3.3274259499933563,3.575698791646253,-2.357650282358292
1789997211.8164468,3.309013537851265,3.557341694121897,-2.3576988500956864
1789997211.9165263,3.2906018380615256,3.5389838821264155,-2.3576600455685472
1789997212.016421,3.2721915835905464,3.5206246206836798,-2.357581318228687
1789997212.116605,3.253783143562759,3.5022635399379207,-2.357482493267809
1789997212.217477,3.23537647109064,3.4839006872479636,-2.3573862314841896
1789997212.3184686,3.2169713627801664,3.465536266797302,-2.3573010543658817
1789997212.4177597,3.198567553595874,3.4471705444342393,-2.3572303153988394
1789997212.5167544,3.1801646993095427,3.428803865242698,-2.357178323265463
1789997212.6172235,3.161762430419951,3.4104365995201116,-2.3571464510153524
1789997212.7168686,3.143352050971288,3.39207746340304,-2.357588125589165
1789997212.8168306,3.124937886894096,3.373722123260531,-2.3577942910530614
1789997212.9170072,3.106522334300085,3.3553681761900465,-2.3578699404009162
1789997213.0158517,3.088106776063955,3.3370142347806206,-2.357870247807249
1789997213.1167638,3.0696921731081748,3.3186593349337157,-2.357818201470899
1789997213.2162478,3.0512785916429497,3.3003034103306765,-2.3577625508245084
1789997213.3171442,3.0328661384540867,3.281946353976869,-2.357701086114638
1789997213.4165413,3.0144545989810583,3.2635883811954844,-2.3576513127190526
1789997213.5168626,2.996043742371948,3.2452297235831282,-2.3576141162818645
1789997213.616417,2.977633280038274,3.2268706705827883,-2.3575926402459557
1789997213.7163017,2.959222945834394,3.208511489094759,-2.3575856611634194
1789997213.8175354,2.940813191092965,3.190151726548109,-2.3575540991201236
1789997213.9170384,2.9224042289399454,3.171791169289201,-2.3575109301927553
1789997214.0160904,2.9039275855552766,3.1534987227703586,-2.361204005670832
1789997214.116757,2.885347305473756,3.135311553048239,-2.3668858866068585
1789997214.2176938,2.866685701236902,3.117207838575348,-2.3713676743070646
1789997214.3175766,2.847959849225576,3.0991705877632407,-2.374923069481836
1789997214.4176106,2.8291828573890108,3.0811865802015626,-2.377762492266582
1789997214.518512,2.8103648082079364,3.0632455385532187,-2.3800482136524335
1789997214.617682,2.7915134620726865,3.0453394865233063,-2.381905934386985
1789997214.7176719,2.772634781565913,3.027462255956686,-2.383433707370521
1789997214.8179464,2.7544018066807947,3.0102405264643246,-2.3847089376627517
1789997214.917962,2.738583781346617,2.9953320705085917,-2.385787980849953
1789997215.0186152,2.731862253899675,2.9889970448792256,-2.385787980849953
1789997215.117673,2.731862253899675,2.9889970448792256,-2.385787980849953
1789997215.2178817,2.731862253899675,2.9889970448792256,-2.385787980849953
1789997215.3173015,2.731862253899675,2.9889970448792256,-2.385787980849953
1789997215.417298,2.731862253899675,2.9889970448792256,-2.385787980849953
1789997215.517442,2.731862253899675,2.9889970448792256,-2.385787980849953
1789997215.6177359,2.731862253899675,2.9889970448792256,-2.385787980849953
1789997215.7177222,2.731862253899675,2.9889970448792256,-2.385787980849953
1789997215.817472,2.731862253899675,2.9889970448792256,-2.385787980849953
1789997215.917314,2.731862253899675,2.9889970448792256,-2.385787980849953
1789997216.016074,2.731862253899675,2.9889970448792256,-2.385787980849953
1789997216.1162117,2.731862253899675,2.9889970448792256,-2.385787980849953
1789997216.2163143,2.731862253899675,2.9889970448792256,-2.385787980849953
1789997216.316275,2.731862253899675,2.9889970448792256,-2.385787980849953
1789997216.4160006,2.731862253899675,2.9889970448792256,-2.385787980849953
1789997216.5157328,2.731862253899675,2.9889970448792256,-2.385787980849953
1789997216.6167808,2.731862253899675,2.9889970448792256,-2.385787980849953
1789997216.7165809,2.731862253899675,2.9889970448792256,-2.385787980849953
1789997216.8163266,2.731862253899675,2.9889970448792256,-2.385787980849953
1789997216.9159539,2.731862253899675,2.9889970448792256,-2.385787980849953
1789997217.0158725,2.731862253899675,2.9889970448792256,-2.385787980849953
1789997217.1171775,2.731862253899675,2.9889970448792256,-2.385787980849953
1789997217.2165847,2.731862253899675,2.9889970448792256,-2.385787980849953
1789997217.3161275,2.731862253899675,2.9889970448792256,-2.385787980849953
1789997217.416019,2.731862253899675,2.9889970448792256,-2.385787980849953
1789997217.5167415,2.731862253899675,2.9889970448792256,-2.385787980849953
1789997217.617607,2.731862253899675,2.9889970448792256,-2.385787980849953
1789997217.7173617,2.731862253899675,2.9889970448792256,-2.385787980849953
1789997217.8161428,2.731862253899675,2.9889970448792256,-2.385787980849953
1789997217.9161532,2.731862253899675,2.9889970448792256,-2.385787980849953
1789997218.0159204,2.731862253899675,2.9889970448792256,-2.385787980849953
1789997218.117053,2.731862253899675,2.9889970448792256,-2.385787980849953
1789997218.2160754,2.731862253899675,2.9889970448792256,-2.385787980849953
1789997218.3158724,2.731862253899675,2.9889970448792256,-2.385787980849953
1789997218.4157765,2.731862253899675,2.9889970448792256,-2.385787980849953
1789997218.5163357,2.731862253899675,2.9889970448792256,-2.385787980849953
1789997218.616365,2.731862253899675,2.9889970448792256,-2.385787980849953
1789997218.7161264,2.731862253899675,2.9889970448792256,-2.385787980849953
1789997218.8173573,2.731862253899675,2.9889970448792256,-2.385787980849953
1789997218.9164112,2.731862253899675,2.9889970448792256,-2.385787980849953
1789997219.0166142,2.731862253899675,2.9889970448792256,-2.385787980849953
1789997219.1165195,2.731862253899675,2.9889970448792256,-2.385787980849953
1789997219.216536,2.731862253899675,2.9889970448792256,-2.385787980849953
1789997219.3164794,2.731862253899675,2.9889970448792256,-2.385787980849953
1789997219.4170542,2.731862253899675,2.9889970448792256,-2.385787980849953
1789997219.517793,2.731862253899675,2.9889970448792256,-2.385787980849953
1789997219.618393,2.731862253899675,2.9889970448792256,-2.385787980849953
1789997219.716176,2.731862253899675,2.9889970448792256,-2.385787980849953
1789997219.816451,2.731862253899675,2.9889970448792256,-2.385787980849953
1789997219.9164524,2.731862253899675,2.9889970448792256,-2.385787980849953
1789997220.0164073,2.731862253899675,2.9889970448792256,-2.385787980849953
1789997220.1163585,2.731862253899675,2.9889970448792256,-2.385787980849953
1789997220.216634,2.731862253899675,2.9889970448792256,-2.385787980849953
1789997220.3163147,2.731862253899675,2.9889970448792256,-2.385787980849953
1789997220.4160697,2.731862253899675,2.9889970448792256,-2.385787980849953
1789997220.5164273,2.731862253899675,2.9889970448792256,-2.385787980849953
1789997220.6162026,2.731862253899675,2.9889970448792256,-2.385787980849953
1789997220.7161095,2.731862253899675,2.9889970448792256,-2.385787980849953
1789997220.8161044,2.731862253899675,2.9889970448792256,-2.385787980849953
1789997220.9162314,2.731862253899675,2.9889970448792256,-2.385787980849953
1789997221.0162246,2.731862253899675,2.9889970448792256,-2.385787980849953
1789997221.1172621,2.731862253899675,2.9889970448792256,-2.385787980849953
1789997221.216519,2.731862253899675,2.9889970448792256,-2.385787980849953
1789997221.3162794,2.731862253899675,2.9889970448792256,-2.385787980849953
1789997221.416159,2.731862253899675,2.9889970448792256,-2.385787980849953
1789997221.5164237,2.731862253899675,2.9889970448792256,-2.385787980849953
1789997221.6163867,2.731862253899675,2.9889970448792256,-2.385787980849953
1789997221.7163436,2.731862253899675,2.9889970448792256,-2.385787980849953
1789997221.8162913,2.731862253899675,2.9889970448792256,-2.385787980849953
1789997221.916824,2.731862253899675,2.9889970448792256,-2.385787980849953
1789997222.0175264,2.731862253899675,2.9889970448792256,-2.385787980849953
1789997222.1163552,2.731862253899675,2.9889970448792256,-2.385787980849953
1789997222.2165785,2.731862253899675,2.9889970448792256,-2.385787980849953
1789997222.3165026,2.731862253899675,2.9889970448792256,-2.385787980849953
1789997222.41621,2.731862253899675,2.9889970448792256,-2.385787980849953
1789997222.5162413,2.731862253899675,2.9889970448792256,-2.385787980849953
1789997222.6162393,2.731862253899675,2.9889970448792256,-2.385787980849953
1789997222.7160335,2.731862253899675,2.9889970448792256,-2.385787980849953
1789997222.8168561,2.731862253899675,2.9889970448792256,-2.385787980849953
1789997222.9159715,2.731862253899675,2.9889970448792256,-2.385787980849953
1789997223.0160275,2.731862253899675,2.9889970448792256,-2.385787980849953
1789997223.116123,2.731862253899675,2.9889970448792256,-2.385787980849953
1789997223.2161968,2.731862253899675,2.9889970448792256,-2.385787980849953
1789997223.3171995,2.731862253899675,2.9889970448792256,-2.385787980849953
1789997223.4177356,2.731862253899675,2.9889970448792256,-2.385787980849953
1789997223.5160043,2.731862253899675,2.9889970448792256,-2.385787980849953
1789997223.6158526,2.731862253899675,2.9889970448792256,-2.385787980849953
1789997223.717181,2.731862253899675,2.9889970448792256,-2.385787980849953
1789997223.8160815,2.731862253899675,2.9889970448792256,-2.385787980849953
1789997223.9160678,2.731862253899675,2.9889970448792256,-2.385787980849953
1789997224.0160468,2.731862253899675,2.9889970448792256,-2.385787980849953
1789997224.1166832,2.731862253899675,2.9889970448792256,-2.385787980849953
1789997224.2170765,2.731862253899675,2.9889970448792256,-2.385787980849953
1789997224.3166096,2.731862253899675,2.9889970448792256,-2.385787980849953
1789997224.4168046,2.731862253899675,2.9889970448792256,-2.385787980849953
1789997224.5164475,2.731862253899675,2.9889970448792256,-2.385787980849953
1789997224.6163163,2.731862253899675,2.9889970448792256,-2.385787980849953
1789997224.717317,2.731862253899675,2.9889970448792256,-2.385787980849953
1789997224.8177958,2.731862253899675,2.9889970448792256,-2.385787980849953
1789997224.9163096,2.731862253899675,2.9889970448792256,-2.385787980849953
1789997225.017487,2.731862253899675,2.9889970448792256,-2.385787980849953
1789997225.1165614,2.731862253899675,2.9889970448792256,-2.385787980849953
1789997225.2168868,2.731862253899675,2.9889970448792256,-2.385787980849953
1789997225.3173003,2.731862253899675,2.9889970448792256,-2.385787980849953
1789997225.416165,2.731862253899675,2.9889970448792256,-2.385787980849953
1789997225.5159237,2.731862253899675,2.9889970448792256,-2.385787980849953
1789997225.6161537,2.731862253899675,2.9889970448792256,-2.385787980849953
1789997225.7164288,2.731862253899675,2.9889970448792256,-2.385787980849953
1789997225.8162606,2.731862253899675,2.9889970448792256,-2.385787980849953
1789997225.9160194,2.731862253899675,2.9889970448792256,-2.385787980849953
1789997226.0170314,2.731862253899675,2.9889970448792256,-2.385787980849953
1789997226.117074,2.731862253899675,2.9889970448792256,-2.385787980849953
1789997226.2171228,2.731862253899675,2.9889970448792256,-2.385787980849953
1789997226.3161047,2.731862253899675,2.9889970448792256,-2.385787980849953
1789997226.4171567,2.731862253899675,2.9889970448792256,-2.385787980849953
1789997226.5158937,2.731862253899675,2.9889970448792256,-2.385787980849953
1789997226.6168191,2.731862253899675,2.9889970448792256,-2.385787980849953
1789997226.7168586,2.731862253899675,2.9889970448792256,-2.385787980849953
1789997226.8170867,2.731862253899675,2.9889970448792256,-2.385787980849953
1789997226.916472,2.731862253899675,2.9889970448792256,-2.385787980849953
1789997227.0164616,2.731862253899675,2.9889970448792256,-2.385787980849953
1789997227.116226,2.731862253899675,2.9889970448792256,-2.385787980849953
1789997227.216368,2.731862253899675,2.9889970448792256,-2.385787980849953
1789997227.3163714,2.731862253899675,2.9889970448792256,-2.385787980849953
1789997227.4165924,2.731862253899675,2.9889970448792256,-2.385787980849953
1789997227.5163705,2.731862253899675,2.9889970448792256,-2.385787980849953
1789997227.6176753,2.731862253899675,2.9889970448792256,-2.385787980849953
1789997227.7176466,2.731862253899675,2.9889970448792256,-2.385787980849953
1789997227.8165624,2.731862253899675,2.9889970448792256,-2.385787980849953
1789997227.9166334,2.731862253899675,2.9889970448792256,-2.385787980849953
1789997228.0162861,2.731862253899675,2.9889970448792256,-2.385787980849953
1789997228.1170206,2.731862253899675,2.9889970448792256,-2.385787980849953
1789997228.2166493,2.731862253899675,2.9889970448792256,-2.385787980849953
1789997228.3166738,2.731862253899675,2.9889970448792256,-2.385787980849953
1789997228.4168866,2.731862253899675,2.9889970448792256,-2.385787980849953
1789997228.516822,2.731862253899675,2.9889970448792256,-2.385787980849953
1789997228.6175337,2.731862253899675,2.9889970448792256,-2.385787980849953
1789997228.7177918,2.731862253899675,2.9889970448792256,-2.385787980849953
1789997228.816148,2.731862253899675,2.9889970448792256,-2.385787980849953
1789997228.9164934,2.731862253899675,2.9889970448792256,-2.385787980849953
1789997229.0165083,2.731862253899675,2.9889970448792256,-2.385787980849953
1789997229.1164532,2.731862253899675,2.9889970448792256,-2.385787980849953
1789997229.2168248,2.731862253899675,2.9889970448792256,-2.385787980849953
1789997229.3172214,2.731862253899675,2.9889970448792256,-2.385787980849953
1789997229.417518,2.731862253899675,2.9889970448792256,-2.385787980849953
1789997229.5163796,2.731862253899675,2.9889970448792256,-2.385787980849953
1789997229.6161978,2.731862253899675,2.9889970448792256,-2.385787980849953
1789997229.7173839,2.731862253899675,2.9889970448792256,-2.385787980849953
1789997229.8164103,2.731862253899675,2.9889970448792256,-2.385787980849953
1789997229.915976,2.731862253899675,2.9889970448792256,-2.385787980849953
1789997230.0163207,2.731862253899675,2.9889970448792256,-2.385787980849953
1789997230.1161518,2.731862253899675,2.9889970448792256,-2.385787980849953
1789997230.2160919,2.731862253899675,2.9889970448792256,-2.385787980849953
1789997230.3162856,2.731862253899675,2.9889970448792256,-2.385787980849953
1789997230.4161808,2.731862253899675,2.9889970448792256,-2.385787980849953
1789997230.5158265,2.731862253899675,2.9889970448792256,-2.385787980849953
1789997230.6168466,2.731862253899675,2.9889970448792256,-2.385787980849953
1789997230.716177,2.731862253899675,2.9889970448792256,-2.385787980849953
1789997230.8174577,2.731862253899675,2.9889970448792256,-2.385787980849953
1789997230.9162726,2.731862253899675,2.9889970448792256,-2.385787980849953
1789997231.0165827,2.731862253899675,2.9889970448792256,-2.385787980849953
1789997231.116655,2.731862253899675,2.9889970448792256,-2.385787980849953
1789997231.2167497,2.731862253899675,2.9889970448792256,-2.385787980849953
1789997231.3169837,2.731862253899675,2.9889970448792256,-2.385787980849953
1789997231.4165761,2.731862253899675,2.9889970448792256,-2.385787980849953
1789997231.5166128,2.731862253899675,2.9889970448792256,-2.385787980849953
1789997231.61831,2.731862253899675,2.9889970448792256,-2.385787980849953
1789997231.7173655,2.731862253899675,2.9889970448792256,-2.385787980849953
1789997231.8174512,2.731862253899675,2.9889970448792256,-2.385787980849953
1789997231.9170697,2.731862253899675,2.9889970448792256,-2.385787980849953
1789997232.016167,2.731862253899675,2.9889970448792256,-2.385787980849953
1789997232.116139,2.731862253899675,2.9889970448792256,-2.385787980849953
1789997232.2159,2.731862253899675,2.9889970448792256,-2.385787980849953
1789997232.3160858,2.731862253899675,2.9889970448792256,-2.385787980849953
1789997232.417157,2.731862253899675,2.9889970448792256,-2.385787980849953
1789997232.5159929,2.731862253899675,2.9889970448792256,-2.385787980849953
1789997232.6160367,2.731862253899675,2.9889970448792256,-2.385787980849953
1789997232.7160914,2.731862253899675,2.9889970448792256,-2.385787980849953
1789997232.81615,2.731862253899675,2.9889970448792256,-2.385787980849953
1789997232.9172757,2.731862253899675,2.9889970448792256,-2.385787980849953
1789997233.016145,2.731862253899675,2.9889970448792256,-2.385787980849953
1789997233.1163256,2.731862253899675,2.9889970448792256,-2.385787980849953
1789997233.2165673,2.731862253899675,2.9889970448792256,-2.385787980849953
1789997233.317339,2.731862253899675,2.9889970448792256,-2.385787980849953
1789997233.4162748,2.731862253899675,2.9889970448792256,-2.385787980849953
1789997233.516613,2.731862253899675,2.9889970448792256,-2.385787980849953
1789997233.6168277,2.731862253899675,2.9889970448792256,-2.385787980849953
1789997233.717272,2.731862253899675,2.9889970448792256,-2.385787980849953
1789997233.8160794,2.731862253899675,2.9889970448792256,-2.385787980849953
1789997233.916444,2.731862253899675,2.9889970448792256,-2.385787980849953
1789997234.0165398,2.731862253899675,2.9889970448792256,-2.385787980849953
1789997234.1163702,2.731862253899675,2.9889970448792256,-2.385787980849953
1789997234.2174153,2.731862253899675,2.9889970448792256,-2.385787980849953
1789997234.3167093,2.731862253899675,2.9889970448792256,-2.385787980849953
1789997234.4165714,2.731862253899675,2.9889970448792256,-2.385787980849953
1789997234.516453,2.731862253899675,2.9889970448792256,-2.385787980849953
1789997234.6165018,2.731862253899675,2.9889970448792256,-2.385787980849953
1789997234.7167344,2.731862253899675,2.9889970448792256,-2.385787980849953
1789997234.816562,2.731862253899675,2.9889970448792256,-2.385787980849953
1789997234.916373,2.731862253899675,2.9889970448792256,-2.385787980849953
1789997235.0161002,2.731862253899675,2.9889970448792256,-2.385787980849953
1789997235.1160777,2.731862253899675,2.9889970448792256,-2.385787980849953
1789997235.216306,2.731862253899675,2.9889970448792256,-2.385787980849953
1789997235.3164694,2.731862253899675,2.9889970448792256,-2.385787980849953
1789997235.4164011,2.731862253899675,2.9889970448792256,-2.385787980849953
1789997235.516335,2.731862253899675,2.9889970448792256,-2.385787980849953
1789997235.6164446,2.731862253899675,2.9889970448792256,-2.385787980849953
1789997235.716473,2.731862253899675,2.9889970448792256,-2.385787980849953
1789997235.8176012,2.731862253899675,2.9889970448792256,-2.385787980849953
1789997235.916806,2.731862253899675,2.9889970448792256,-2.385787980849953
1789997236.016385,2.731862253899675,2.9889970448792256,-2.385787980849953
1789997236.1164706,2.731862253899675,2.9889970448792256,-2.385787980849953
1789997236.21621,2.731862253899675,2.9889970448792256,-2.385787980849953
1789997236.316356,2.731862253899675,2.9889970448792256,-2.385787980849953
1789997236.4162374,2.731862253899675,2.9889970448792256,-2.385787980849953
1789997236.516097,2.731862253899675,2.9889970448792256,-2.385787980849953
1789997236.616404,2.731862253899675,2.9889970448792256,-2.385787980849953
1789997236.7162158,2.731862253899675,2.9889970448792256,-2.385787980849953
1789997236.8160183,2.731862253899675,2.9889970448792256,-2.385787980849953
1789997236.9161465,2.731862253899675,2.9889970448792256,-2.385787980849953
1789997237.0168607,2.731862253899675,2.9889970448792256,-2.385787980849953
1789997237.1169367,2.731862253899675,2.9889970448792256,-2.385787980849953
1789997237.2178917,2.731862253899675,2.9889970448792256,-2.385787980849953
1789997237.3177078,2.731862253899675,2.9889970448792256,-2.385787980849953
1789997237.4165874,2.731862253899675,2.9889970448792256,-2.385787980849953
1789997237.5165062,2.731862253899675,2.9889970448792256,-2.385787980849953
1789997237.616443,2.731862253899675,2.9889970448792256,-2.385787980849953
1789997237.71748,2.731862253899675,2.9889970448792256,-2.385787980849953
1789997237.816163,2.731862253899675,2.9889970448792256,-2.385787980849953
1789997237.9163084,2.731862253899675,2.9889970448792256,-2.385787980849953
1789997238.0168827,2.731862253899675,2.9889970448792256,-2.385787980849953
1789997238.1173115,2.731862253899675,2.9889970448792256,-2.385787980849953
1789997238.2161012,2.731862253899675,2.9889970448792256,-2.385787980849953
1789997238.316893,2.731862253899675,2.9889970448792256,-2.385787980849953
1789997238.4160357,2.731862253899675,2.9889970448792256,-2.385787980849953
1789997238.5164735,2.731862253899675,2.9889970448792256,-2.385787980849953
1789997238.6176057,2.731862253899675,2.9889970448792256,-2.385787980849953
1789997238.7165918,2.731862253899675,2.9889970448792256,-2.385787980849953
1789997238.816621,2.731862253899675,2.9889970448792256,-2.385787980849953
1789997238.9165344,2.731862253899675,2.9889970448792256,-2.385787980849953
1789997239.017063,2.731862253899675,2.9889970448792256,-2.385787980849953
1789997239.116829,2.731862253899675,2.9889970448792256,-2.385787980849953
1789997239.2168922,2.731862253899675,2.9889970448792256,-2.385787980849953
1789997239.318451,2.731862253899675,2.9889970448792256,-2.385787980849953
1789997239.416827,2.731862253899675,2.9889970448792256,-2.385787980849953
1789997239.5167441,2.731862253899675,2.9889970448792256,-2.385787980849953
1789997239.6166656,2.731862253899675,2.9889970448792256,-2.385787980849953
1789997239.7164705,2.731862253899675,2.9889970448792256,-2.385787980849953
1789997239.816362,2.731862253899675,2.9889970448792256,-2.385787980849953
1789997239.9161527,2.731862253899675,2.9889970448792256,-2.385787980849953
1789997240.0160553,2.731862253899675,2.9889970448792256,-2.385787980849953
1789997240.1170135,2.731862253899675,2.9889970448792256,-2.385787980849953
1789997240.2162097,2.731862253899675,2.9889970448792256,-2.385787980849953
1789997240.3161576,2.731862253899675,2.9889970448792256,-2.385787980849953
1789997240.415997,2.731862253899675,2.9889970448792256,-2.385787980849953
1789997240.5159664,2.731862253899675,2.9889970448792256,-2.385787980849953
1789997240.6163216,2.731862253899675,2.9889970448792256,-2.385787980849953
1789997240.7160304,2.731862253899675,2.9889970448792256,-2.385787980849953
1789997240.8170574,2.731862253899675,2.9889970448792256,-2.385787980849953
1789997240.917298,2.731862253899675,2.9889970448792256,-2.385787980849953
1789997241.016215,2.731862253899675,2.9889970448792256,-2.385787980849953
1789997241.1163013,2.731862253899675,2.9889970448792256,-2.385787980849953
1789997241.2161977,2.731862253899675,2.9889970448792256,-2.385787980849953
1789997241.316271,2.731862253899675,2.9889970448792256,-2.385787980849953
1789997241.4161546,2.731862253899675,2.9889970448792256,-2.385787980849953
1789997241.5157764,2.731862253899675,2.9889970448792256,-2.385787980849953
1789997241.6165571,2.731862253899675,2.9889970448792256,-2.385787980849953
1789997241.717367,2.731862253899675,2.9889970448792256,-2.385787980849953
1789997241.8162036,2.731862253899675,2.9889970448792256,-2.385787980849953
1789997241.9161985,2.731862253899675,2.9889970448792256,-2.385787980849953
1789997242.015819,2.731862253899675,2.9889970448792256,-2.385787980849953
1789997242.116937,2.731862253899675,2.9889970448792256,-2.385787980849953
1789997242.216811,2.731862253899675,2.9889970448792256,-2.385787980849953
1789997242.3165035,2.731862253899675,2.9889970448792256,-2.385787980849953
1789997242.4162617,2.731862253899675,2.9889970448792256,-2.385787980849953
1789997242.5164323,2.731862253899675,2.9889970448792256,-2.385787980849953
1789997242.6174808,2.731862253899675,2.9889970448792256,-2.385787980849953
1789997242.7164237,2.731862253899675,2.9889970448792256,-2.385787980849953
1789997242.8161087,2.731862253899675,2.9889970448792256,-2.385787980849953
1789997242.9162202,2.731862253899675,2.9889970448792256,-2.385787980849953
1789997243.0161529,2.731862253899675,2.9889970448792256,-2.385787980849953
1789997243.1169176,2.731862253899675,2.9889970448792256,-2.385787980849953
1789997243.2159398,2.731862253899675,2.9889970448792256,-2.385787980849953
1789997243.3161585,2.731862253899675,2.9889970448792256,-2.385787980849953
1789997243.4172838,2.731862253899675,2.9889970448792256,-2.385787980849953
1789997243.5169327,2.731862253899675,2.9889970448792256,-2.385787980849953
1789997243.6170456,2.731862253899675,2.9889970448792256,-2.385787980849953
1789997243.7168803,2.731862253899675,2.9889970448792256,-2.385787980849953
1789997243.8183143,2.731862253899675,2.9889970448792256,-2.385787980849953
1789997243.9175594,2.731862253899675,2.9889970448792256,-2.385787980849953
1789997244.0173051,2.731862253899675,2.9889970448792256,-2.385787980849953
1789997244.1168666,2.731862253899675,2.9889970448792256,-2.385787980849953
1789997244.216533,2.731862253899675,2.9889970448792256,-2.385787980849953
1789997244.3163664,2.731862253899675,2.9889970448792256,-2.385787980849953
1789997244.4165218,2.731862253899675,2.9889970448792256,-2.385787980849953
1789997244.5165136,2.731862253899675,2.9889970448792256,-2.385787980849953
1789997244.616689,2.731862253899675,2.9889970448792256,-2.385787980849953
1789997244.7168472,2.731862253899675,2.9889970448792256,-2.385787980849953
1789997244.8170028,2.731862253899675,2.9889970448792256,-2.385787980849953
1789997244.9169,2.731862253899675,2.9889970448792256,-2.385787980849953
1789997245.0174327,2.731862253899675,2.9889970448792256,-2.385787980849953
1789997245.1168635,2.731862253899675,2.9889970448792256,-2.385787980849953
1789997245.216833,2.731862253899675,2.9889970448792256,-2.385787980849953
1789997245.3169565,2.731862253899675,2.9889970448792256,-2.385787980849953
1789997245.4168837,2.731862253899675,2.9889970448792256,-2.385787980849953
1789997245.5169406,2.731862253899675,2.9889970448792256,-2.385787980849953
1789997245.616814,2.731862253899675,2.9889970448792256,-2.385787980849953
1789997245.7160532,2.731862253899675,2.9889970448792256,-2.385787980849953
1789997245.8171232,2.731862253899675,2.9889970448792256,-2.385787980849953
1789997245.916294,2.731862253899675,2.9889970448792256,-2.385787980849953
1789997246.0170069,2.731862253899675,2.9889970448792256,-2.385787980849953
1789997246.1160405,2.731862253899675,2.9889970448792256,-2.385787980849953
1789997246.2156816,2.731862253899675,2.9889970448792256,-2.385787980849953
1789997246.3167481,2.731862253899675,2.9889970448792256,-2.385787980849953
1789997246.4166718,2.731862253899675,2.9889970448792256,-2.385787980849953
1789997246.5166724,2.731862253899675,2.9889970448792256,-2.385787980849953
1789997246.6166503,2.731862253899675,2.9889970448792256,-2.385787980849953
1789997246.7169673,2.731862253899675,2.9889970448792256,-2.385787980849953
1789997246.8174262,2.731862253899675,2.9889970448792256,-2.385787980849953
1789997246.9173234,2.731862253899675,2.9889970448792256,-2.385787980849953
1789997247.0157802,2.731862253899675,2.9889970448792256,-2.385787980849953
1789997247.1165895,2.731862253899675,2.9889970448792256,-2.385787980849953
1789997247.2161381,2.731862253899675,2.9889970448792256,-2.385787980849953
1789997247.316121,2.731862253899675,2.9889970448792256,-2.385787980849953
1789997247.416092,2.731862253899675,2.9889970448792256,-2.385787980849953
1789997247.5174851,2.731862253899675,2.9889970448792256,-2.385787980849953
1789997247.6172323,2.731862253899675,2.9889970448792256,-2.385787980849953
1789997247.7161553,2.731862253899675,2.9889970448792256,-2.385787980849953
1789997247.8165402,2.731862253899675,2.9889970448792256,-2.385787980849953
1789997247.9166121,2.731862253899675,2.9889970448792256,-2.385787980849953
1789997248.0178978,2.731862253899675,2.9889970448792256,-2.385787980849953
1789997248.116898,2.731862253899675,2.9889970448792256,-2.385787980849953
1789997248.2158723,2.731862253899675,2.9889970448792256,-2.385787980849953
1789997248.3160331,2.731862253899675,2.9889970448792256,-2.385787980849953
1789997248.4160664,2.731862253899675,2.9889970448792256,-2.385787980849953
1789997248.5164948,2.731862253899675,2.9889970448792256,-2.385787980849953
1789997248.6172512,2.731862253899675,2.9889970448792256,-2.385787980849953
1789997248.7162764,2.731862253899675,2.9889970448792256,-2.385787980849953
1789997248.8161204,2.731862253899675,2.9889970448792256,-2.385787980849953
1789997248.9161174,2.731862253899675,2.9889970448792256,-2.385787980849953
1789997249.0174086,2.731862253899675,2.9889970448792256,-2.385787980849953
1789997249.1159582,2.731862253899675,2.9889970448792256,-2.385787980849953
1789997249.2160354,2.731862253899675,2.9889970448792256,-2.385787980849953
1789997249.3173645,2.731862253899675,2.9889970448792256,-2.385787980849953
1789997249.417238,2.731862253899675,2.9889970448792256,-2.385787980849953
1789997249.516789,2.731862253899675,2.9889970448792256,-2.385787980849953
1789997249.6170912,2.731862253899675,2.9889970448792256,-2.385787980849953
1789997249.7170677,2.731862253899675,2.9889970448792256,-2.385787980849953
1789997249.816653,2.731862253899675,2.9889970448792256,-2.385787980849953
1789997249.9172769,2.731862253899675,2.9889970448792256,-2.385787980849953
1789997250.0174813,2.731862253899675,2.9889970448792256,-2.385787980849953
1789997250.1169212,2.731862253899675,2.9889970448792256,-2.385787980849953
1789997250.2170196,2.731862253899675,2.9889970448792256,-2.385787980849953
1789997250.3170557,2.731862253899675,2.9889970448792256,-2.385787980849953
1789997250.417547,2.731862253899675,2.9889970448792256,-2.385787980849953
1789997250.5162652,2.731862253899675,2.9889970448792256,-2.385787980849953
1789997250.6162446,2.731862253899675,2.9889970448792256,-2.385787980849953
1789997250.7172832,2.731862253899675,2.9889970448792256,-2.385787980849953
1789997250.8162432,2.731862253899675,2.9889970448792256,-2.385787980849953
1789997250.916376,2.731862253899675,2.9889970448792256,-2.385787980849953
1789997251.0163968,2.731862253899675,2.9889970448792256,-2.385787980849953
1789997251.1174471,2.731862253899675,2.9889970448792256,-2.385787980849953
1789997251.216681,2.731862253899675,2.9889970448792256,-2.385787980849953
1789997251.3162484,2.731862253899675,2.9889970448792256,-2.385787980849953
1789997251.4163303,2.731862253899675,2.9889970448792256,-2.385787980849953
1789997251.5164967,2.731862253899675,2.9889970448792256,-2.385787980849953
1789997251.616562,2.731862253899675,2.9889970448792256,-2.385787980849953
1789997251.7163837,2.731862253899675,2.9889970448792256,-2.385787980849953
1789997251.8161871,2.731862253899675,2.9889970448792256,-2.385787980849953
1789997251.9171872,2.731862253899675,2.9889970448792256,-2.385787980849953
1789997252.0157583,2.731862253899675,2.9889970448792256,-2.385787980849953
1789997252.116748,2.731862253899675,2.9889970448792256,-2.385787980849953
1789997252.2165527,2.731862253899675,2.9889970448792256,-2.385787980849953
1789997252.3162704,2.731862253899675,2.9889970448792256,-2.385787980849953
1789997252.4165387,2.731862253899675,2.9889970448792256,-2.385787980849953
1789997252.5164135,2.731862253899675,2.9889970448792256,-2.385787980849953
1789997252.6162274,2.731862253899675,2.9889970448792256,-2.385787980849953
1789997252.7161577,2.731862253899675,2.9889970448792256,-2.385787980849953
1789997252.817261,2.731862253899675,2.9889970448792256,-2.385787980849953
1789997252.9161992,2.731862253899675,2.9889970448792256,-2.385787980849953
1789997253.0163171,2.731862253899675,2.9889970448792256,-2.385787980849953
1789997253.116573,2.731862253899675,2.9889970448792256,-2.385787980849953
1789997253.2164974,2.731862253899675,2.9889970448792256,-2.385787980849953
1789997253.317347,2.731862253899675,2.9889970448792256,-2.385787980849953
1789997253.4162095,2.731862253899675,2.9889970448792256,-2.385787980849953
1789997253.5159473,2.731862253899675,2.9889970448792256,-2.385787980849953
1789997253.6172874,2.731862253899675,2.9889970448792256,-2.385787980849953
1789997253.7161376,2.731862253899675,2.9889970448792256,-2.385787980849953
1789997253.8173876,2.731862253899675,2.9889970448792256,-2.385787980849953
1789997253.916194,2.731862253899675,2.9889970448792256,-2.385787980849953
1789997254.016338,2.731862253899675,2.9889970448792256,-2.385787980849953
1789997254.1168888,2.731862253899675,2.9889970448792256,-2.385787980849953
1789997254.216396,2.731862253899675,2.9889970448792256,-2.385787980849953
1789997254.316242,2.731862253899675,2.9889970448792256,-2.385787980849953
1789997254.41644,2.731862253899675,2.9889970448792256,-2.385787980849953
1789997254.5166423,2.731862253899675,2.9889970448792256,-2.385787980849953
1789997254.616595,2.731862253899675,2.9889970448792256,-2.385787980849953
1789997254.7165613,2.731862253899675,2.9889970448792256,-2.385787980849953
1789997254.8180547,2.731862253899675,2.9889970448792256,-2.385787980849953
1789997254.9168856,2.731862253899675,2.9889970448792256,-2.385787980849953
1789997255.0167956,2.731862253899675,2.9889970448792256,-2.385787980849953
1789997255.116925,2.731862253899675,2.9889970448792256,-2.385787980849953
1789997255.2175622,2.731862253899675,2.9889970448792256,-2.385787980849953
1789997255.3165953,2.731862253899675,2.9889970448792256,-2.385787980849953
1789997255.4168694,2.731862253899675,2.9889970448792256,-2.385787980849953
1789997255.516837,2.731862253899675,2.9889970448792256,-2.385787980849953
1789997255.6174026,2.731862253899675,2.9889970448792256,-2.385787980849953
1789997255.71741,2.731862253899675,2.9889970448792256,-2.385787980849953
1789997255.8168702,2.731862253899675,2.9889970448792256,-2.385787980849953
1789997255.9172244,2.731862253899675,2.9889970448792256,-2.385787980849953
1789997256.0175977,2.731862253899675,2.9889970448792256,-2.385787980849953
1789997256.1168275,2.731862253899675,2.9889970448792256,-2.385787980849953
1789997256.216891,2.731862253899675,2.9889970448792256,-2.385787980849953
1789997256.3168116,2.731862253899675,2.9889970448792256,-2.385787980849953
1789997256.4165883,2.731862253899675,2.9889970448792256,-2.385787980849953
1789997256.5176322,2.731862253899675,2.9889970448792256,-2.385787980849953
1789997256.6166449,2.731862253899675,2.9889970448792256,-2.385787980849953
1789997256.7165945,2.731862253899675,2.9889970448792256,-2.385787980849953
1789997256.8165877,2.731862253899675,2.9889970448792256,-2.385787980849953
1789997256.9165318,2.731862253899675,2.9889970448792256,-2.385787980849953
1789997257.0168312,2.731862253899675,2.9889970448792256,-2.385787980849953
1789997257.1168442,2.731862253899675,2.9889970448792256,-2.385787980849953
1789997257.2166677,2.731862253899675,2.9889970448792256,-2.385787980849953
1789997257.3165238,2.731862253899675,2.9889970448792256,-2.385787980849953
1789997257.4164598,2.731862253899675,2.9889970448792256,-2.385787980849953
1789997257.5163128,2.731862253899675,2.9889970448792256,-2.385787980849953
1789997257.616464,2.731862253899675,2.9889970448792256,-2.385787980849953
1789997257.7162313,2.731862253899675,2.9889970448792256,-2.385787980849953
1789997257.8170989,2.731862253899675,2.9889970448792256,-2.385787980849953
1789997257.9170513,2.731862253899675,2.9889970448792256,-2.385787980849953
1789997258.0163794,2.731862253899675,2.9889970448792256,-2.385787980849953
1789997258.1169293,2.731862253899675,2.9889970448792256,-2.385787980849953
1789997258.2169735,2.731862253899675,2.9889970448792256,-2.385787980849953
1789997258.3173225,2.731862253899675,2.9889970448792256,-2.385787980849953
1789997258.4173536,2.731862253899675,2.9889970448792256,-2.385787980849953
1789997258.516365,2.731862253899675,2.9889970448792256,-2.385787980849953
1789997258.6163964,2.731862253899675,2.9889970448792256,-2.385787980849953
1789997258.716066,2.731862253899675,2.9889970448792256,-2.385787980849953
1789997258.8162405,2.731862253899675,2.9889970448792256,-2.385787980849953
1789997258.9157543,2.731862253899675,2.9889970448792256,-2.385787980849953
1789997259.0167465,2.731862253899675,2.9889970448792256,-2.385787980849953
1789997259.1171782,2.731862253899675,2.9889970448792256,-2.385787980849953
1789997259.2164357,2.731862253899675,2.9889970448792256,-2.385787980849953
1789997259.3166375,2.731862253899675,2.9889970448792256,-2.385787980849953
1789997259.4166858,2.731862253899675,2.9889970448792256,-2.385787980849953
1789997259.516827,2.731862253899675,2.9889970448792256,-2.385787980849953
1789997259.6173556,2.731862253899675,2.9889970448792256,-2.385787980849953
1789997259.7164595,2.731862253899675,2.9889970448792256,-2.385787980849953
1789997259.816929,2.731862253899675,2.9889970448792256,-2.385787980849953
1789997259.916713,2.731862253899675,2.9889970448792256,-2.385787980849953
1789997260.0177038,2.731862253899675,2.9889970448792256,-2.385787980849953
1789997260.116483,2.731862253899675,2.9889970448792256,-2.385787980849953
1789997260.2166471,2.731862253899675,2.9889970448792256,-2.385787980849953
1789997260.3165874,2.731862253899675,2.9889970448792256,-2.385787980849953
1789997260.4162035,2.731862253899675,2.9889970448792256,-2.385787980849953
1789997260.5160675,2.731862253899675,2.9889970448792256,-2.385787980849953
1789997260.6166077,2.731862253899675,2.9889970448792256,-2.385787980849953
1789997260.7168322,2.731862253899675,2.9889970448792256,-2.385787980849953
1789997260.8166606,2.731862253899675,2.9889970448792256,-2.385787980849953
1789997260.9167168,2.731862253899675,2.9889970448792256,-2.385787980849953
1789997261.0168378,2.731862253899675,2.9889970448792256,-2.385787980849953
1789997261.1166816,2.731862253899675,2.9889970448792256,-2.385787980849953
1789997261.2168264,2.731862253899675,2.9889970448792256,-2.385787980849953
1789997261.3160782,2.731862253899675,2.9889970448792256,-2.385787980849953
1789997261.4162705,2.731862253899675,2.9889970448792256,-2.385787980849953
1789997261.51595,2.731862253899675,2.9889970448792256,-2.385787980849953
1789997261.616368,2.731862253899675,2.9889970448792256,-2.385787980849953
1789997261.716133,2.731862253899675,2.9889970448792256,-2.385787980849953
1789997261.8173933,2.731862253899675,2.9889970448792256,-2.385787980849953
1789997261.9162998,2.731862253899675,2.9889970448792256,-2.385787980849953
1789997262.0162346,2.731862253899675,2.9889970448792256,-2.385787980849953
1789997262.1161714,2.731862253899675,2.9889970448792256,-2.385787980849953
1789997262.2161596,2.731862253899675,2.9889970448792256,-2.385787980849953
1789997262.3164058,2.731862253899675,2.9889970448792256,-2.385787980849953
1789997262.416276,2.731862253899675,2.9889970448792256,-2.385787980849953
1789997262.5160258,2.731862253899675,2.9889970448792256,-2.385787980849953
1789997262.6169474,2.731862253899675,2.9889970448792256,-2.385787980849953
1789997262.7180104,2.731862253899675,2.9889970448792256,-2.385787980849953
1789997262.816907,2.731862253899675,2.9889970448792256,-2.385787980849953
1789997262.9168966,2.731862253899675,2.9889970448792256,-2.385787980849953
1789997263.0173721,2.731862253899675,2.9889970448792256,-2.385787980849953
1789997263.1177654,2.731862253899675,2.9889970448792256,-2.385787980849953
1789997263.2175503,2.731862253899675,2.9889970448792256,-2.385787980849953
1789997263.3163044,2.731862253899675,2.9889970448792256,-2.385787980849953
1789997263.4175982,2.731862253899675,2.9889970448792256,-2.385787980849953
1789997263.518455,2.731862253899675,2.9889970448792256,-2.385787980849953
1789997263.6188965,2.731862253899675,2.9889970448792256,-2.385787980849953
1789997263.7167675,2.731862253899675,2.9889970448792256,-2.385787980849953
1789997263.8173673,2.731862253899675,2.9889970448792256,-2.385787980849953
1789997263.9162893,2.731862253899675,2.9889970448792256,-2.385787980849953
1789997264.0164003,2.731862253899675,2.9889970448792256,-2.385787980849953
1789997264.1177576,2.731862253899675,2.9889970448792256,-2.385787980849953
1789997264.2179303,2.731862253899675,2.9889970448792256,-2.385787980849953
1789997264.3162072,2.731862253899675,2.9889970448792256,-2.385787980849953
1789997264.4161966,2.731862253899675,2.9889970448792256,-2.385787980849953
1789997264.5172818,2.731862253899675,2.9889970448792256,-2.385787980849953
1789997264.6162782,2.731862253899675,2.9889970448792256,-2.385787980849953
1789997264.7159479,2.731862253899675,2.9889970448792256,-2.385787980849953
1789997264.8162022,2.731862253899675,2.9889970448792256,-2.385787980849953
1789997264.916228,2.731862253899675,2.9889970448792256,-2.385787980849953
1789997265.016292,2.731862253899675,2.9889970448792256,-2.385787980849953
1789997265.1161284,2.731862253899675,2.9889970448792256,-2.385787980849953
1789997265.216216,2.731862253899675,2.9889970448792256,-2.385787980849953
1789997265.3164508,2.731862253899675,2.9889970448792256,-2.385787980849953
1789997265.4163322,2.731862253899675,2.9889970448792256,-2.385787980849953
1789997265.5172048,2.731862253899675,2.9889970448792256,-2.385787980849953
1789997265.6171856,2.731862253899675,2.9889970448792256,-2.385787980849953
1789997265.7158506,2.731862253899675,2.9889970448792256,-2.385787980849953
1789997265.817493,2.731862253899675,2.9889970448792256,-2.385787980849953
1789997265.9164362,2.731862253899675,2.9889970448792256,-2.385787980849953
1789997266.0166795,2.731862253899675,2.9889970448792256,-2.385787980849953
1789997266.1161842,2.731862253899675,2.9889970448792256,-2.385787980849953
1789997266.2163992,2.731862253899675,2.9889970448792256,-2.385787980849953
1789997266.3161533,2.731862253899675,2.9889970448792256,-2.385787980849953
1789997266.4158812,2.731862253899675,2.9889970448792256,-2.385787980849953
1789997266.5170093,2.731862253899675,2.9889970448792256,-2.385787980849953
1789997266.6161637,2.731862253899675,2.9889970448792256,-2.385787980849953
1789997266.7160938,2.731862253899675,2.9889970448792256,-2.385787980849953
1789997266.8161452,2.731862253899675,2.9889970448792256,-2.385787980849953
1789997266.9174345,2.731862253899675,2.9889970448792256,-2.385787980849953
1789997267.0166428,2.731862253899675,2.9889970448792256,-2.385787980849953
1789997267.1172183,2.731862253899675,2.9889970448792256,-2.385787980849953
1789997267.2165768,2.731862253899675,2.9889970448792256,-2.385787980849953
1789997267.3169847,2.731862253899675,2.9889970448792256,-2.385787980849953
1789997267.418045,2.731862253899675,2.9889970448792256,-2.385787980849953
1789997267.5168393,2.731862253899675,2.9889970448792256,-2.385787980849953
1789997267.617375,2.731862253899675,2.9889970448792256,-2.385787980849953
1789997267.717239,2.731862253899675,2.9889970448792256,-2.385787980849953
1789997267.8169444,2.731862253899675,2.9889970448792256,-2.385787980849953
1789997267.9174871,2.731862253899675,2.9889970448792256,-2.385787980849953
1789997268.0173345,2.731862253899675,2.9889970448792256,-2.385787980849953
1789997268.1165812,2.731862253899675,2.9889970448792256,-2.385787980849953
1789997268.216227,2.731862253899675,2.9889970448792256,-2.385787980849953
1789997268.3163836,2.731862253899675,2.9889970448792256,-2.385787980849953
1789997268.4160094,2.731862253899675,2.9889970448792256,-2.385787980849953
1789997268.5170946,2.731862253899675,2.9889970448792256,-2.385787980849953
1789997268.6182735,2.731862253899675,2.9889970448792256,-2.385787980849953
1789997268.7160199,2.731862253899675,2.9889970448792256,-2.385787980849953
1789997268.8161707,2.731862253899675,2.9889970448792256,-2.385787980849953
1789997268.9163642,2.731862253899675,2.9889970448792256,-2.385787980849953
1789997269.0171793,2.731862253899675,2.9889970448792256,-2.385787980849953
1789997269.116443,2.731862253899675,2.9889970448792256,-2.385787980849953
1789997269.216371,2.731862253899675,2.9889970448792256,-2.385787980849953
1789997269.31689,2.731862253899675,2.9889970448792256,-2.385787980849953
1789997269.4158318,2.731862253899675,2.9889970448792256,-2.385787980849953
1789997269.51607,2.731862253899675,2.9889970448792256,-2.385787980849953
1789997269.6170096,2.731862253899675,2.9889970448792256,-2.385787980849953
1789997269.7169771,2.731862253899675,2.9889970448792256,-2.385787980849953
1789997269.8168232,2.731862253899675,2.9889970448792256,-2.385787980849953
1789997269.9162407,2.731862253899675,2.9889970448792256,-2.385787980849953
1789997270.0162709,2.731862253899675,2.9889970448792256,-2.385787980849953
1789997270.1165318,2.731862253899675,2.9889970448792256,-2.385787980849953
1789997270.216307,2.731862253899675,2.9889970448792256,-2.385787980849953
1789997270.3174162,2.731862253899675,2.9889970448792256,-2.385787980849953
1789997270.4163768,2.731862253899675,2.9889970448792256,-2.385787980849953
1789997270.516941,2.731862253899675,2.9889970448792256,-2.385787980849953
1789997270.6160731,2.731862253899675,2.9889970448792256,-2.385787980849953
1789997270.7156563,2.731862253899675,2.9889970448792256,-2.385787980849953
1789997270.816712,2.731862253899675,2.9889970448792256,-2.385787980849953
1789997270.9166753,2.731862253899675,2.9889970448792256,-2.385787980849953
1789997271.0163958,2.731862253899675,2.9889970448792256,-2.385787980849953
1789997271.116319,2.731862253899675,2.9889970448792256,-2.385787980849953
1789997271.215852,2.731862253899675,2.9889970448792256,-2.385787980849953
1789997271.3157918,2.731862253899675,2.9889970448792256,-2.385787980849953
1789997271.4162936,2.731862253899675,2.9889970448792256,-2.385787980849953
1789997271.5162237,2.731862253899675,2.9889970448792256,-2.385787980849953
1789997271.6164072,2.731862253899675,2.9889970448792256,-2.385787980849953
1789997271.7173107,2.731862253899675,2.9889970448792256,-2.385787980849953
1789997271.8171215,2.731862253899675,2.9889970448792256,-2.385787980849953
1789997271.9169674,2.731862253899675,2.9889970448792256,-2.385787980849953
1789997272.0170336,2.731862253899675,2.9889970448792256,-2.385787980849953
1789997272.1169002,2.731862253899675,2.9889970448792256,-2.385787980849953
1789997272.2171483,2.731862253899675,2.9889970448792256,-2.385787980849953
1789997272.3166904,2.731862253899675,2.9889970448792256,-2.385787980849953
1789997272.4168353,2.731862253899675,2.9889970448792256,-2.385787980849953
1789997272.5175803,2.731862253899675,2.9889970448792256,-2.385787980849953
1789997272.6159809,2.731862253899675,2.9889970448792256,-2.385787980849953
1789997272.7170777,2.731862253899675,2.9889970448792256,-2.385787980849953
1789997272.818148,2.731862253899675,2.9889970448792256,-2.385787980849953
1789997272.9170544,2.731862253899675,2.9889970448792256,-2.385787980849953
1789997273.0157542,2.731862253899675,2.9889970448792256,-2.385787980849953
1789997273.1168473,2.731862253899675,2.9889970448792256,-2.385787980849953
1789997273.217002,2.731862253899675,2.9889970448792256,-2.385787980849953
1789997273.3160253,2.731862253899675,2.9889970448792256,-2.385787980849953
1789997273.416185,2.731862253899675,2.9889970448792256,-2.385787980849953
1789997273.5160694,2.731862253899675,2.9889970448792256,-2.385787980849953
1789997273.6170568,2.731862253899675,2.9889970448792256,-2.385787980849953
1789997273.7162032,2.731862253899675,2.9889970448792256,-2.385787980849953
1789997273.8161817,2.731862253899675,2.9889970448792256,-2.385787980849953
1789997273.9163818,2.731862253899675,2.9889970448792256,-2.385787980849953
1789997274.0163622,2.731862253899675,2.9889970448792256,-2.385787980849953
1789997274.1175606,2.731862253899675,2.9889970448792256,-2.385787980849953
1789997274.216031,2.731862253899675,2.9889970448792256,-2.385787980849953
1789997274.316018,2.731862253899675,2.9889970448792256,-2.385787980849953
1789997274.4159222,2.731862253899675,2.9889970448792256,-2.385787980849953
1789997274.5173547,2.731862253899675,2.9889970448792256,-2.385787980849953
1789997274.6159577,2.731862253899675,2.9889970448792256,-2.385787980849953
1789997274.7158515,2.731862253899675,2.9889970448792256,-2.385787980849953
1789997274.8168597,2.731862253899675,2.9889970448792256,-2.385787980849953
1789997274.91703,2.731862253899675,2.9889970448792256,-2.385787980849953
1789997275.01589,2.731862253899675,2.9889970448792256,-2.385787980849953
1789997275.1167755,2.731862253899675,2.9889970448792256,-2.385787980849953
1789997275.216379,2.731862253899675,2.9889970448792256,-2.385787980849953
1789997275.3170984,2.731862253899675,2.9889970448792256,-2.385787980849953
1789997275.4166305,2.731862253899675,2.9889970448792256,-2.385787980849953
1789997275.516505,2.731862253899675,2.9889970448792256,-2.385787980849953
1789997275.6163285,2.731862253899675,2.9889970448792256,-2.385787980849953
1789997275.7159214,2.731862253899675,2.9889970448792256,-2.385787980849953
1789997275.8160932,2.731862253899675,2.9889970448792256,-2.385787980849953
1789997275.916115,2.731862253899675,2.9889970448792256,-2.385787980849953
1789997276.0161645,2.731862253899675,2.9889970448792256,-2.385787980849953
1789997276.116018,2.731862253899675,2.9889970448792256,-2.385787980849953
1789997276.2167244,2.731862253899675,2.9889970448792256,-2.385787980849953
1789997276.3172023,2.731862253899675,2.9889970448792256,-2.385787980849953
1789997276.4161658,2.731862253899675,2.9889970448792256,-2.385787980849953
1789997276.5159733,2.731862253899675,2.9889970448792256,-2.385787980849953
1789997276.6172042,2.731862253899675,2.9889970448792256,-2.385787980849953
1789997276.7168484,2.731862253899675,2.9889970448792256,-2.385787980849953
1789997276.8165045,2.731862253899675,2.9889970448792256,-2.385787980849953
1789997276.9177494,2.731862253899675,2.9889970448792256,-2.385787980849953
1789997277.016975,2.731862253899675,2.9889970448792256,-2.385787980849953
1789997277.11733,2.731862253899675,2.9889970448792256,-2.385787980849953
1789997277.2167628,2.731862253899675,2.9889970448792256,-2.385787980849953
1789997277.3167174,2.731862253899675,2.9889970448792256,-2.385787980849953
1789997277.4171762,2.731862253899675,2.9889970448792256,-2.385787980849953
1789997277.5174992,2.731862253899675,2.9889970448792256,-2.385787980849953
1789997277.6171637,2.731862253899675,2.9889970448792256,-2.385787980849953
1789997277.7161872,2.731862253899675,2.9889970448792256,-2.385787980849953
1789997277.8161154,2.731862253899675,2.9889970448792256,-2.385787980849953
1789997277.9161918,2.731862253899675,2.9889970448792256,-2.385787980849953
1789997278.0161371,2.731862253899675,2.9889970448792256,-2.385787980849953
1789997278.115891,2.731862253899675,2.9889970448792256,-2.385787980849953
1789997278.2168071,2.731862253899675,2.9889970448792256,-2.385787980849953
1789997278.3168285,2.731862253899675,2.9889970448792256,-2.385787980849953
1789997278.4181314,2.731862253899675,2.9889970448792256,-2.385787980849953
1789997278.516151,2.731862253899675,2.9889970448792256,-2.385787980849953
1789997278.6159005,2.731862253899675,2.9889970448792256,-2.385787980849953
1789997278.7160902,2.731862253899675,2.9889970448792256,-2.385787980849953
1789997278.8176289,2.731862253899675,2.9889970448792256,-2.385787980849953
1789997278.9159145,2.731862253899675,2.9889970448792256,-2.385787980849953
1789997279.0160441,2.731862253899675,2.9889970448792256,-2.385787980849953
1789997279.1157675,2.731862253899675,2.9889970448792256,-2.385787980849953
1789997279.2167637,2.731862253899675,2.9889970448792256,-2.385787980849953
1789997279.3161101,2.731862253899675,2.9889970448792256,-2.385787980849953
1789997279.4160771,2.731862253899675,2.9889970448792256,-2.385787980849953
1789997279.5173247,2.731862253899675,2.9889970448792256,-2.385787980849953
1789997279.6167424,2.731862253899675,2.9889970448792256,-2.385787980849953
1789997279.716709,2.731862253899675,2.9889970448792256,-2.385787980849953
1789997279.8160408,2.731862253899675,2.9889970448792256,-2.385787980849953
1789997279.9161415,2.731862253899675,2.9889970448792256,-2.385787980849953
1789997280.0162637,2.731862253899675,2.9889970448792256,-2.385787980849953
1789997280.1171076,2.731862253899675,2.9889970448792256,-2.385787980849953
1789997280.2167475,2.731862253899675,2.9889970448792256,-2.385787980849953
1789997280.3169892,2.731862253899675,2.9889970448792256,-2.385787980849953
1789997280.4170697,2.731862253899675,2.9889970448792256,-2.385787980849953
1789997280.5159392,2.731862253899675,2.9889970448792256,-2.385787980849953
1789997280.616877,2.731862253899675,2.9889970448792256,-2.385787980849953
1789997280.717003,2.731862253899675,2.9889970448792256,-2.385787980849953
1789997280.816094,2.731862253899675,2.9889970448792256,-2.385787980849953
1789997280.9165375,2.731862253899675,2.9889970448792256,-2.385787980849953
1789997281.0169482,2.731862253899675,2.9889970448792256,-2.385787980849953
1789997281.1172302,2.731862253899675,2.9889970448792256,-2.385787980849953
1789997281.2170928,2.731862253899675,2.9889970448792256,-2.385787980849953
1789997281.317079,2.731862253899675,2.9889970448792256,-2.385787980849953
1789997281.4168122,2.731862253899675,2.9889970448792256,-2.385787980849953
1789997281.51719,2.731862253899675,2.9889970448792256,-2.385787980849953
1789997281.6169333,2.731862253899675,2.9889970448792256,-2.385787980849953
1789997281.7169425,2.731862253899675,2.9889970448792256,-2.385787980849953
1789997281.8246164,2.731862253899675,2.9889970448792256,-2.385787980849953
1789997281.916085,2.731862253899675,2.9889970448792256,-2.385787980849953
1789997282.0169203,2.731862253899675,2.9889970448792256,-2.385787980849953
1789997282.1170218,2.731862253899675,2.9889970448792256,-2.385787980849953
1789997282.2168815,2.731862253899675,2.9889970448792256,-2.385787980849953
1789997282.3171043,2.731862253899675,2.9889970448792256,-2.385787980849953
1789997282.4185476,2.731862253899675,2.9889970448792256,-2.385787980849953
1789997282.5160937,2.731862253899675,2.9889970448792256,-2.385787980849953
1789997282.6166072,2.731862253899675,2.9889970448792256,-2.385787980849953
1789997282.7171156,2.731862253899675,2.9889970448792256,-2.385787980849953
1789997282.81645,2.731862253899675,2.9889970448792256,-2.385787980849953
1789997282.9161189,2.731862253899675,2.9889970448792256,-2.385787980849953
1789997283.0160897,2.731862253899675,2.9889970448792256,-2.385787980849953
1789997283.1169922,2.731862253899675,2.9889970448792256,-2.385787980849953
1789997283.215965,2.731862253899675,2.9889970448792256,-2.385787980849953
1789997283.3162885,2.731862253899675,2.9889970448792256,-2.385787980849953
1789997283.4170666,2.731862253899675,2.9889970448792256,-2.385787980849953
1789997283.5163126,2.731862253899675,2.9889970448792256,-2.385787980849953
1789997283.617149,2.731862253899675,2.9889970448792256,-2.385787980849953
1789997283.7162833,2.731862253899675,2.9889970448792256,-2.385787980849953
1789997283.8158698,2.731862253899675,2.9889970448792256,-2.385787980849953
1789997283.9162288,2.731862253899675,2.9889970448792256,-2.385787980849953
1789997284.017023,2.731862253899675,2.9889970448792256,-2.385787980849953
1789997284.1157482,2.731862253899675,2.9889970448792256,-2.385787980849953
1789997284.2166739,2.731862253899675,2.9889970448792256,-2.385787980849953
1789997284.3167872,2.731862253899675,2.9889970448792256,-2.385787980849953
1789997284.4172342,2.731862253899675,2.9889970448792256,-2.385787980849953
1789997284.5158122,2.731862253899675,2.9889970448792256,-2.385787980849953
1789997284.6172168,2.731862253899675,2.9889970448792256,-2.385787980849953
1789997284.716001,2.731862253899675,2.9889970448792256,-2.385787980849953
1789997284.8162506,2.731862253899675,2.9889970448792256,-2.385787980849953
1789997284.9161465,2.731862253899675,2.9889970448792256,-2.385787980849953
1789997285.0161893,2.731862253899675,2.9889970448792256,-2.385787980849953
1789997285.1157203,2.731862253899675,2.9889970448792256,-2.385787980849953
1789997285.2163548,2.731862253899675,2.9889970448792256,-2.385787980849953
1789997285.3161817,2.731862253899675,2.9889970448792256,-2.385787980849953
1789997285.4167316,2.731862253899675,2.9889970448792256,-2.385787980849953
1789997285.5173392,2.731862253899675,2.9889970448792256,-2.385787980849953
1789997285.6174824,2.731862253899675,2.9889970448792256,-2.385787980849953
1789997285.7168267,2.731862253899675,2.9889970448792256,-2.385787980849953
1789997285.8164725,2.731862253899675,2.9889970448792256,-2.385787980849953
1789997285.9165397,2.731862253899675,2.9889970448792256,-2.385787980849953
1789997286.0168004,2.731862253899675,2.9889970448792256,-2.385787980849953
1789997286.116986,2.731862253899675,2.9889970448792256,-2.385787980849953
1789997286.216899,2.731862253899675,2.9889970448792256,-2.385787980849953
1789997286.3166282,2.731862253899675,2.9889970448792256,-2.385787980849953
1789997286.4170222,2.731862253899675,2.9889970448792256,-2.385787980849953
1789997286.5169618,2.731862253899675,2.9889970448792256,-2.385787980849953
1789997286.6171203,2.731862253899675,2.9889970448792256,-2.385787980849953
1789997286.7168167,2.731862253899675,2.9889970448792256,-2.385787980849953
1789997286.8170207,2.731862253899675,2.9889970448792256,-2.385787980849953
1789997286.9162512,2.731862253899675,2.9889970448792256,-2.385787980849953
1789997287.0162878,2.731862253899675,2.9889970448792256,-2.385787980849953
1789997287.1162012,2.731862253899675,2.9889970448792256,-2.385787980849953
1789997287.2167435,2.731862253899675,2.9889970448792256,-2.385787980849953
1789997287.3161666,2.731862253899675,2.9889970448792256,-2.385787980849953
1789997287.4172213,2.731862253899675,2.9889970448792256,-2.385787980849953
1789997287.5164044,2.731862253899675,2.9889970448792256,-2.385787980849953
1789997287.61582,2.731862253899675,2.9889970448792256,-2.385787980849953
1789997287.7174294,2.731862253899675,2.9889970448792256,-2.385787980849953
1789997287.8174195,2.731862253899675,2.9889970448792256,-2.385787980849953
1789997287.9164233,2.731862253899675,2.9889970448792256,-2.385787980849953
1789997288.0161643,2.731862253899675,2.9889970448792256,-2.385787980849953
1789997288.1163716,2.731862253899675,2.9889970448792256,-2.385787980849953
1789997288.2172337,2.731862253899675,2.9889970448792256,-2.385787980849953
1789997288.3162415,2.731862253899675,2.9889970448792256,-2.385787980849953
1789997288.4163148,2.731862253899675,2.9889970448792256,-2.385787980849953
1789997288.5161529,2.731862253899675,2.9889970448792256,-2.385787980849953
1789997288.6166449,2.731862253899675,2.9889970448792256,-2.385787980849953
1789997288.7162952,2.731862253899675,2.9889970448792256,-2.385787980849953
1789997288.8160877,2.731862253899675,2.9889970448792256,-2.385787980849953
1789997288.917265,2.731862253899675,2.9889970448792256,-2.385787980849953
1789997289.01661,2.731862253899675,2.9889970448792256,-2.385787980849953
1789997289.116138,2.731862253899675,2.9889970448792256,-2.385787980849953
1789997289.2160113,2.731862253899675,2.9889970448792256,-2.385787980849953
1789997289.3163097,2.731862253899675,2.9889970448792256,-2.385787980849953
1789997289.4162827,2.731862253899675,2.9889970448792256,-2.385787980849953
1789997289.5161288,2.731862253899675,2.9889970448792256,-2.385787980849953
1789997289.6173873,2.731862253899675,2.9889970448792256,-2.385787980849953
1789997289.7169814,2.731862253899675,2.9889970448792256,-2.385787980849953
1789997289.8161118,2.731862253899675,2.9889970448792256,-2.385787980849953
1789997289.9159355,2.731862253899675,2.9889970448792256,-2.385787980849953
1789997290.0161014,2.731862253899675,2.9889970448792256,-2.385787980849953
1789997290.1159863,2.731862253899675,2.9889970448792256,-2.385787980849953
1789997290.2159586,2.731862253899675,2.9889970448792256,-2.385787980849953
1789997290.3164778,2.731862253899675,2.9889970448792256,-2.385787980849953
1789997290.4165888,2.731862253899675,2.9889970448792256,-2.385787980849953
1789997290.51719,2.731862253899675,2.9889970448792256,-2.385787980849953
1789997290.6177711,2.731862253899675,2.9889970448792256,-2.385787980849953
1789997290.7178135,2.731862253899675,2.9889970448792256,-2.385787980849953
1789997290.8169684,2.731862253899675,2.9889970448792256,-2.385787980849953
1789997290.917491,2.731862253899675,2.9889970448792256,-2.385787980849953
1789997291.016137,2.731862253899675,2.9889970448792256,-2.385787980849953
1789997291.1160789,2.731862253899675,2.9889970448792256,-2.385787980849953
1789997291.2161987,2.731862253899675,2.9889970448792256,-2.385787980849953
1789997291.316553,2.731862253899675,2.9889970448792256,-2.385787980849953
1789997291.4165568,2.731862253899675,2.9889970448792256,-2.385787980849953
1789997291.5162108,2.731862253899675,2.9889970448792256,-2.385787980849953
1789997291.6157048,2.731862253899675,2.9889970448792256,-2.385787980849953
1789997291.7171285,2.731862253899675,2.9889970448792256,-2.385787980849953
1789997291.8160243,2.731862253899675,2.9889970448792256,-2.385787980849953
1789997291.9160347,2.731862253899675,2.9889970448792256,-2.385787980849953
1789997292.0163982,2.731862253899675,2.9889970448792256,-2.385787980849953
1789997292.116773,2.731862253899675,2.9889970448792256,-2.385787980849953
1789997292.2167099,2.731862253899675,2.9889970448792256,-2.385787980849953
1789997292.3164961,2.731862253899675,2.9889970448792256,-2.385787980849953
1789997292.416245,2.731862253899675,2.9889970448792256,-2.385787980849953
1789997292.516242,2.731862253899675,2.9889970448792256,-2.385787980849953
1789997292.6170163,2.731862253899675,2.9889970448792256,-2.385787980849953
1789997292.7158773,2.731862253899675,2.9889970448792256,-2.385787980849953
1789997292.8162775,2.731862253899675,2.9889970448792256,-2.385787980849953
1789997292.9162457,2.731862253899675,2.9889970448792256,-2.385787980849953
1789997293.01597,2.731862253899675,2.9889970448792256,-2.385787980849953
1789997293.1168404,2.731862253899675,2.9889970448792256,-2.385787980849953
1789997293.215762,2.731862253899675,2.9889970448792256,-2.385787980849953
1789997293.3168848,2.731862253899675,2.9889970448792256,-2.385787980849953
1789997293.416858,2.731862253899675,2.9889970448792256,-2.385787980849953
1789997293.51685,2.731862253899675,2.9889970448792256,-2.385787980849953
1789997293.6162295,2.731862253899675,2.9889970448792256,-2.385787980849953
1789997293.7166607,2.731862253899675,2.9889970448792256,-2.385787980849953
1789997293.816725,2.731862253899675,2.9889970448792256,-2.385787980849953
1789997293.9167295,2.731862253899675,2.9889970448792256,-2.385787980849953
1789997294.0170143,2.731862253899675,2.9889970448792256,-2.385787980849953
1789997294.1160738,2.731862253899675,2.9889970448792256,-2.385787980849953
1789997294.2168815,2.731862253899675,2.9889970448792256,-2.385787980849953
1789997294.3166983,2.731862253899675,2.9889970448792256,-2.385787980849953
1789997294.4169412,2.731862253899675,2.9889970448792256,-2.385787980849953
1789997294.5166156,2.731862253899675,2.9889970448792256,-2.385787980849953
1789997294.6161335,2.731862253899675,2.9889970448792256,-2.385787980849953
1789997294.7173555,2.731862253899675,2.9889970448792256,-2.385787980849953
1789997294.8164368,2.731862253899675,2.9889970448792256,-2.385787980849953
1789997294.9169924,2.731862253899675,2.9889970448792256,-2.385787980849953
1789997295.0182343,2.731862253899675,2.9889970448792256,-2.385787980849953
1789997295.1170115,2.731862253899675,2.9889970448792256,-2.385787980849953
1789997295.2171047,2.731862253899675,2.9889970448792256,-2.385787980849953
1789997295.3167899,2.731862253899675,2.9889970448792256,-2.385787980849953
1789997295.416926,2.731862253899675,2.9889970448792256,-2.385787980849953
1789997295.517226,2.731862253899675,2.9889970448792256,-2.385787980849953
1789997295.616812,2.731862253899675,2.9889970448792256,-2.385787980849953
1789997295.7172406,2.731862253899675,2.9889970448792256,-2.385787980849953
1789997295.8160522,2.731862253899675,2.9889970448792256,-2.385787980849953
1789997295.91632,2.731862253899675,2.9889970448792256,-2.385787980849953
1789997296.016468,2.731862253899675,2.9889970448792256,-2.385787980849953
1789997296.1163924,2.731862253899675,2.9889970448792256,-2.385787980849953
1789997296.2171378,2.731862253899675,2.9889970448792256,-2.385787980849953
1789997296.3159215,2.731862253899675,2.9889970448792256,-2.385787980849953
1789997296.416057,2.731862253899675,2.9889970448792256,-2.385787980849953
1789997296.5160549,2.731862253899675,2.9889970448792256,-2.385787980849953
1789997296.6167867,2.731862253899675,2.9889970448792256,-2.385787980849953
1789997296.716985,2.731862253899675,2.9889970448792256,-2.385787980849953
1789997296.81658,2.731862253899675,2.9889970448792256,-2.385787980849953
1789997296.9168608,2.731862253899675,2.9889970448792256,-2.385787980849953
1789997297.016025,2.731862253899675,2.9889970448792256,-2.385787980849953
1789997297.1175222,2.731862253899675,2.9889970448792256,-2.385787980849953
1789997297.2163386,2.731862253899675,2.9889970448792256,-2.385787980849953
1789997297.3169203,2.731862253899675,2.9889970448792256,-2.385787980849953
1789997297.416638,2.731862253899675,2.9889970448792256,-2.385787980849953
1789997297.5163453,2.731862253899675,2.9889970448792256,-2.385787980849953
1789997297.6162977,2.731862253899675,2.9889970448792256,-2.385787980849953
1789997297.7174149,2.731862253899675,2.9889970448792256,-2.385787980849953
1789997297.817221,2.731862253899675,2.9889970448792256,-2.385787980849953
1789997297.9165678,2.731862253899675,2.9889970448792256,-2.385787980849953
1789997298.0171685,2.731862253899675,2.9889970448792256,-2.385787980849953
1789997298.1157236,2.731862253899675,2.9889970448792256,-2.385787980849953
1789997298.216428,2.731862253899675,2.9889970448792256,-2.385787980849953
1789997298.31775,2.731862253899675,2.9889970448792256,-2.385787980849953
1789997298.4165142,2.731862253899675,2.9889970448792256,-2.385787980849953
1789997298.516731,2.731862253899675,2.9889970448792256,-2.385787980849953
1789997298.6161513,2.731862253899675,2.9889970448792256,-2.385787980849953
1789997298.7161648,2.731862253899675,2.9889970448792256,-2.385787980849953
1789997298.816563,2.731862253899675,2.9889970448792256,-2.385787980849953
1789997298.9164839,2.731862253899675,2.9889970448792256,-2.385787980849953
1789997299.0182617,2.731862253899675,2.9889970448792256,-2.385787980849953
1789997299.1168125,2.731862253899675,2.9889970448792256,-2.385787980849953
1789997299.216755,2.731862253899675,2.9889970448792256,-2.385787980849953
1789997299.317143,2.731862253899675,2.9889970448792256,-2.385787980849953
1789997299.4166565,2.731862253899675,2.9889970448792256,-2.385787980849953
1789997299.5168738,2.731862253899675,2.9889970448792256,-2.385787980849953
1789997299.6163814,2.731862253899675,2.9889970448792256,-2.385787980849953
1789997299.7174077,2.731862253899675,2.9889970448792256,-2.385787980849953
1789997299.8158162,2.731862253899675,2.9889970448792256,-2.385787980849953
1789997299.917322,2.731862253899675,2.9889970448792256,-2.385787980849953
1789997300.0161657,2.731862253899675,2.9889970448792256,-2.385787980849953
1789997300.1163228,2.731862253899675,2.9889970448792256,-2.385787980849953
1789997300.2167048,2.731862253899675,2.9889970448792256,-2.385787980849953
1789997300.3168027,2.731862253899675,2.9889970448792256,-2.385787980849953
1789997300.416851,2.731862253899675,2.9889970448792256,-2.385787980849953
1789997300.5166104,2.731862253899675,2.9889970448792256,-2.385787980849953
1789997300.6165965,2.731862253899675,2.9889970448792256,-2.385787980849953
1789997300.7164295,2.731862253899675,2.9889970448792256,-2.385787980849953
1789997300.8164217,2.731862253899675,2.9889970448792256,-2.385787980849953
1789997300.9164057,2.731862253899675,2.9889970448792256,-2.385787980849953
1789997301.0164053,2.731862253899675,2.9889970448792256,-2.385787980849953
1789997301.11609,2.731862253899675,2.9889970448792256,-2.385787980849953
1789997301.2161286,2.731862253899675,2.9889970448792256,-2.385787980849953
1789997301.3166697,2.731862253899675,2.9889970448792256,-2.385787980849953
1789997301.4175527,2.731862253899675,2.9889970448792256,-2.385787980849953
1789997301.5163238,2.731862253899675,2.9889970448792256,-2.385787980849953
1789997301.6161041,2.731862253899675,2.9889970448792256,-2.385787980849953
1789997301.7163055,2.731862253899675,2.9889970448792256,-2.385787980849953
1789997301.8160615,2.731862253899675,2.9889970448792256,-2.385787980849953
1789997301.916761,2.731862253899675,2.9889970448792256,-2.385787980849953
1789997302.0175128,2.731862253899675,2.9889970448792256,-2.385787980849953
1789997302.1161711,2.731862253899675,2.9889970448792256,-2.385787980849953
1789997302.2158177,2.731862253899675,2.9889970448792256,-2.385787980849953
1789997302.3169258,2.731862253899675,2.9889970448792256,-2.385787980849953
1789997302.4177737,2.731862253899675,2.9889970448792256,-2.385787980849953
1789997302.5168495,2.731862253899675,2.9889970448792256,-2.385787980849953
1789997302.6157887,2.731862253899675,2.9889970448792256,-2.385787980849953
1789997302.7167835,2.731862253899675,2.9889970448792256,-2.385787980849953
1789997302.8165972,2.731862253899675,2.9889970448792256,-2.385787980849953
1789997302.9164414,2.731862253899675,2.9889970448792256,-2.385787980849953
1789997303.0163927,2.731862253899675,2.9889970448792256,-2.385787980849953
1789997303.1164892,2.731862253899675,2.9889970448792256,-2.385787980849953
1789997303.2175071,2.731862253899675,2.9889970448792256,-2.385787980849953
1789997303.316349,2.731862253899675,2.9889970448792256,-2.385787980849953
1789997303.416182,2.731862253899675,2.9889970448792256,-2.385787980849953
1789997303.5161176,2.731862253899675,2.9889970448792256,-2.385787980849953
1789997303.6159184,2.731862253899675,2.9889970448792256,-2.385787980849953
1789997303.7170217,2.731862253899675,2.9889970448792256,-2.385787980849953
1789997303.816297,2.731862253899675,2.9889970448792256,-2.385787980849953
1789997303.9167836,2.731862253899675,2.9889970448792256,-2.385787980849953
1789997304.0171075,2.731862253899675,2.9889970448792256,-2.385787980849953
1789997304.1182685,2.731862253899675,2.9889970448792256,-2.385787980849953
1789997304.2158854,2.731862253899675,2.9889970448792256,-2.385787980849953
1789997304.3171964,2.731862253899675,2.9889970448792256,-2.385787980849953
1789997304.417075,2.731862253899675,2.9889970448792256,-2.385787980849953
1789997304.5161924,2.731862253899675,2.9889970448792256,-2.385787980849953
1789997304.6171637,2.731862253899675,2.9889970448792256,-2.385787980849953
1789997304.7164984,2.731862253899675,2.9889970448792256,-2.385787980849953
1789997304.8164263,2.731862253899675,2.9889970448792256,-2.385787980849953
1789997304.9161465,2.731862253899675,2.9889970448792256,-2.385787980849953
1789997305.0164502,2.731862253899675,2.9889970448792256,-2.385787980849953
1789997305.115833,2.731862253899675,2.9889970448792256,-2.385787980849953
1789997305.216501,2.731862253899675,2.9889970448792256,-2.385787980849953
1789997305.316326,2.731862253899675,2.9889970448792256,-2.385787980849953
1789997305.4163384,2.731862253899675,2.9889970448792256,-2.385787980849953
1789997305.5164704,2.731862253899675,2.9889970448792256,-2.385787980849953
1789997305.616217,2.731862253899675,2.9889970448792256,-2.385787980849953
1789997305.7161133,2.731862253899675,2.9889970448792256,-2.385787980849953
1789997305.8161063,2.731862253899675,2.9889970448792256,-2.385787980849953
1789997305.9156914,2.731862253899675,2.9889970448792256,-2.385787980849953
1789997306.016874,2.731862253899675,2.9889970448792256,-2.385787980849953
1789997306.1168232,2.731862253899675,2.9889970448792256,-2.385787980849953
1789997306.2166998,2.731862253899675,2.9889970448792256,-2.385787980849953
1789997306.3166738,2.731862253899675,2.9889970448792256,-2.385787980849953
1789997306.4166903,2.731862253899675,2.9889970448792256,-2.385787980849953
1789997306.51812,2.731862253899675,2.9889970448792256,-2.385787980849953
1789997306.616055,2.731862253899675,2.9889970448792256,-2.385787980849953
1789997306.7160118,2.731862253899675,2.9889970448792256,-2.385787980849953
1789997306.8158586,2.731862253899675,2.9889970448792256,-2.385787980849953
1789997306.9160018,2.731862253899675,2.9889970448792256,-2.385787980849953
1789997307.0159981,2.731862253899675,2.9889970448792256,-2.385787980849953
1789997307.1170695,2.731862253899675,2.9889970448792256,-2.385787980849953
1789997307.216125,2.731862253899675,2.9889970448792256,-2.385787980849953
1789997307.317343,2.731862253899675,2.9889970448792256,-2.385787980849953
1789997307.4161415,2.731862253899675,2.9889970448792256,-2.385787980849953
1789997307.516258,2.731862253899675,2.9889970448792256,-2.385787980849953
1789997307.6161237,2.731862253899675,2.9889970448792256,-2.385787980849953
1789997307.7158525,2.731862253899675,2.9889970448792256,-2.385787980849953
1789997307.8158958,2.731862253899675,2.9889970448792256,-2.385787980849953
1789997307.9168172,2.731862253899675,2.9889970448792256,-2.385787980849953
1789997308.0178206,2.731862253899675,2.9889970448792256,-2.385787980849953
1789997308.1180954,2.731862253899675,2.9889970448792256,-2.385787980849953
1789997308.216605,2.731862253899675,2.9889970448792256,-2.385787980849953
1789997308.3168983,2.731862253899675,2.9889970448792256,-2.385787980849953
1789997308.4175084,2.731862253899675,2.9889970448792256,-2.385787980849953
1789997308.516813,2.731862253899675,2.9889970448792256,-2.385787980849953
1789997308.617515,2.731862253899675,2.9889970448792256,-2.385787980849953
1789997308.7165475,2.731862253899675,2.9889970448792256,-2.385787980849953
1789997308.8170848,2.731862253899675,2.9889970448792256,-2.385787980849953
1789997308.9162014,2.731862253899675,2.9889970448792256,-2.385787980849953
1789997309.0165446,2.731862253899675,2.9889970448792256,-2.385787980849953
1789997309.1167762,2.731862253899675,2.9889970448792256,-2.385787980849953
1789997309.2166169,2.731862253899675,2.9889970448792256,-2.385787980849953
1789997309.316357,2.731862253899675,2.9889970448792256,-2.385787980849953
1789997309.4159162,2.731862253899675,2.9889970448792256,-2.385787980849953
1789997309.517109,2.731862253899675,2.9889970448792256,-2.385787980849953
1789997309.618422,2.731862253899675,2.9889970448792256,-2.385787980849953
1789997309.7163227,2.731862253899675,2.9889970448792256,-2.385787980849953
1789997309.815889,2.731862253899675,2.9889970448792256,-2.385787980849953
1789997309.915772,2.731862253899675,2.9889970448792256,-2.385787980849953
1789997310.0163138,2.731862253899675,2.9889970448792256,-2.385787980849953
1789997310.116144,2.731862253899675,2.9889970448792256,-2.385787980849953
1789997310.21692,2.731862253899675,2.9889970448792256,-2.385787980849953
1789997310.316277,2.731862253899675,2.9889970448792256,-2.385787980849953
1789997310.4167864,2.731862253899675,2.9889970448792256,-2.385787980849953
1789997310.5170963,2.731862253899675,2.9889970448792256,-2.385787980849953
1789997310.616712,2.731862253899675,2.9889970448792256,-2.385787980849953
1789997310.717455,2.731862253899675,2.9889970448792256,-2.385787980849953
1789997310.8160055,2.731862253899675,2.9889970448792256,-2.385787980849953
1789997310.91689,2.731862253899675,2.9889970448792256,-2.385787980849953
1789997311.0169322,2.731862253899675,2.9889970448792256,-2.385787980849953
1789997311.117457,2.731862253899675,2.9889970448792256,-2.385787980849953
1789997311.2166524,2.731862253899675,2.9889970448792256,-2.385787980849953
1789997311.3162768,2.731862253899675,2.9889970448792256,-2.385787980849953
1789997311.4160767,2.731862253899675,2.9889970448792256,-2.385787980849953
1789997311.5161521,2.731862253899675,2.9889970448792256,-2.385787980849953
1789997311.6159534,2.731862253899675,2.9889970448792256,-2.385787980849953
1789997311.7166543,2.731862253899675,2.9889970448792256,-2.385787980849953
1789997311.8176172,2.731862253899675,2.9889970448792256,-2.385787980849953
1789997311.916591,2.731862253899675,2.9889970448792256,-2.385787980849953
1789997312.0163307,2.731862253899675,2.9889970448792256,-2.385787980849953
1789997312.1162846,2.731862253899675,2.9889970448792256,-2.385787980849953
1789997312.2163794,2.731862253899675,2.9889970448792256,-2.385787980849953
1789997312.3163464,2.731862253899675,2.9889970448792256,-2.385787980849953
1789997312.4163382,2.731862253899675,2.9889970448792256,-2.385787980849953
1789997312.5166657,2.731862253899675,2.9889970448792256,-2.385787980849953
1789997312.6184096,2.731862253899675,2.9889970448792256,-2.385787980849953
1789997312.7162838,2.731862253899675,2.9889970448792256,-2.385787980849953
1789997312.8163388,2.731862253899675,2.9889970448792256,-2.385787980849953
1789997312.9162135,2.731862253899675,2.9889970448792256,-2.385787980849953
1789997313.0162752,2.731862253899675,2.9889970448792256,-2.385787980849953
1789997313.1162179,2.731862253899675,2.9889970448792256,-2.385787980849953
1789997313.2163157,2.731862253899675,2.9889970448792256,-2.385787980849953
1789997313.3163126,2.731862253899675,2.9889970448792256,-2.385787980849953
1789997313.4159913,2.731862253899675,2.9889970448792256,-2.385787980849953
1789997313.5159423,2.731862253899675,2.9889970448792256,-2.385787980849953
1789997313.6171384,2.731862253899675,2.9889970448792256,-2.385787980849953
1789997313.715865,2.731862253899675,2.9889970448792256,-2.385787980849953
1789997313.8164291,2.731862253899675,2.9889970448792256,-2.385787980849953
1789997313.9163725,2.731862253899675,2.9889970448792256,-2.385787980849953
1789997314.0162148,2.731862253899675,2.9889970448792256,-2.385787980849953
1789997314.116888,2.731862253899675,2.9889970448792256,-2.385787980849953
1789997314.2161584,2.731862253899675,2.9889970448792256,-2.385787980849953
1789997314.3168724,2.731862253899675,2.9889970448792256,-2.385787980849953
1789997314.4169018,2.731862253899675,2.9889970448792256,-2.385787980849953
1789997314.516245,2.731862253899675,2.9889970448792256,-2.385787980849953
1789997314.617453,2.731862253899675,2.9889970448792256,-2.385787980849953
1789997314.718732,2.731862253899675,2.9889970448792256,-2.385787980849953
1789997314.8159623,2.731862253899675,2.9889970448792256,-2.385787980849953
1789997314.9163113,2.731862253899675,2.9889970448792256,-2.385787980849953
1789997315.0166707,2.731862253899675,2.9889970448792256,-2.385787980849953
1789997315.1167564,2.731862253899675,2.9889970448792256,-2.385787980849953
1789997315.2162383,2.731862253899675,2.9889970448792256,-2.385787980849953
1789997315.316274,2.731862253899675,2.9889970448792256,-2.385787980849953
1789997315.416135,2.731862253899675,2.9889970448792256,-2.385787980849953
1789997315.516324,2.731862253899675,2.9889970448792256,-2.385787980849953
1789997315.6164708,2.731862253899675,2.9889970448792256,-2.385787980849953
1789997315.7167065,2.731862253899675,2.9889970448792256,-2.385787980849953
1789997315.816519,2.731862253899675,2.9889970448792256,-2.385787980849953
1789997315.916299,2.731862253899675,2.9889970448792256,-2.385787980849953
1789997316.0164435,2.731862253899675,2.9889970448792256,-2.385787980849953
1789997316.1160965,2.731862253899675,2.9889970448792256,-2.385787980849953
1789997316.2159946,2.731862253899675,2.9889970448792256,-2.385787980849953
1789997316.316161,2.731862253899675,2.9889970448792256,-2.385787980849953
1789997316.4163163,2.731862253899675,2.9889970448792256,-2.385787980849953
1789997316.5164547,2.731862253899675,2.9889970448792256,-2.385787980849953
1789997316.6163151,2.731862253899675,2.9889970448792256,-2.385787980849953
1789997316.7159817,2.731862253899675,2.9889970448792256,-2.385787980849953
1789997316.816129,2.731862253899675,2.9889970448792256,-2.385787980849953
1789997316.9166,2.731862253899675,2.9889970448792256,-2.385787980849953
1789997317.0178902,2.731862253899675,2.9889970448792256,-2.385787980849953
1789997317.116947,2.731862253899675,2.9889970448792256,-2.385787980849953
1789997317.216138,2.731862253899675,2.9889970448792256,-2.385787980849953
1789997317.316262,2.731862253899675,2.9889970448792256,-2.385787980849953
1789997317.416413,2.731862253899675,2.9889970448792256,-2.385787980849953
1789997317.5162108,2.731862253899675,2.9889970448792256,-2.385787980849953
1789997317.6160324,2.731862253899675,2.9889970448792256,-2.385787980849953
1789997317.7166564,2.731862253899675,2.9889970448792256,-2.385787980849953
1789997317.816903,2.731862253899675,2.9889970448792256,-2.385787980849953
1789997317.9168878,2.731862253899675,2.9889970448792256,-2.385787980849953
1789997318.017403,2.731862253899675,2.9889970448792256,-2.385787980849953
1789997318.1161985,2.731862253899675,2.9889970448792256,-2.385787980849953
1789997318.216163,2.731862253899675,2.9889970448792256,-2.385787980849953
1789997318.3170435,2.731862253899675,2.9889970448792256,-2.385787980849953
1789997318.4168446,2.731862253899675,2.9889970448792256,-2.385787980849953
1789997318.518105,2.731862253899675,2.9889970448792256,-2.385787980849953
1789997318.6158292,2.731862253899675,2.9889970448792256,-2.385787980849953
1789997318.716803,2.731862253899675,2.9889970448792256,-2.385787980849953
1789997318.8169653,2.731862253899675,2.9889970448792256,-2.385787980849953
1789997318.917647,2.731862253899675,2.9889970448792256,-2.385787980849953
1789997319.016767,2.731862253899675,2.9889970448792256,-2.385787980849953
1789997319.1172752,2.731862253899675,2.9889970448792256,-2.385787980849953
1789997319.2167494,2.731862253899675,2.9889970448792256,-2.385787980849953
1789997319.3162267,2.731862253899675,2.9889970448792256,-2.385787980849953
1789997319.4162576,2.731862253899675,2.9889970448792256,-2.385787980849953
1789997319.5166245,2.731862253899675,2.9889970448792256,-2.385787980849953
1789997319.6168454,2.731862253899675,2.9889970448792256,-2.385787980849953
1789997319.7177486,2.731862253899675,2.9889970448792256,-2.385787980849953
1789997319.8176622,2.731862253899675,2.9889970448792256,-2.385787980849953
1789997319.9171553,2.731862253899675,2.9889970448792256,-2.385787980849953
1789997320.0161219,2.731862253899675,2.9889970448792256,-2.385787980849953
1789997320.11678,2.731862253899675,2.9889970448792256,-2.385787980849953
1789997320.2163138,2.731862253899675,2.9889970448792256,-2.385787980849953
1789997320.3180296,2.731862253899675,2.9889970448792256,-2.385787980849953
1789997320.4169674,2.731862253899675,2.9889970448792256,-2.385787980849953
1789997320.5175302,2.731862253899675,2.9889970448792256,-2.385787980849953
1789997320.6162667,2.731862253899675,2.9889970448792256,-2.385787980849953
1789997320.7171764,2.731862253899675,2.9889970448792256,-2.385787980849953
1789997320.8169718,2.731862253899675,2.9889970448792256,-2.385787980849953
1789997320.9171383,2.731862253899675,2.9889970448792256,-2.385787980849953
1789997321.0173035,2.731862253899675,2.9889970448792256,-2.385787980849953
1789997321.116929,2.731862253899675,2.9889970448792256,-2.385787980849953
1789997321.2164643,2.731862253899675,2.9889970448792256,-2.385787980849953
1789997321.3165102,2.731862253899675,2.9889970448792256,-2.385787980849953
1789997321.4164476,2.731862253899675,2.9889970448792256,-2.385787980849953
1789997321.5162838,2.731862253899675,2.9889970448792256,-2.385787980849953
1789997321.615963,2.731862253899675,2.9889970448792256,-2.385787980849953
1789997321.7160208,2.731862253899675,2.9889970448792256,-2.385787980849953
1789997321.8164554,2.731862253899675,2.9889970448792256,-2.385787980849953
1789997321.9164627,2.731862253899675,2.9889970448792256,-2.385787980849953
1789997322.0176394,2.731862253899675,2.9889970448792256,-2.385787980849953
1789997322.1166658,2.731862253899675,2.9889970448792256,-2.385787980849953
1789997322.216052,2.731862253899675,2.9889970448792256,-2.385787980849953
1789997322.3164961,2.731862253899675,2.9889970448792256,-2.385787980849953
1789997322.416155,2.731862253899675,2.9889970448792256,-2.385787980849953
1789997322.5162072,2.731862253899675,2.9889970448792256,-2.385787980849953
1789997322.6158135,2.731862253899675,2.9889970448792256,-2.385787980849953
1789997322.716807,2.731862253899675,2.9889970448792256,-2.385787980849953
1789997322.817714,2.731862253899675,2.9889970448792256,-2.385787980849953
1789997322.9167612,2.731862253899675,2.9889970448792256,-2.385787980849953
1789997323.0164213,2.731862253899675,2.9889970448792256,-2.385787980849953
1789997323.1160512,2.731862253899675,2.9889970448792256,-2.385787980849953
1789997323.215786,2.731862253899675,2.9889970448792256,-2.385787980849953
1789997323.3159783,2.731862253899675,2.9889970448792256,-2.385787980849953
1789997323.4167836,2.731862253899675,2.9889970448792256,-2.385787980849953
1789997323.516543,2.731862253899675,2.9889970448792256,-2.385787980849953
1789997323.6165328,2.731862253899675,2.9889970448792256,-2.385787980849953
1789997323.717352,2.731862253899675,2.9889970448792256,-2.385787980849953
1789997323.8163445,2.731862253899675,2.9889970448792256,-2.385787980849953
1789997323.9162014,2.731862253899675,2.9889970448792256,-2.385787980849953
1789997324.0161297,2.731862253899675,2.9889970448792256,-2.385787980849953
1789997324.1160455,2.731862253899675,2.9889970448792256,-2.385787980849953
1789997324.2166939,2.731862253899675,2.9889970448792256,-2.385787980849953
1789997324.3179007,2.731862253899675,2.9889970448792256,-2.385787980849953
1789997324.4160116,2.731862253899675,2.9889970448792256,-2.385787980849953
1789997324.5160396,2.731862253899675,2.9889970448792256,-2.385787980849953
1789997324.616922,2.731862253899675,2.9889970448792256,-2.385787980849953
1789997324.715993,2.731862253899675,2.9889970448792256,-2.385787980849953
1789997324.815955,2.731862253899675,2.9889970448792256,-2.385787980849953
1789997324.9161084,2.731862253899675,2.9889970448792256,-2.385787980849953
1789997325.0159788,2.731862253899675,2.9889970448792256,-2.385787980849953
1789997325.1158588,2.731862253899675,2.9889970448792256,-2.385787980849953
1789997325.216762,2.731862253899675,2.9889970448792256,-2.385787980849953
1789997325.318484,2.731862253899675,2.9889970448792256,-2.385787980849953
1789997325.4164054,2.731862253899675,2.9889970448792256,-2.385787980849953
1789997325.5167239,2.731862253899675,2.9889970448792256,-2.385787980849953
1789997325.6162112,2.731862253899675,2.9889970448792256,-2.385787980849953
1789997325.716106,2.731862253899675,2.9889970448792256,-2.385787980849953
1789997325.816663,2.731862253899675,2.9889970448792256,-2.385787980849953
1789997325.9169457,2.731862253899675,2.9889970448792256,-2.385787980849953
1789997326.0170474,2.731862253899675,2.9889970448792256,-2.385787980849953
1789997326.1174457,2.731862253899675,2.9889970448792256,-2.385787980849953
1789997326.2174704,2.731862253899675,2.9889970448792256,-2.385787980849953
1789997326.317007,2.731862253899675,2.9889970448792256,-2.385787980849953
1789997326.4170947,2.731862253899675,2.9889970448792256,-2.385787980849953
1789997326.5168834,2.731862253899675,2.9889970448792256,-2.385787980849953
1789997326.6170137,2.731862253899675,2.9889970448792256,-2.385787980849953
1789997326.7168088,2.731862253899675,2.9889970448792256,-2.385787980849953
1789997326.817959,2.731862253899675,2.9889970448792256,-2.385787980849953
1789997326.916602,2.731862253899675,2.9889970448792256,-2.385787980849953
1789997327.0161953,2.731862253899675,2.9889970448792256,-2.385787980849953
1789997327.1160948,2.731862253899675,2.9889970448792256,-2.385787980849953
1789997327.2158322,2.731862253899675,2.9889970448792256,-2.385787980849953
1789997327.3174884,2.731862253899675,2.9889970448792256,-2.385787980849953
1789997327.4159305,2.731862253899675,2.9889970448792256,-2.385787980849953
1789997327.5161388,2.731862253899675,2.9889970448792256,-2.385787980849953
1789997327.6158624,2.731862253899675,2.9889970448792256,-2.385787980849953
1789997327.7159977,2.731862253899675,2.9889970448792256,-2.385787980849953
1789997327.8163843,2.731862253899675,2.9889970448792256,-2.385787980849953
1789997327.9161777,2.731862253899675,2.9889970448792256,-2.385787980849953
1789997328.0160031,2.731862253899675,2.9889970448792256,-2.385787980849953
1789997328.116108,2.731862253899675,2.9889970448792256,-2.385787980849953
1789997328.2163568,2.731862253899675,2.9889970448792256,-2.385787980849953
1789997328.3162715,2.731862253899675,2.9889970448792256,-2.385787980849953
1789997328.4162076,2.731862253899675,2.9889970448792256,-2.385787980849953
1789997328.5169523,2.731862253899675,2.9889970448792256,-2.385787980849953
1789997328.6174076,2.731862253899675,2.9889970448792256,-2.385787980849953
1789997328.7174807,2.731862253899675,2.9889970448792256,-2.385787980849953
1789997328.8161776,2.731862253899675,2.9889970448792256,-2.385787980849953
1789997328.9159086,2.731862253899675,2.9889970448792256,-2.385787980849953
1789997329.0158944,2.731862253899675,2.9889970448792256,-2.385787980849953
1789997329.1171014,2.731862253899675,2.9889970448792256,-2.385787980849953
1789997329.2161741,2.731862253899675,2.9889970448792256,-2.385787980849953
1789997329.3167021,2.731862253899675,2.9889970448792256,-2.385787980849953
1789997329.4165359,2.731862253899675,2.9889970448792256,-2.385787980849953
1789997329.5161717,2.731862253899675,2.9889970448792256,-2.385787980849953
1789997329.6162107,2.731862253899675,2.9889970448792256,-2.385787980849953
1789997329.7164657,2.731862253899675,2.9889970448792256,-2.385787980849953
1789997329.816402,2.731862253899675,2.9889970448792256,-2.385787980849953
1789997329.9173608,2.731862253899675,2.9889970448792256,-2.385787980849953
1789997330.0164895,2.731862253899675,2.9889970448792256,-2.385787980849953
1789997330.1160834,2.731862253899675,2.9889970448792256,-2.385787980849953
1789997330.216304,2.731862253899675,2.9889970448792256,-2.385787980849953
1789997330.3162003,2.731862253899675,2.9889970448792256,-2.385787980849953
1789997330.4160757,2.731862253899675,2.9889970448792256,-2.385787980849953
1789997330.5165,2.731862253899675,2.9889970448792256,-2.385787980849953
1789997330.6172352,2.731862253899675,2.9889970448792256,-2.385787980849953
1789997330.7161045,2.731862253899675,2.9889970448792256,-2.385787980849953
1789997330.8164365,2.731862253899675,2.9889970448792256,-2.385787980849953
1789997330.9163501,2.731862253899675,2.9889970448792256,-2.385787980849953
1789997331.0164666,2.731862253899675,2.9889970448792256,-2.385787980849953
1789997331.116906,2.731862253899675,2.9889970448792256,-2.385787980849953
1789997331.2166002,2.731862253899675,2.9889970448792256,-2.385787980849953
1789997331.3170075,2.731862253899675,2.9889970448792256,-2.385787980849953
1789997331.4173698,2.731862253899675,2.9889970448792256,-2.385787980849953
1789997331.5161004,2.731862253899675,2.9889970448792256,-2.385787980849953
1789997331.6160443,2.731862253899675,2.9889970448792256,-2.385787980849953
1789997331.715991,2.731862253899675,2.9889970448792256,-2.385787980849953
1789997331.8161714,2.731862253899675,2.9889970448792256,-2.385787980849953
1789997331.9162333,2.731862253899675,2.9889970448792256,-2.385787980849953
1789997332.0165157,2.731862253899675,2.9889970448792256,-2.385787980849953
1789997332.1165655,2.731862253899675,2.9889970448792256,-2.385787980849953
1789997332.217542,2.731862253899675,2.9889970448792256,-2.385787980849953
1789997332.316437,2.731862253899675,2.9889970448792256,-2.385787980849953
1789997332.4162207,2.731862253899675,2.9889970448792256,-2.385787980849953
1789997332.5161061,2.731862253899675,2.9889970448792256,-2.385787980849953
1789997332.6160429,2.731862253899675,2.9889970448792256,-2.385787980849953
1789997332.716965,2.731862253899675,2.9889970448792256,-2.385787980849953
1789997332.8170319,2.731862253899675,2.9889970448792256,-2.385787980849953
1789997332.9161606,2.731862253899675,2.9889970448792256,-2.385787980849953
1789997333.0174599,2.731862253899675,2.9889970448792256,-2.385787980849953
1789997333.1160758,2.731862253899675,2.9889970448792256,-2.385787980849953
1789997333.2160013,2.731862253899675,2.9889970448792256,-2.385787980849953
1789997333.3161356,2.731862253899675,2.9889970448792256,-2.385787980849953
1789997333.4162757,2.731862253899675,2.9889970448792256,-2.385787980849953
1789997333.5162897,2.731862253899675,2.9889970448792256,-2.385787980849953
1789997333.6162727,2.731862253899675,2.9889970448792256,-2.385787980849953
1789997333.7159476,2.731862253899675,2.9889970448792256,-2.385787980849953
1789997333.816166,2.731862253899675,2.9889970448792256,-2.385787980849953
1789997333.9167438,2.731862253899675,2.9889970448792256,-2.385787980849953
1789997334.0178235,2.731862253899675,2.9889970448792256,-2.385787980849953
1789997334.1163833,2.731862253899675,2.9889970448792256,-2.385787980849953
1789997334.2161472,2.731862253899675,2.9889970448792256,-2.385787980849953
1789997334.3163548,2.731862253899675,2.9889970448792256,-2.385787980849953
1789997334.417133,2.731862253899675,2.9889970448792256,-2.385787980849953
1789997334.51625,2.731862253899675,2.9889970448792256,-2.385787980849953
1789997334.6162708,2.731862253899675,2.9889970448792256,-2.385787980849953
1789997334.715964,2.731862253899675,2.9889970448792256,-2.385787980849953
1789997334.816939,2.731862253899675,2.9889970448792256,-2.385787980849953
1789997334.9159007,2.731862253899675,2.9889970448792256,-2.385787980849953
1789997335.0158849,2.731862253899675,2.9889970448792256,-2.385787980849953
1789997335.116765,2.731862253899675,2.9889970448792256,-2.385787980849953
1789997335.217043,2.731862253899675,2.9889970448792256,-2.385787980849953
1789997335.3163092,2.731862253899675,2.9889970448792256,-2.385787980849953
1789997335.4162679,2.731862253899675,2.9889970448792256,-2.385787980849953
1789997335.5160844,2.731862253899675,2.9889970448792256,-2.385787980849953
1789997335.6158578,2.731862253899675,2.9889970448792256,-2.385787980849953
1789997335.7161005,2.731862253899675,2.9889970448792256,-2.385787980849953
1789997335.8158412,2.731862253899675,2.9889970448792256,-2.385787980849953
1789997335.9169252,2.731862253899675,2.9889970448792256,-2.385787980849953
1789997336.017175,2.731862253899675,2.9889970448792256,-2.385787980849953
1789997336.1175659,2.731862253899675,2.9889970448792256,-2.385787980849953
1789997336.218071,2.731862253899675,2.9889970448792256,-2.385787980849953
1789997336.3166208,2.731862253899675,2.9889970448792256,-2.385787980849953
1789997336.4169407,2.731862253899675,2.9889970448792256,-2.385787980849953
1789997336.5174754,2.731862253899675,2.9889970448792256,-2.385787980849953
1789997336.616542,2.731862253899675,2.9889970448792256,-2.385787980849953
1789997336.7163856,2.731862253899675,2.9889970448792256,-2.385787980849953
1789997336.8161263,2.731862253899675,2.9889970448792256,-2.385787980849953
1789997336.9164019,2.731862253899675,2.9889970448792256,-2.385787980849953
1789997337.016367,2.731862253899675,2.9889970448792256,-2.385787980849953
1789997337.11622,2.731862253899675,2.9889970448792256,-2.385787980849953
1789997337.2160647,2.731862253899675,2.9889970448792256,-2.385787980849953
1789997337.3177018,2.731862253899675,2.9889970448792256,-2.385787980849953
1789997337.4175456,2.731862253899675,2.9889970448792256,-2.385787980849953
1789997337.5167146,2.731862253899675,2.9889970448792256,-2.385787980849953
1789997337.6167197,2.731862253899675,2.9889970448792256,-2.385787980849953
1789997337.71675,2.731862253899675,2.9889970448792256,-2.385787980849953
1789997337.8170924,2.731862253899675,2.9889970448792256,-2.385787980849953
1789997337.9160297,2.731862253899675,2.9889970448792256,-2.385787980849953
1789997338.0161765,2.731862253899675,2.9889970448792256,-2.385787980849953
1789997338.1162431,2.731862253899675,2.9889970448792256,-2.385787980849953
1789997338.2162204,2.731862253899675,2.9889970448792256,-2.385787980849953
1789997338.3162465,2.731862253899675,2.9889970448792256,-2.385787980849953
1789997338.4170237,2.731862253899675,2.9889970448792256,-2.385787980849953
1789997338.5161293,2.731862253899675,2.9889970448792256,-2.385787980849953
1789997338.6158879,2.731862253899675,2.9889970448792256,-2.385787980849953
1789997338.7169123,2.731862253899675,2.9889970448792256,-2.385787980849953
1789997338.817197,2.731862253899675,2.9889970448792256,-2.385787980849953
1789997338.9161954,2.731862253899675,2.9889970448792256,-2.385787980849953
1789997339.016309,2.731862253899675,2.9889970448792256,-2.385787980849953
1789997339.1160765,2.731862253899675,2.9889970448792256,-2.385787980849953
1789997339.2172132,2.731862253899675,2.9889970448792256,-2.385787980849953
1789997339.3172967,2.731862253899675,2.9889970448792256,-2.385787980849953
1789997339.4160678,2.731862253899675,2.9889970448792256,-2.385787980849953
1789997339.5171258,2.731862253899675,2.9889970448792256,-2.385787980849953
1789997339.6158812,2.731862253899675,2.9889970448792256,-2.385787980849953
1789997339.7168682,2.731862253899675,2.9889970448792256,-2.385787980849953
1789997339.816493,2.731862253899675,2.9889970448792256,-2.385787980849953
1789997339.916905,2.731862253899675,2.9889970448792256,-2.385787980849953
1789997340.0184329,2.731862253899675,2.9889970448792256,-2.385787980849953
1789997340.1169963,2.731862253899675,2.9889970448792256,-2.385787980849953
1789997340.2171957,2.731862253899675,2.9889970448792256,-2.385787980849953
1789997340.3173695,2.731862253899675,2.9889970448792256,-2.385787980849953
1789997340.4166193,2.731862253899675,2.9889970448792256,-2.385787980849953
1789997340.516956,2.731862253899675,2.9889970448792256,-2.385787980849953
1789997340.617135,2.731862253899675,2.9889970448792256,-2.385787980849953
1789997340.7160506,2.731862253899675,2.9889970448792256,-2.385787980849953
1789997340.817184,2.731862253899675,2.9889970448792256,-2.385787980849953
1789997340.9164977,2.731862253899675,2.9889970448792256,-2.385787980849953
1789997341.0169075,2.731862253899675,2.9889970448792256,-2.385787980849953
1789997341.116562,2.731862253899675,2.9889970448792256,-2.385787980849953
1789997341.2186737,2.731862253899675,2.9889970448792256,-2.385787980849953
1789997341.3161447,2.731862253899675,2.9889970448792256,-2.385787980849953
1789997341.4164038,2.731862253899675,2.9889970448792256,-2.385787980849953
1789997341.5166454,2.731862253899675,2.9889970448792256,-2.385787980849953
1789997341.6162138,2.731862253899675,2.9889970448792256,-2.385787980849953
1789997341.716397,2.731862253899675,2.9889970448792256,-2.385787980849953
1789997341.8163512,2.731862253899675,2.9889970448792256,-2.385787980849953
1789997341.915961,2.731862253899675,2.9889970448792256,-2.385787980849953
1789997342.016066,2.731862253899675,2.9889970448792256,-2.385787980849953
1789997342.116478,2.731862253899675,2.9889970448792256,-2.385787980849953
1789997342.2174459,2.731862253899675,2.9889970448792256,-2.385787980849953
1789997342.316338,2.731862253899675,2.9889970448792256,-2.385787980849953
1789997342.4170022,2.731862253899675,2.9889970448792256,-2.385787980849953
1789997342.5171545,2.731862253899675,2.9889970448792256,-2.385787980849953
1789997342.6157794,2.731862253899675,2.9889970448792256,-2.385787980849953
1789997342.7165804,2.731862253899675,2.9889970448792256,-2.385787980849953
1789997342.816733,2.731862253899675,2.9889970448792256,-2.385787980849953
1789997342.917472,2.731862253899675,2.9889970448792256,-2.385787980849953
1789997343.0170321,2.731862253899675,2.9889970448792256,-2.385787980849953
1789997343.1170104,2.731862253899675,2.9889970448792256,-2.385787980849953
1789997343.2161703,2.731862253899675,2.9889970448792256,-2.385787980849953
1789997343.3170469,2.731862253899675,2.9889970448792256,-2.385787980849953
1789997343.4181137,2.731862253899675,2.9889970448792256,-2.385787980849953
1789997343.5160031,2.731862253899675,2.9889970448792256,-2.385787980849953
1789997343.6159444,2.731862253899675,2.9889970448792256,-2.385787980849953
1789997343.7169235,2.731862253899675,2.9889970448792256,-2.385787980849953
1789997343.8169544,2.731862253899675,2.9889970448792256,-2.385787980849953
1789997343.9165702,2.731862253899675,2.9889970448792256,-2.385787980849953
1789997344.0171282,2.731862253899675,2.9889970448792256,-2.385787980849953
1789997344.1172953,2.731862253899675,2.9889970448792256,-2.385787980849953
1789997344.2166746,2.731862253899675,2.9889970448792256,-2.385787980849953
1789997344.3162441,2.731862253899675,2.9889970448792256,-2.385787980849953
1789997344.4163976,2.731862253899675,2.9889970448792256,-2.385787980849953
1789997344.5161095,2.731862253899675,2.9889970448792256,-2.385787980849953
1789997344.6170828,2.731862253899675,2.9889970448792256,-2.385787980849953
1789997344.7165432,2.731862253899675,2.9889970448792256,-2.385787980849953
1789997344.8173065,2.731862253899675,2.9889970448792256,-2.385787980849953
1789997344.9164906,2.731862253899675,2.9889970448792256,-2.385787980849953
1789997345.0177474,2.731862253899675,2.9889970448792256,-2.385787980849953
1789997345.1179292,2.731862253899675,2.9889970448792256,-2.385787980849953
1789997345.2167058,2.731862253899675,2.9889970448792256,-2.385787980849953
1789997345.316108,2.731862253899675,2.9889970448792256,-2.385787980849953
1789997345.416606,2.731862253899675,2.9889970448792256,-2.385787980849953
1789997345.516012,2.731862253899675,2.9889970448792256,-2.385787980849953
1789997345.6162841,2.731862253899675,2.9889970448792256,-2.385787980849953
1789997345.7174983,2.731862253899675,2.9889970448792256,-2.385787980849953
1789997345.8162086,2.731862253899675,2.9889970448792256,-2.385787980849953
1789997345.9165049,2.731862253899675,2.9889970448792256,-2.385787980849953
1789997346.0165658,2.731862253899675,2.9889970448792256,-2.385787980849953
1789997346.1161036,2.731862253899675,2.9889970448792256,-2.385787980849953
1789997346.2165785,2.731862253899675,2.9889970448792256,-2.385787980849953
1789997346.316364,2.731862253899675,2.9889970448792256,-2.385787980849953
1789997346.416222,2.731862253899675,2.9889970448792256,-2.385787980849953
1789997346.517101,2.731862253899675,2.9889970448792256,-2.385787980849953
1789997346.616826,2.731862253899675,2.9889970448792256,-2.385787980849953
1789997346.7163184,2.731862253899675,2.9889970448792256,-2.385787980849953
1789997346.8163154,2.731862253899675,2.9889970448792256,-2.385787980849953
1789997346.9166539,2.731862253899675,2.9889970448792256,-2.385787980849953
1789997347.016362,2.731862253899675,2.9889970448792256,-2.385787980849953
1789997347.116888,2.731862253899675,2.9889970448792256,-2.385787980849953
1789997347.2156441,2.731862253899675,2.9889970448792256,-2.385787980849953
1789997347.316902,2.731862253899675,2.9889970448792256,-2.385787980849953
1789997347.4161394,2.731862253899675,2.9889970448792256,-2.385787980849953
1789997347.5175776,2.731862253899675,2.9889970448792256,-2.385787980849953
1789997347.616342,2.731862253899675,2.9889970448792256,-2.385787980849953
1789997347.716527,2.731862253899675,2.9889970448792256,-2.385787980849953
1789997347.8164582,2.731862253899675,2.9889970448792256,-2.385787980849953
1789997347.9164958,2.731862253899675,2.9889970448792256,-2.385787980849953
1789997348.0168734,2.731862253899675,2.9889970448792256,-2.385787980849953
1789997348.1170523,2.731862253899675,2.9889970448792256,-2.385787980849953
1789997348.2172277,2.731862253899675,2.9889970448792256,-2.385787980849953
1789997348.3165896,2.731862253899675,2.9889970448792256,-2.385787980849953
1789997348.4164865,2.731862253899675,2.9889970448792256,-2.385787980849953
1789997348.516413,2.731862253899675,2.9889970448792256,-2.385787980849953
1789997348.6160066,2.731862253899675,2.9889970448792256,-2.385787980849953
1789997348.7159624,2.731862253899675,2.9889970448792256,-2.385787980849953
1789997348.8159444,2.731862253899675,2.9889970448792256,-2.385787980849953
1789997348.916819,2.731862253899675,2.9889970448792256,-2.385787980849953
1789997349.0178723,2.731862253899675,2.9889970448792256,-2.385787980849953
1789997349.1178648,2.731862253899675,2.9889970448792256,-2.385787980849953
1789997349.2166727,2.731862253899675,2.9889970448792256,-2.385787980849953
1789997349.3169649,2.731862253899675,2.9889970448792256,-2.385787980849953
1789997349.4161658,2.731862253899675,2.9889970448792256,-2.385787980849953
1789997349.517037,2.731862253899675,2.9889970448792256,-2.385787980849953
1789997349.6159801,2.731862253899675,2.9889970448792256,-2.385787980849953
1789997349.7169073,2.731862253899675,2.9889970448792256,-2.385787980849953
1789997349.816191,2.731862253899675,2.9889970448792256,-2.385787980849953
1789997349.9161658,2.731862253899675,2.9889970448792256,-2.385787980849953
1789997350.0163357,2.731862253899675,2.9889970448792256,-2.385787980849953
1789997350.1164205,2.731862253899675,2.9889970448792256,-2.385787980849953
1789997350.2173975,2.731862253899675,2.9889970448792256,-2.385787980849953
1789997350.3166146,2.731862253899675,2.9889970448792256,-2.385787980849953
1789997350.4177978,2.731862253899675,2.9889970448792256,-2.385787980849953
1789997350.5173295,2.731862253899675,2.9889970448792256,-2.385787980849953
1789997350.6166081,2.731862253899675,2.9889970448792256,-2.385787980849953
1789997350.716877,2.731862253899675,2.9889970448792256,-2.385787980849953
1789997350.8172467,2.731862253899675,2.9889970448792256,-2.385787980849953
1789997350.9171958,2.731862253899675,2.9889970448792256,-2.385787980849953
1789997351.017162,2.731862253899675,2.9889970448792256,-2.385787980849953
1789997351.116527,2.731862253899675,2.9889970448792256,-2.385787980849953
1789997351.216991,2.731862253899675,2.9889970448792256,-2.385787980849953
1789997351.3171096,2.731862253899675,2.9889970448792256,-2.385787980849953
1789997351.4161851,2.731862253899675,2.9889970448792256,-2.385787980849953
1789997351.5168197,2.731862253899675,2.9889970448792256,-2.385787980849953
1789997351.6172893,2.731862253899675,2.9889970448792256,-2.385787980849953
1789997351.716885,2.731862253899675,2.9889970448792256,-2.385787980849953
1789997351.817725,2.731862253899675,2.9889970448792256,-2.385787980849953
1789997351.91691,2.731862253899675,2.9889970448792256,-2.385787980849953
1789997352.0173683,2.731862253899675,2.9889970448792256,-2.385787980849953
1789997352.1174722,2.731862253899675,2.9889970448792256,-2.385787980849953
1789997352.2163975,2.731862253899675,2.9889970448792256,-2.385787980849953
1789997352.3164155,2.731862253899675,2.9889970448792256,-2.385787980849953
1789997352.416376,2.731862253899675,2.9889970448792256,-2.385787980849953
1789997352.516698,2.731862253899675,2.9889970448792256,-2.385787980849953
1789997352.6165524,2.731862253899675,2.9889970448792256,-2.385787980849953
1789997352.7165163,2.731862253899675,2.9889970448792256,-2.385787980849953
1789997352.8174543,2.731862253899675,2.9889970448792256,-2.385787980849953
1789997352.9164941,2.731862253899675,2.9889970448792256,-2.385787980849953
1789997353.0164227,2.731862253899675,2.9889970448792256,-2.385787980849953
1789997353.11948,2.731862253899675,2.9889970448792256,-2.385787980849953
1789997353.216658,2.731862253899675,2.9889970448792256,-2.385787980849953
1789997353.317174,2.731862253899675,2.9889970448792256,-2.385787980849953
1789997353.4173226,2.731862253899675,2.9889970448792256,-2.385787980849953
1789997353.5160966,2.731862253899675,2.9889970448792256,-2.385787980849953
1789997353.6160536,2.731862253899675,2.9889970448792256,-2.385787980849953
1789997353.7159333,2.731862253899675,2.9889970448792256,-2.385787980849953
1789997353.8160303,2.731862253899675,2.9889970448792256,-2.385787980849953
1789997353.91601,2.731862253899675,2.9889970448792256,-2.385787980849953
1789997354.0160348,2.731862253899675,2.9889970448792256,-2.385787980849953
1789997354.1160595,2.731862253899675,2.9889970448792256,-2.385787980849953
1789997354.2170691,2.731862253899675,2.9889970448792256,-2.385787980849953
1789997354.3160434,2.731862253899675,2.9889970448792256,-2.385787980849953
1789997354.4163113,2.731862253899675,2.9889970448792256,-2.385787980849953
1789997354.5176353,2.731862253899675,2.9889970448792256,-2.385787980849953
1789997354.6162295,2.731862253899675,2.9889970448792256,-2.385787980849953
1789997354.7169654,2.731862253899675,2.9889970448792256,-2.385787980849953
1789997354.8165324,2.731862253899675,2.9889970448792256,-2.385787980849953
1789997354.9168224,2.731862253899675,2.9889970448792256,-2.385787980849953
1789997355.0165877,2.731862253899675,2.9889970448792256,-2.385787980849953
1789997355.1174357,2.731862253899675,2.9889970448792256,-2.385787980849953
1789997355.2174969,2.731862253899675,2.9889970448792256,-2.385787980849953
1789997355.3181777,2.731862253899675,2.9889970448792256,-2.385787980849953
1789997355.4178631,2.731862253899675,2.9889970448792256,-2.385787980849953
1789997355.5166428,2.731862253899675,2.9889970448792256,-2.385787980849953
1789997355.6170232,2.731862253899675,2.9889970448792256,-2.385787980849953
1789997355.716899,2.731862253899675,2.9889970448792256,-2.385787980849953
1789997355.8172498,2.731862253899675,2.9889970448792256,-2.385787980849953
1789997355.9168706,2.731862253899675,2.9889970448792256,-2.385787980849953
1789997356.0171592,2.731862253899675,2.9889970448792256,-2.385787980849953
1789997356.11684,2.731862253899675,2.9889970448792256,-2.401787981237383
1789997356.2177196,2.731862253899675,2.9889970448792256,-2.4337879820122432
1789997356.3174345,2.731862253899675,2.9889970448792256,-2.481568620945425
1789997356.4167798,2.731862253899675,2.9889970448792256,-2.5453492580308628
1789997356.5179408,2.731862253899675,2.9889970448792256,-2.625311881150217
1789997356.617103,2.731862253899675,2.9889970448792256,-2.7203640221013736
1789997356.7178333,2.731862253899675,2.9889970448792256,-2.8203640250816058
1789997356.8174584,2.731862253899675,2.9889970448792256,-2.920364028061838
1789997356.9175215,2.731862253899675,2.9889970448792256,-3.02036403104207
1789997357.0176435,2.731862253899675,2.9889970448792256,-3.1203640340223022
1789997357.1171112,2.731862253899675,2.9889970448792256,3.062821270177052
1789997357.2172425,2.731862253899675,2.9889970448792256,2.9628212671968193
1789997357.3165808,2.731862253899675,2.9889970448792256,2.8628212642165867
1789997357.4166489,2.731862253899675,2.9889970448792256,2.762821261236354
1789997357.5168197,2.731862253899675,2.9889970448792256,2.6628212582561215
1789997357.6163642,2.731862253899675,2.9889970448792256,2.562821255275889
1789997357.7165663,2.731862253899675,2.9889970448792256,2.4628212522956563
1789997357.8169005,2.731862253899675,2.9889970448792256,2.3628212493154237
1789997357.9165998,2.731862253899675,2.9889970448792256,2.262821246335191
1789997358.0170796,2.731862253899675,2.9889970448792256,2.1628212433549585
1789997358.1172886,2.731862253899675,2.9889970448792256,2.062821240374726
1789997358.2165904,2.731862253899675,2.9889970448792256,1.9628212373944933
1789997358.3168075,2.731862253899675,2.9889970448792256,1.8628212344142607
1789997358.4170434,2.731862253899675,2.9889970448792256,1.7628212314340284
1789997358.516897,2.731862253899675,2.9889970448792256,1.6628212284537955
1789997358.6162813,2.731862253899675,2.9889970448792256,1.5628212254735632
1789997358.7164946,2.731862253899675,2.9889970448792256,1.4628212224933301
1789997358.816443,2.734443242226669,3.001227682608139,1.3628212195130978
1789997358.917129,2.741926627110863,3.025081381496886,1.2668002914878524
1789997359.016934,2.7518808599293636,3.0491003989498133,1.17791140193669
1789997359.116315,2.7639280066155085,3.072140932952554,1.0890225123855277
1789997359.2166808,2.7779729424943223,3.0940210546745406,1.0001336228343654
1789997359.3164783,2.7939047682802447,3.1145679979395604,0.9112447332832031
1789997359.417173,2.8112906096442094,3.1339001594968203,0.8383558463546446
1789997359.5166106,2.8296403336501377,3.1523199200629946,0.7873029079529452
1789997359.6166866,2.848418124267678,3.170303093585283,0.7637857441100285
1789997359.7165036,2.8673407304711453,3.1881338233762206,0.7556986727061678
1789997359.8167386,2.886334007550913,3.20588925567679,0.7517268601114856
1789997359.9174318,2.905353736846924,3.2236163492884167,0.7502358607723374
1789997360.017947,2.9243728728150846,3.2413440794711996,0.750269330285774
1789997360.116682,2.9433748728157867,3.259090176123203,0.7512354491206867
1789997360.216398,2.9620730700895725,3.2771560934572195,0.768201567784236
1789997360.3172371,2.9802256775646137,3.2957701417075604,0.7979480279537898
1789997360.4175558,2.998051973464461,3.314696924976252,0.8153319453748926
1789997360.5190878,3.0157038656955977,3.333786467953214,0.8245070794525605
1789997360.6175878,3.033270912897405,3.3529541178618074,0.8289425794894857
1789997360.7171254,3.0508206276742387,3.372137638437049,0.8298464592707395
1789997360.8179028,3.068383324214061,3.3913092747954576,0.8291695353037732
1789997360.916926,3.0859775835679484,3.410451949326387,0.8275219625721739
1789997361.0177536,3.1036191765765695,3.4295510107307363,0.825046466656314
1789997361.1173282,3.1213073424249687,3.448606947845674,0.8226052233877647
1789997361.217314,3.139027213076968,3.467633406646127,0.8209401602785156
1789997361.316268,3.1567895963153374,3.4866201834158224,0.8187034357267482
1789997361.4183452,3.1745975035174,3.5055642693397107,0.8163030715587598
1789997361.5171824,3.1924473269263474,3.5244688654654768,0.8140881363230806
1789997361.6166375,3.210346229286495,3.5433270001746897,0.8114888050521776
1789997361.7169824,3.228289680444847,3.562142751845478,0.8091238365436957
1789997361.817032,3.246273704749471,3.580919727646166,0.8069652737977969
1789997361.9165804,3.2642950954704273,3.5996608435919035,0.804973359911056
1789997362.0168338,3.2823522889495123,3.6183674657901475,0.8030612151998149
1789997362.117667,3.300442561725407,3.637042100493473,0.8012913823521748
1789997362.2174683,3.3185632441912367,3.6556872290095628,0.7996616998150063
1789997362.3169556,3.3366879034906427,3.6743284917267016,0.799448386945115
1789997362.4167435,3.354825371120271,3.692957292503808,0.7987610615951063
1789997362.5170681,3.3729796743593607,3.7115696868772385,0.797856922603497
1789997362.6171424,3.391155415721878,3.730161146645955,0.7967044548525531
1789997362.717157,3.409353754321659,3.748730487577088,0.7954882682229449
1789997362.8165617,3.4275734961546696,3.7672788286874783,0.7943350048896916
1789997362.9164312,3.4458177461425623,3.785803063969622,0.793012833425129
1789997363.016964,3.4640833497494157,3.8043062441094317,0.7918594384959956
1789997363.1165452,3.482368208918136,3.8227903961210608,0.7908182409287486
1789997363.2163253,3.5006746380574647,3.8412531857958543,0.7896506223290283
1789997363.3170063,3.519583253232626,3.8590987517035695,0.7564830045609789
1789997363.416333,3.5388471215093427,3.8765602330103266,0.7363600465863067
1789997363.5167017,3.5582843813390346,3.8938284952483744,0.7263749390303214
1789997363.6159728,3.5778039929353045,3.911003614273863,0.7215930850639065
1789997363.716443,3.597337538943865,3.928162883802033,0.7207813967180497
1789997363.8164907,3.616856070069531,3.9453392307100734,0.7216559918758518
1789997363.9166758,3.6363378991457824,3.9625571947666236,0.7237901840985809
1789997364.016844,3.655771070799513,3.979830057583354,0.7266116525673363
1789997364.1170096,3.6751504543529414,3.9971632466580176,0.7297202450850104
1789997364.2167385,3.694472332476208,4.014560515874724,0.7330317693457995
1789997364.31679,3.713724948206271,4.032034403191502,0.7370042388022933
1789997364.4162583,3.7329154162587663,4.049576520690113,0.7405539077402148
1789997364.5171182,3.752047739729878,4.0671820354228805,0.7438624963791165
1789997364.6167617,3.7711301002732722,4.084841691888985,0.7466960509934517
1789997364.7163823,3.7901637421051597,4.102553846727524,0.7494507123411687
1789997364.8165095,3.8091525459811097,4.120314062879633,0.7519787605547399
1789997364.9163775,3.8281015963462157,4.138116687424054,0.75421443653042
1789997365.0170739,3.847013867113016,4.155958379183867,0.756278136388683
1789997365.1166759,3.865893036523172,4.1738350934454855,0.7581315979988362
1789997365.2172217,3.884743548611129,4.191742023512662,0.7597332971331712
1789997365.316434,3.9035538357339874,4.209691203125239,0.7619769843922044
1789997365.416593,3.922330471853115,4.227675582081956,0.7638499407724524
1789997365.5166006,3.9410835716793424,4.245684502019489,0.765157755852961
1789997365.61752,3.959815391070057,4.263715555586116,0.7663386908520993
1789997365.7167037,3.9785278921374547,4.281766656777223,0.7674094872943177
1789997365.8174212,3.997221974608049,4.2998368319559965,0.7684293070270729
1789997365.9169784,4.015899692261545,4.317923921651833,0.769334509123401
1789997366.0172038,4.034561915221164,4.336026998313396,0.7701908021162311
1789997366.1171367,4.053210309670349,4.354144319717967,0.7709543779187884
1789997366.2169352,4.0718463539156655,4.372274344684732,0.7716358183345803
1789997366.3173225,4.090471373708473,4.390415694913601,0.7722437055244159
1789997366.417087,4.109048004839748,4.408606591709018,0.7749073796368248
1789997366.5162377,4.127592855458829,4.426829886304807,0.776652880657748
1789997366.61601,4.14611653707884,4.445074698434544,0.7778138401147953
1789997366.7159553,4.164625643954516,4.463334296268936,0.7786123597224286
1789997366.8173816,4.183126084758583,4.481602674425307,0.7790868492725348
1789997366.9159877,4.201622549973071,4.499875077797008,0.7793044466744687
1789997367.0161736,4.220115947009842,4.518150586447914,0.7794723456071734
1789997367.1171768,4.238607113938707,4.536428351519655,0.7795943652062487
1789997367.216477,4.2570966697625945,4.554707746363148,0.7796825068989347
1789997367.3166866,4.2755854197258705,4.572987956296417,0.7797265916539978
1789997367.417147,4.294083998904708,4.5912582195340725,0.7791887482571109
1789997367.5159457,4.312588569353372,4.609522414641423,0.7788607691357537
1789997367.6169202,4.331096976526549,4.627782721712248,0.7786506786885364
1789997367.716272,4.34960748879262,4.646040894842563,0.7785353895045045
1789997367.816558,4.368119094806192,4.664297959042681,0.7784754831432289
1789997367.9165952,4.386631740566344,4.68255396893992,0.77841853112779
1789997368.016144,4.4051451128130505,4.700809242108618,0.7783787359470072
1789997368.1167374,4.423659470823428,4.719063515522603,0.7783247356231362
1789997368.2168398,4.442178239674625,4.737313314169296,0.7780830726770721
1789997368.3168478,4.460700482467069,4.755559587003678,0.7778926992426197
1789997368.416785,4.479194538191598,4.773834429089644,0.7794363028472792
1789997368.5168645,4.497677226405603,4.7921207678919515,0.7800581378033885
1789997368.6164982,4.516154710000194,4.810412365701343,0.7803427147840187
1789997368.716605,4.534631848395273,4.828704312211707,0.7803615866302782
1789997368.816373,4.5531128451013005,4.846992360526406,0.7801506346631131
1789997368.916519,4.5715979276751835,4.86527627894248,0.7799271920536909
1789997369.0164871,4.590087171850172,4.883555989012572,0.7796995559431878
1789997369.1164286,4.6085805205850745,4.901831546541091,0.7794749885871344
1789997369.216401,4.62707832468976,4.920102594505387,0.7792311700600466
1789997369.3161607,4.645580819617339,4.938368892210829,0.7789744013877851
1789997369.4171667,4.6640543652934054,4.956664467101038,0.7805579770313842
1789997369.5166674,4.682512936936024,4.974975149319985,0.7813760903155699
1789997369.6164656,4.700966427388661,4.993290952346973,0.7816535501872927
1789997369.7160635,4.719420161020189,5.011606510363739,0.7816402730998738
1789997369.8159647,4.737879730258774,5.029916186874667,0.7813216071809793
1789997369.9165306,4.756346830094472,5.048218268014999,0.7809102313012035
1789997370.0165343,4.774821223778052,5.066512986608982,0.7805116255303064
1789997370.1161761,4.7933056942902255,5.084797523800105,0.7799606668996777
1789997370.2162652,4.811799944931137,5.103072168629488,0.7794256369584391
1789997370.316855,4.830302936426053,5.121337963332922,0.7789472161211224
1789997370.4173012,4.848816489485626,5.139593053130546,0.7783688312048245
1789997370.5167506,4.8678431679748995,5.157312687891871,0.7498437685543821
1789997370.6168592,4.887147711843719,5.174729189734255,0.7340275967145491
1789997370.7161794,4.906589590254825,5.191992251868672,0.7261074380600977
1789997370.8167808,4.926085885609461,5.209193833710286,0.7229495990673236
1789997370.9175177,4.945590471796334,5.226386014144651,0.7224674865255286
1789997371.017529,4.965071172455888,5.243605254900904,0.7238557188423504
1789997371.1172478,4.984506352243236,5.260875858163163,0.7264953855076959
1789997371.2169147,5.003887864886169,5.278206666513635,0.7295974035399189
1789997371.3170733,5.023211691884941,5.295601771012615,0.7329197404557992
1789997371.4169075,5.042477722729829,5.313060866232378,0.7362361902022885
1789997371.517379,5.061402932615175,5.330888832499022,0.7555526392186209
1789997371.6171684,5.079877239503609,5.349183638740162,0.780516369792275
1789997371.716443,5.098089603289435,5.367739224307361,0.7947327011848015
1789997371.816453,5.116162629271584,5.386430550698431,0.8022145108902973
1789997371.9166992,5.1341658572337785,5.405189114965192,0.8059420485632639
1789997372.0166812,5.15214663343168,5.423969201166536,0.8071382429568246
1789997372.1170473,5.170136240125643,5.44274082873064,0.8066679317505248
1789997372.2162318,5.188150112673196,5.461489171224031,0.8053744419013298
1789997372.3164234,5.206200892530005,5.480201982262726,0.8034040115309096
1789997372.4164026,5.224290730130288,5.498877038514432,0.8013146851212865
1789997372.5170584,5.242365533120071,5.517566646516994,0.8021194352769441
1789997372.6171381,5.260448408945137,5.536248443869074,0.8016874025460483
1789997372.716598,5.27855476119091,5.554907488827509,0.8004299902241829
1789997372.8163955,5.296696550127897,5.573532081294856,0.7985290662270192
1789997372.9166143,5.314874286942047,5.592121590022212,0.796597117593155
1789997373.0166059,5.33308786317462,5.610675985491459,0.7946673577536054
1789997373.1165428,5.351340076440555,5.629192374483478,0.7925828580629237
1789997373.2164145,5.369629191285993,5.647672315732825,0.7905879808940153
1789997373.3168483,5.387952883290848,5.6661179727208575,0.7887151798583725
1789997373.417376,5.406311444597395,5.684528925362225,0.78682302039826
1789997373.5174472,5.424701895109382,5.702908024371021,0.7850894431933918
1789997373.6161597,5.443046163242497,5.721333218456004,0.7875990609988729
1789997373.7163253,5.461381675079413,5.7397671262372425,0.7880741835922161
1789997373.8161955,5.479722708842339,5.758195539921446,0.7877745862934895
1789997373.9161153,5.498083105376564,5.776604662375137,0.786723334144444
1789997374.0166426,5.516469600654556,5.794987718209282,0.7853046228528177
1789997374.1161575,5.534882999477297,5.813343826026672,0.7838400527719563
1789997374.2163074,5.55332825871208,5.831667918423585,0.7821028537467276
1789997374.316281,5.571803501019718,5.849961780019294,0.7804652381573027
1789997374.4168224,5.590307997443139,5.8682260501258305,0.7788648221526451
1789997374.51696,5.6088415352141165,5.886460850045234,0.7772734752275205
1789997374.6161337,5.627828819302302,5.904222690979199,0.7520643292345263
1789997374.7159142,5.647061514572655,5.921718501421894,0.7381435370423057
1789997374.816337,5.666423739304069,5.939070855840218,0.7307096382953384
1789997374.9161663,5.68584398372603,5.956358251740128,0.7273597506225268
1789997375.0164797,5.705274672333136,5.97363390775264,0.7267553951475927
1789997375.1162238,5.724693126655315,5.990923314397936,0.7274632940186345
1789997375.2165093,5.7440824182137575,6.008245419445263,0.7291484418442628
1789997375.3175628,5.7634351928786,6.025608312728952,0.7312540714746496
1789997375.4162977,5.782749846412057,6.0430136024217855,0.7334469451220862
1789997375.5169437,5.8020232505645986,6.060464557776199,0.7358137727366918
1789997375.6165402,5.821218993584256,6.078000902900889,0.7402531552711659
1789997375.7162693,5.840357762145625,6.095599411029798,0.7434963399196199
1789997375.8166761,5.859449815883755,6.113248587624452,0.7461469988921814
1789997375.9164736,5.878503497146995,6.130939183451834,0.7483186291648232
1789997376.0173326,5.897526718961269,6.148662529135249,0.7500388241024845
1789997376.1169336,5.916522828224751,6.16641493131802,0.7515673356713881
1789997376.217176,5.935494490244252,6.184193457427536,0.7529434460798434
1789997376.3171582,5.954446838221335,6.201992571353923,0.7540291864775277
1789997376.417079,5.9733814721436715,6.219810528269238,0.7550238810364313
1789997376.517028,5.99230298405704,6.237642419288454,0.7557600417291904
1789997376.6176744,6.011074147950356,6.25563250979682,0.7641541690683149
1789997376.7167752,6.029751698834689,6.2737197717060225,0.7693437294220709
1789997376.8166552,6.048376662202177,6.291861179864395,0.7722468158347685
1789997376.916696,6.066969352760084,6.310035662201641,0.7740241535591114
1789997377.017174,6.085544661615423,6.328227909213423,0.7749800658203814
1789997377.1173992,6.104112536355711,6.346427743774153,0.7753886225517989
1789997377.216433,6.12267719175514,6.364630862196813,0.7755654950627277
1789997377.3160484,6.141244015781838,6.382831768656947,0.7754463528924305
1789997377.4168122,6.159814574987972,6.4010288640619954,0.7752411119873783
1789997377.516498,6.178389019891391,6.419221993175449,0.7750275547850097
1789997377.6171858,6.196969988064165,6.437408459906821,0.7746689323686216
1789997377.7163682,6.216014016410443,6.4551094467368,0.7488641213975997
1789997377.8163774,6.2352944420321945,6.472552644214701,0.735411328857407
1789997377.9166396,6.25469443086679,6.489862767946971,0.7285306776292771
1789997378.0171278,6.274138076777882,6.5071238392953274,0.7260050459183902
1789997378.1163409,6.293579445361676,6.524387475586619,0.7261369704124432
1789997378.2172315,6.312985881436475,6.541690370988363,0.7281581449643624
1789997378.3163805,6.332349730708922,6.559040912529275,0.7306160126202651
1789997378.4175582,6.351657332764808,6.576454024062269,0.7338519882731983
1789997378.5162222,6.370912410625214,6.593925198235707,0.736863324450786
1789997378.616448,6.390106573084374,6.611463273326787,0.7403432813794265
1789997378.7164998,6.408853707985154,6.629478402619159,0.7654889193684706
1789997378.8165593,6.4273339291519145,6.647767234622229,0.7801930406452069
1789997378.9171038,6.445663460281739,6.666207089257496,0.7883985718102107
1789997379.0168624,6.463918024144601,6.684721160894649,0.7924559032865712
1789997379.1172276,6.482146786015855,6.703260637452795,0.7938485897467382
1789997379.216845,6.500378895075049,6.721796822326241,0.7936680298969061
1789997379.316957,6.5186315952438045,6.7403127313495235,0.7925565619459287
1789997379.4171968,6.536979586501829,6.7587342179128935,0.7873969736015337
1789997379.5162325,6.555529922065138,6.77695192910002,0.7763518492197532
1789997379.6167786,6.574253131878219,6.794991922578519,0.7668160586124203
1789997379.716193,6.593086328805137,6.812917062575765,0.7606997587224386
1789997379.8164663,6.611978939947479,6.830779570648072,0.7573793862452645
1789997379.9164562,6.6309025714434835,6.848609212299332,0.7556411695172924
1789997380.0168085,6.64998309143157,6.86627085739239,0.7468002688577312
1789997380.116268,6.669186729802897,6.883798556149278,0.7398028163676992
1789997380.2163584,6.688486959647489,6.901219838488844,0.7342752602388992
1789997380.3165271,6.707863524325062,6.91855617869388,0.7298828591098916
1789997380.4162266,6.727300903449667,6.935824306651923,0.7263680306700895
1789997380.5165899,6.746787178862602,6.953037238445785,0.7235319081200191
1789997380.616186,6.7663131935183,6.970205077624738,0.7212201958494164
1789997380.7164617,6.785871928354035,6.987335630506486,0.7193122247671612
1789997380.8166652,6.804074401808769,7.003226908394523,0.7177122998023311
1789997380.9163356,6.819868536489855,7.01697800365969,0.7163585127768944
1789997381.0167096,6.826235148232058,7.022521066723995,0.7163585127768944
1789997381.1164167,6.826235148232058,7.022521066723995,0.7163585127768944
1789997381.2167716,6.826235148232058,7.022521066723995,0.7163585127768944
1789997381.3172002,6.826235148232058,7.022521066723995,0.7163585127768944
1789997381.4169714,6.826235148232058,7.022521066723995,0.7163585127768944
1789997381.5168636,6.826235148232058,7.022521066723995,0.7163585127768944
1789997381.6169887,6.826235148232058,7.022521066723995,0.7163585127768944
1789997381.7166784,6.826235148232058,7.022521066723995,0.7163585127768944
1789997381.817534,6.826235148232058,7.022521066723995,0.7163585127768944
1789997381.9164088,6.826235148232058,7.022521066723995,0.7163585127768944
1789997382.0167933,6.826235148232058,7.022521066723995,0.7163585127768944
1789997382.116168,6.826235148232058,7.022521066723995,0.7163585127768944
1789997382.2165608,6.826235148232058,7.022521066723995,0.7163585127768944
1789997382.3165185,6.826235148232058,7.022521066723995,0.7163585127768944
1789997382.4163158,6.826235148232058,7.022521066723995,0.7163585127768944
1789997382.5162497,6.826235148232058,7.022521066723995,0.7163585127768944
1789997382.6171122,6.826235148232058,7.022521066723995,0.7163585127768944
1789997382.7171052,6.826235148232058,7.022521066723995,0.7163585127768944
1789997382.8161879,6.826235148232058,7.022521066723995,0.7163585127768944
1789997382.9159875,6.826235148232058,7.022521066723995,0.7163585127768944
1789997383.015944,6.826235148232058,7.022521066723995,0.7163585127768944
1789997383.1170917,6.826235148232058,7.022521066723995,0.7163585127768944
1789997383.2163107,6.826235148232058,7.022521066723995,0.7163585127768944
1789997383.3165197,6.826235148232058,7.022521066723995,0.7163585127768944
1789997383.4164474,6.826235148232058,7.022521066723995,0.7163585127768944
1789997383.5163012,6.826235148232058,7.022521066723995,0.7163585127768944
1789997383.616071,6.826235148232058,7.022521066723995,0.7163585127768944
1789997383.7158556,6.826235148232058,7.022521066723995,0.7163585127768944
1789997383.8168488,6.826235148232058,7.022521066723995,0.7163585127768944
1789997383.9176407,6.826235148232058,7.022521066723995,0.7163585127768944
1789997384.016577,6.826235148232058,7.022521066723995,0.7163585127768944
1789997384.1161625,6.826235148232058,7.022521066723995,0.7163585127768944
1789997384.2160878,6.826235148232058,7.022521066723995,0.7163585127768944
1789997384.3163571,6.826235148232058,7.022521066723995,0.7163585127768944
1789997384.4162054,6.826235148232058,7.022521066723995,0.7163585127768944
1789997384.5170753,6.826235148232058,7.022521066723995,0.7163585127768944
1789997384.616055,6.826235148232058,7.022521066723995,0.7163585127768944
1789997384.7161584,6.826235148232058,7.022521066723995,0.7163585127768944
1789997384.8162892,6.826235148232058,7.022521066723995,0.7163585127768944
1789997384.916175,6.826235148232058,7.022521066723995,0.7163585127768944
1789997385.0168345,6.826235148232058,7.022521066723995,0.7163585127768944
1789997385.116889,6.826235148232058,7.022521066723995,0.7163585127768944
1789997385.2170458,6.826235148232058,7.022521066723995,0.7163585127768944
1789997385.3162327,6.826235148232058,7.022521066723995,0.7163585127768944
1789997385.4164922,6.826235148232058,7.022521066723995,0.7163585127768944
1789997385.5169966,6.826235148232058,7.022521066723995,0.7163585127768944
1789997385.6171377,6.826235148232058,7.022521066723995,0.7163585127768944
1789997385.716165,6.826235148232058,7.022521066723995,0.7163585127768944
1789997385.8174539,6.826235148232058,7.022521066723995,0.7163585127768944
1789997385.916633,6.826235148232058,7.022521066723995,0.7163585127768944
1789997386.017469,6.826235148232058,7.022521066723995,0.7163585127768944
1789997386.1169605,6.826235148232058,7.022521066723995,0.7163585127768944
1789997386.2172506,6.826235148232058,7.022521066723995,0.7163585127768944
1789997386.316442,6.826235148232058,7.022521066723995,0.7163585127768944
1789997386.4178267,6.826235148232058,7.022521066723995,0.7163585127768944
1789997386.516743,6.826235148232058,7.022521066723995,0.7163585127768944
1789997386.6168678,6.826235148232058,7.022521066723995,0.7163585127768944
1789997386.7177346,6.826235148232058,7.022521066723995,0.7163585127768944
1789997386.8164022,6.826235148232058,7.022521066723995,0.7163585127768944
1789997386.9163892,6.826235148232058,7.022521066723995,0.7163585127768944
1789997387.016205,6.826235148232058,7.022521066723995,0.7163585127768944
1789997387.116055,6.826235148232058,7.022521066723995,0.7163585127768944
1789997387.2161915,6.826235148232058,7.022521066723995,0.7163585127768944
1789997387.3163838,6.826235148232058,7.022521066723995,0.7163585127768944
1789997387.416269,6.826235148232058,7.022521066723995,0.7163585127768944
1789997387.5171642,6.826235148232058,7.022521066723995,0.7163585127768944
1789997387.6161978,6.826235148232058,7.022521066723995,0.7163585127768944
1789997387.716064,6.826235148232058,7.022521066723995,0.7163585127768944
1789997387.8164232,6.826235148232058,7.022521066723995,0.7163585127768944
1789997387.9162974,6.826235148232058,7.022521066723995,0.7163585127768944
1789997388.0170069,6.826235148232058,7.022521066723995,0.7163585127768944
1789997388.1161609,6.826235148232058,7.022521066723995,0.7163585127768944
1789997388.216091,6.826235148232058,7.022521066723995,0.7163585127768944
1789997388.3169866,6.826235148232058,7.022521066723995,0.7163585127768944
1789997388.4168863,6.826235148232058,7.022521066723995,0.7163585127768944
1789997388.517865,6.826235148232058,7.022521066723995,0.7163585127768944
1789997388.6165466,6.826235148232058,7.022521066723995,0.7163585127768944
1789997388.7170851,6.826235148232058,7.022521066723995,0.7163585127768944
1789997388.8163657,6.826235148232058,7.022521066723995,0.7163585127768944
1789997388.9159346,6.826235148232058,7.022521066723995,0.7163585127768944
1789997389.0159817,6.826235148232058,7.022521066723995,0.7163585127768944
1789997389.1158702,6.826235148232058,7.022521066723995,0.7163585127768944
1789997389.2159178,6.826235148232058,7.022521066723995,0.7163585127768944
1789997389.3167224,6.826235148232058,7.022521066723995,0.7163585127768944
1789997389.4171886,6.826235148232058,7.022521066723995,0.7163585127768944
1789997389.516909,6.826235148232058,7.022521066723995,0.7163585127768944
1789997389.616801,6.826235148232058,7.022521066723995,0.7163585127768944
1789997389.716426,6.826235148232058,7.022521066723995,0.7163585127768944
1789997389.8163266,6.826235148232058,7.022521066723995,0.7163585127768944
1789997389.916269,6.826235148232058,7.022521066723995,0.7163585127768944
1789997390.0163934,6.826235148232058,7.022521066723995,0.7163585127768944
1789997390.1162143,6.826235148232058,7.022521066723995,0.7163585127768944
1789997390.2161222,6.826235148232058,7.022521066723995,0.7163585127768944
1789997390.3160827,6.826235148232058,7.022521066723995,0.7163585127768944
1789997390.4166212,6.826235148232058,7.022521066723995,0.7163585127768944
1789997390.516389,6.826235148232058,7.022521066723995,0.7163585127768944
1789997390.6162739,6.826235148232058,7.022521066723995,0.7163585127768944
1789997390.7160025,6.826235148232058,7.022521066723995,0.7163585127768944
1789997390.8170385,6.826235148232058,7.022521066723995,0.7163585127768944
1789997390.9161818,6.826235148232058,7.022521066723995,0.7163585127768944
1789997391.016787,6.826235148232058,7.022521066723995,0.7163585127768944
1789997391.1168635,6.826235148232058,7.022521066723995,0.7163585127768944
1789997391.2163205,6.826235148232058,7.022521066723995,0.7163585127768944
1789997391.3166454,6.826235148232058,7.022521066723995,0.7163585127768944
1789997391.4163878,6.826235148232058,7.022521066723995,0.7163585127768944
1789997391.5195427,6.826235148232058,7.022521066723995,0.7163585127768944
1789997391.6170094,6.826235148232058,7.022521066723995,0.7163585127768944
1789997391.717416,6.826235148232058,7.022521066723995,0.7163585127768944
1789997391.816818,6.826235148232058,7.022521066723995,0.7163585127768944
1789997391.9170063,6.826235148232058,7.022521066723995,0.7163585127768944
1789997392.0162952,6.826235148232058,7.022521066723995,0.7163585127768944
1789997392.1172826,6.826235148232058,7.022521066723995,0.7163585127768944
1789997392.217129,6.826235148232058,7.022521066723995,0.7163585127768944
1789997392.316296,6.826235148232058,7.022521066723995,0.7163585127768944
1789997392.4163225,6.826235148232058,7.022521066723995,0.7163585127768944
1789997392.516179,6.826235148232058,7.022521066723995,0.7163585127768944
1789997392.616874,6.826235148232058,7.022521066723995,0.7163585127768944
1789997392.717819,6.826235148232058,7.022521066723995,0.7163585127768944
1789997392.8165846,6.826235148232058,7.022521066723995,0.7163585127768944
1789997392.916687,6.826235148232058,7.022521066723995,0.7163585127768944
1789997393.0170898,6.826235148232058,7.022521066723995,0.7163585127768944
1789997393.1161702,6.826235148232058,7.022521066723995,0.7163585127768944
1789997393.2166793,6.826235148232058,7.022521066723995,0.7163585127768944
1789997393.3167422,6.826235148232058,7.022521066723995,0.7163585127768944
1789997393.4181638,6.826235148232058,7.022521066723995,0.7163585127768944
1789997393.5161686,6.826235148232058,7.022521066723995,0.7163585127768944
1789997393.6163993,6.826235148232058,7.022521066723995,0.7163585127768944
1789997393.7169254,6.826235148232058,7.022521066723995,0.7163585127768944
1789997393.8163106,6.826235148232058,7.022521066723995,0.7163585127768944
1789997393.9164183,6.826235148232058,7.022521066723995,0.7163585127768944
1789997394.0167613,6.826235148232058,7.022521066723995,0.7163585127768944
1789997394.1177912,6.826235148232058,7.022521066723995,0.7163585127768944
1789997394.2166984,6.826235148232058,7.022521066723995,0.7163585127768944
1789997394.316924,6.826235148232058,7.022521066723995,0.7163585127768944
1789997394.4173267,6.826235148232058,7.022521066723995,0.7163585127768944
1789997394.5165827,6.826235148232058,7.022521066723995,0.7163585127768944
1789997394.6166174,6.826235148232058,7.022521066723995,0.7163585127768944
1789997394.7163436,6.826235148232058,7.022521066723995,0.7163585127768944
1789997394.816659,6.826235148232058,7.022521066723995,0.7163585127768944
1789997394.9165156,6.826235148232058,7.022521066723995,0.7163585127768944
1789997395.016335,6.826235148232058,7.022521066723995,0.7163585127768944
1789997395.1161106,6.826235148232058,7.022521066723995,0.7163585127768944
1789997395.2158322,6.826235148232058,7.022521066723995,0.7163585127768944
1789997395.3168364,6.826235148232058,7.022521066723995,0.7163585127768944
1789997395.4160817,6.826235148232058,7.022521066723995,0.7163585127768944
1789997395.5158849,6.826235148232058,7.022521066723995,0.7163585127768944
1789997395.6162784,6.826235148232058,7.022521066723995,0.7163585127768944
1789997395.7167132,6.826235148232058,7.022521066723995,0.7163585127768944
1789997395.8170466,6.826235148232058,7.022521066723995,0.7163585127768944
1789997395.9167202,6.826235148232058,7.022521066723995,0.7163585127768944
1789997396.0175083,6.826235148232058,7.022521066723995,0.7163585127768944
1789997396.1165726,6.826235148232058,7.022521066723995,0.7163585127768944
1789997396.2173371,6.826235148232058,7.022521066723995,0.7163585127768944
1789997396.3167627,6.826235148232058,7.022521066723995,0.7163585127768944
1789997396.4167163,6.826235148232058,7.022521066723995,0.7163585127768944
1789997396.516376,6.826235148232058,7.022521066723995,0.7163585127768944
1789997396.6167364,6.826235148232058,7.022521066723995,0.7163585127768944
1789997396.7166343,6.826235148232058,7.022521066723995,0.7163585127768944
1789997396.8174057,6.826235148232058,7.022521066723995,0.7163585127768944
1789997396.9161408,6.826235148232058,7.022521066723995,0.7163585127768944
1789997397.016204,6.826235148232058,7.022521066723995,0.7163585127768944
1789997397.1161714,6.826235148232058,7.022521066723995,0.7163585127768944
1789997397.2159798,6.826235148232058,7.022521066723995,0.7163585127768944
1789997397.3161972,6.826235148232058,7.022521066723995,0.7163585127768944
1789997397.4160936,6.826235148232058,7.022521066723995,0.7163585127768944
1789997397.5163107,6.826235148232058,7.022521066723995,0.7163585127768944
1789997397.617363,6.826235148232058,7.022521066723995,0.7163585127768944
1789997397.7161155,6.826235148232058,7.022521066723995,0.7163585127768944
1789997397.816804,6.826235148232058,7.022521066723995,0.7163585127768944
1789997397.9176192,6.826235148232058,7.022521066723995,0.7163585127768944
1789997398.0167599,6.826235148232058,7.022521066723995,0.7163585127768944
1789997398.1169345,6.826235148232058,7.022521066723995,0.7163585127768944
1789997398.2182481,6.826235148232058,7.022521066723995,0.7163585127768944
1789997398.3159692,6.826235148232058,7.022521066723995,0.7163585127768944
1789997398.416154,6.826235148232058,7.022521066723995,0.7163585127768944
1789997398.517055,6.826235148232058,7.022521066723995,0.7163585127768944
1789997398.6162274,6.826235148232058,7.022521066723995,0.7163585127768944
1789997398.7162411,6.826235148232058,7.022521066723995,0.7163585127768944
1789997398.8162162,6.826235148232058,7.022521066723995,0.7163585127768944
1789997398.9166758,6.826235148232058,7.022521066723995,0.7163585127768944
1789997399.016186,6.826235148232058,7.022521066723995,0.7163585127768944
1789997399.1160612,6.826235148232058,7.022521066723995,0.7163585127768944
1789997399.224617,6.826235148232058,7.022521066723995,0.7163585127768944
1789997399.317097,6.826235148232058,7.022521066723995,0.7163585127768944
1789997399.4167964,6.826235148232058,7.022521066723995,0.7163585127768944
1789997399.5165946,6.826235148232058,7.022521066723995,0.7163585127768944
1789997399.6162045,6.826235148232058,7.022521066723995,0.7163585127768944
1789997399.7161152,6.826235148232058,7.022521066723995,0.7163585127768944
1789997399.8161702,6.826235148232058,7.022521066723995,0.7163585127768944
1789997399.9162736,6.826235148232058,7.022521066723995,0.7163585127768944
1789997400.016234,6.826235148232058,7.022521066723995,0.7163585127768944
1789997400.1167397,6.826235148232058,7.022521066723995,0.7163585127768944
1789997400.216797,6.826235148232058,7.022521066723995,0.7163585127768944
1789997400.3169465,6.826235148232058,7.022521066723995,0.7163585127768944
1789997400.4161503,6.826235148232058,7.022521066723995,0.7163585127768944
1789997400.5157902,6.826235148232058,7.022521066723995,0.7163585127768944
1789997400.6168852,6.826235148232058,7.022521066723995,0.7163585127768944
1789997400.7168818,6.826235148232058,7.022521066723995,0.7163585127768944
1789997400.816597,6.826235148232058,7.022521066723995,0.7163585127768944
1789997400.9175735,6.826235148232058,7.022521066723995,0.7163585127768944
1789997401.018436,6.826235148232058,7.022521066723995,0.7163585127768944
1789997401.116804,6.826235148232058,7.022521066723995,0.7163585127768944
1789997401.2162883,6.826235148232058,7.022521066723995,0.7163585127768944
1789997401.3163269,6.826235148232058,7.022521066723995,0.7163585127768944
1789997401.416896,6.826235148232058,7.022521066723995,0.7163585127768944
1789997401.5169024,6.826235148232058,7.022521066723995,0.7163585127768944
1789997401.617215,6.826235148232058,7.022521066723995,0.7163585127768944
1789997401.7170553,6.826235148232058,7.022521066723995,0.7163585127768944
1789997401.8177376,6.826235148232058,7.022521066723995,0.7163585127768944
1789997401.916997,6.826235148232058,7.022521066723995,0.7163585127768944
1789997402.0174317,6.826235148232058,7.022521066723995,0.7163585127768944
1789997402.1165743,6.826235148232058,7.022521066723995,0.7163585127768944
1789997402.2166474,6.826235148232058,7.022521066723995,0.7163585127768944
1789997402.3166602,6.826235148232058,7.022521066723995,0.7163585127768944
1789997402.4165351,6.826235148232058,7.022521066723995,0.7163585127768944
1789997402.5164137,6.826235148232058,7.022521066723995,0.7163585127768944
1789997402.617367,6.826235148232058,7.022521066723995,0.7163585127768944
1789997402.7174077,6.826235148232058,7.022521066723995,0.7163585127768944
1789997402.8162916,6.826235148232058,7.022521066723995,0.7163585127768944
1789997402.9158545,6.826235148232058,7.022521066723995,0.7163585127768944
1789997403.0161233,6.826235148232058,7.022521066723995,0.7163585127768944
1789997403.117127,6.826235148232058,7.022521066723995,0.7163585127768944
1789997403.2166617,6.826235148232058,7.022521066723995,0.7163585127768944
1789997403.3167088,6.826235148232058,7.022521066723995,0.7163585127768944
1789997403.4172945,6.826235148232058,7.022521066723995,0.7163585127768944
1789997403.5161777,6.826235148232058,7.022521066723995,0.7163585127768944
1789997403.6159937,6.826235148232058,7.022521066723995,0.7163585127768944
1789997403.716204,6.826235148232058,7.022521066723995,0.7163585127768944
1789997403.8163779,6.826235148232058,7.022521066723995,0.7003585123894642
1789997403.9161465,6.826235148232058,7.022521066723995,0.6683597834287118
1789997404.016315,6.826235148232058,7.022521066723995,0.6203610540805293
1789997404.1161382,6.826235148232058,7.022521066723995,0.5563750804839565
1789997404.2163937,6.826235148232058,7.022521066723995,0.4763891042647792
1789997404.3163166,6.826235148232058,7.022521066723995,0.38053863062242993
1789997404.4164712,6.826235148232058,7.022521066723995,0.2805386276421978
1789997404.5165753,6.826235148232058,7.022521066723995,0.18053862466196557
1789997404.6163042,6.826235148232058,7.022521066723995,0.08053862168173342
1789997404.7157888,6.826235148232058,7.022521066723995,-0.019461381298498726
1789997404.8162243,6.826235148232058,7.022521066723995,-0.11946138427873088
1789997404.9163857,6.826235148232058,7.022521066723995,-0.21946138725896305
1789997405.0167758,6.826235148232058,7.022521066723995,-0.3194613902391952
1789997405.1163363,6.826235148232058,7.022521066723995,-0.4194613932194274
1789997405.2167397,6.826235148232058,7.022521066723995,-0.5194613961996595
1789997405.3166862,6.826235148232058,7.022521066723995,-0.6194613991798915
1789997405.4167104,6.826235148232058,7.022521066723995,-0.7194614021601238
1789997405.5166934,6.826235148232058,7.022521066723995,-0.8194614051403559
1789997405.6169834,6.826235148232058,7.022521066723995,-0.919461408120588
1789997405.7167716,6.826235148232058,7.022521066723995,-1.0194614111008202
1789997405.8165555,6.826235148232058,7.022521066723995,-1.1194614140810524
1789997405.91583,6.826235148232058,7.022521066723995,-1.2194614170612845
1789997406.016678,6.826235148232058,7.022521066723995,-1.3194614200415165
1789997406.1165378,6.826235148232058,7.022521066723995,-1.4194614230217488
1789997406.2161996,6.826235148232058,7.022521066723995,-1.519461426001981
1789997406.316114,6.825627074537079,7.010035865629039,-1.6194614289822131
1789997406.4159908,6.821924122179129,6.985311623601532,-1.7194614319624455
1789997406.5164876,6.815805645886161,6.960041795777399,-1.808350321513608
1789997406.6161177,6.807468075305604,6.935414882304063,-1.8972392110647707
1789997406.7159328,6.796977244174875,6.911625338117688,-1.986128100615934
1789997406.816037,6.784415988449039,6.8888610062584155,-2.0750169901670965
1789997406.9162939,6.769883492225321,6.867301634655408,-2.1639058797182593
1789997407.0162077,6.75366063092512,6.846983693774418,-2.2445914743961843
1789997407.1162343,6.7361583360761585,6.827756899308648,-2.3092770709218535
1789997407.2164602,6.717995750671222,6.809152586856495,-2.3441808088244946
1789997407.316837,6.699614558094799,6.790764228858094,-2.355999616396621
1789997407.4164243,6.6811052015035015,6.772504884155035,-2.3629939698176536
1789997407.5171592,6.6625239381392065,6.754318719023384,-2.3669399527395223
1789997407.6165128,6.643903800448398,6.736172357878949,-2.369079870640308
1789997407.717396,6.625268049923627,6.718042030998625,-2.3699406346101393
1789997407.8177993,6.606627778875992,6.699916351820188,-2.3701900014507196
1789997407.9166832,6.587991212045189,6.681786864040056,-2.369985659993727
1789997408.0180128,6.5693644745343605,6.663647277492628,-2.3694436379037875
1789997408.1169157,6.550748294339967,6.645496856412697,-2.3688618074315677
1789997408.2167757,6.532145464129967,6.627332752840353,-2.3681265653255474
1789997408.316434,6.513555139071178,6.609155850887118,-2.3674383537289767
1789997408.4164581,6.494977613310273,6.590965867736718,-2.366734455260922
1789997408.516683,6.476412109077169,6.572763615047022,-2.3660737908589735
1789997408.6161642,6.457857790139824,6.554549960850782,-2.3654594826423643
1789997408.7165048,6.439313955673114,6.536325632229946,-2.3648840133361597
1789997408.8169928,6.420779368723139,6.518091898739442,-2.3643767172265875
1789997408.916683,6.40225322138686,6.4998495903525235,-2.3639139689067457
1789997409.0170765,6.383161069398288,6.482200520041195,-2.3954512215713115
1789997409.117194,6.362986822677919,6.465799309120211,-2.458988475010738
1789997409.2168913,6.341436257887266,6.451253756273625,-2.547877364561901
1789997409.3167634,6.318883643938865,6.43831623122038,-2.6207662514904593
1789997409.4183106,6.295821026584178,6.426311414222184,-2.6616551421145056
1789997409.5172474,6.272652612261887,6.414512069825157,-2.6705440308461044
1789997409.6171813,6.249489069951597,6.4027031639466125,-2.670131292767365
1789997409.7164695,6.226351214551744,6.390844007235261,-2.6679606968215746
1789997409.8169014,6.203257300827675,6.37889950643723,-2.6642686905949455
1789997409.9165754,6.180211113247259,6.3668631785745795,-2.660288337679122
1789997410.0167553,6.1573739688987175,6.354434792178397,-2.6431993872537354
1789997410.1167483,6.134682753739468,6.341741931783452,-2.6315815285458304
1789997410.2162962,6.112093389357056,6.328868681719557,-2.623613931113396
1789997410.3164308,6.089572764889455,6.315875551842646,-2.618298942842994
1789997410.4165719,6.067096958203874,6.302805048247096,-2.6148598415455857
1789997410.5160012,6.044650449374497,6.289684294008806,-2.612622618410278
1789997410.6163435,6.022222613394919,6.2765316469869274,-2.6112011924996117
1789997410.7163377,5.999806401933369,6.263359197931417,-2.610318041514147
1789997410.8162374,5.977397104677733,6.25017498969135,-2.609793376669295
1789997410.9165647,5.9549921598114475,6.23698338645491,-2.6094633478233664
1789997411.0163822,5.932589908357088,6.223787209728881,-2.6092592069732565
1789997411.116346,5.909947867527298,6.211006836593834,-2.6277206705736535
1789997411.215939,5.887195397689615,6.198424107688932,-2.6364284626992958
1789997411.3160248,5.8644115678848605,6.18589825243522,-2.6389264092634037
1789997411.4161403,5.8416371784648655,6.173355240956498,-2.6381732532142266
1789997411.5168498,5.81889756443589,6.160749293779782,-2.6354077018185125
1789997411.6164343,5.796203566844183,6.14806140886083,-2.631800783923136
1789997411.7160842,5.773566466373155,6.135272287207116,-2.6273342445811796
1789997411.8162208,5.750987348842442,6.122381073069448,-2.622818505982177
1789997411.9165468,5.728464546691291,6.109391718440791,-2.618466569887714
1789997412.0166464,5.705994495987934,6.096311321971361,-2.614419628618525
1789997412.1163018,5.683592384114264,6.083114908291557,-2.6092486297099455
1789997412.216141,5.66124347633231,6.069828589336983,-2.605230613829808
1789997412.3163326,5.638935735958491,6.056473265685975,-2.6021401605887875
1789997412.4163547,5.616660486809486,6.04306382029257,-2.599712251810597
1789997412.5170965,5.594458831983413,6.029532875263014,-2.594248771978782
1789997412.6163743,5.572364047882861,6.015828114558832,-2.58640097261803
1789997412.7163415,5.550335933070998,6.002016448900978,-2.5815552010519967
1789997412.8162432,5.528244186023283,5.988306793077847,-2.586179406507181
1789997412.91629,5.506102638529034,5.974677712955957,-2.5898226174844967
1789997413.0165844,5.483921846703895,5.961112595027285,-2.5927088436989654
1789997413.1164918,5.461709895713992,5.9475985584863,-2.595010182246806
1789997413.2164998,5.4394729945189875,5.9341256161331035,-2.59685923679197
1789997413.3166554,5.417215917460663,5.920686030156269,-2.5983586023880707
1789997413.4170585,5.394942332523402,5.907273820627203,-2.599588157175349
1789997413.5170236,5.372783032731834,5.8939612860909145,-2.6006107504100147
1789997413.6169477,5.3535683168695005,5.882440369723219,-2.601476022726165
1789997413.7161028,5.345152246524045,5.877219458252073,-2.5863439572362767
1789997413.8168964,5.345152246524045,5.877219458252073,-2.5552118924765455
1789997413.916567,5.345152246524045,5.877219458252073,-2.508302832892405
1789997414.017273,5.345152246524045,5.877219458252073,-2.44539377068566
1789997414.1168592,5.345152246524045,5.877219458252073,-2.398266459753977
1789997414.216893,5.345152246524045,5.877219458252073,-2.3831391484795676
1789997414.3174233,5.345152246524045,5.877219458252073,-2.3831391484795676
1789997414.4162416,5.345152246524045,5.877219458252073,-2.3831391484795676
1789997414.5161138,5.345152246524045,5.877219458252073,-2.3831391484795676
1789997414.6180089,5.345152246524045,5.877219458252073,-2.3831391484795676
1789997414.7159536,5.345152246524045,5.877219458252073,-2.3831391484795676
1789997414.8162403,5.345152246524045,5.877219458252073,-2.3831391484795676
1789997414.9165215,5.345152246524045,5.877219458252073,-2.3831391484795676
1789997415.016338,5.345152246524045,5.877219458252073,-2.3831391484795676
1789997415.117041,5.345152246524045,5.877219458252073,-2.3831391484795676
1789997415.2161946,5.345152246524045,5.877219458252073,-2.3831391484795676
1789997415.3160594,5.345152246524045,5.877219458252073,-2.3831391484795676
1789997415.4162476,5.345152246524045,5.877219458252073,-2.3831391484795676
1789997415.516173,5.345152246524045,5.877219458252073,-2.3831391484795676
1789997415.61719,5.345152246524045,5.877219458252073,-2.3831391484795676
1789997415.7167637,5.345152246524045,5.877219458252073,-2.3831391484795676
1789997415.8169556,5.345152246524045,5.877219458252073,-2.3831391484795676
1789997415.917462,5.345152246524045,5.877219458252073,-2.3831391484795676
1789997416.0164526,5.345152246524045,5.877219458252073,-2.3831391484795676
1789997416.116646,5.345152246524045,5.877219458252073,-2.3831391484795676
1789997416.2164922,5.345152246524045,5.877219458252073,-2.3831391484795676
1789997416.3162642,5.345152246524045,5.877219458252073,-2.3831391484795676
1789997416.4172156,5.345152246524045,5.877219458252073,-2.3831391484795676
1789997416.5163255,5.345152246524045,5.877219458252073,-2.3831391484795676
1789997416.6160133,5.345152246524045,5.877219458252073,-2.3831391484795676
1789997416.7160592,5.345152246524045,5.877219458252073,-2.3831391484795676
1789997416.8166244,5.345152246524045,5.877219458252073,-2.3831391484795676
1789997416.916849,5.345152246524045,5.877219458252073,-2.3831391484795676
1789997417.0172417,5.345152246524045,5.877219458252073,-2.3831391484795676
1789997417.1166136,5.345152246524045,5.877219458252073,-2.3831391484795676
1789997417.217578,5.345152246524045,5.877219458252073,-2.3831391484795676
1789997417.316678,5.345152246524045,5.877219458252073,-2.3831391484795676
1789997417.417012,5.345152246524045,5.877219458252073,-2.3831391484795676
1789997417.5172951,5.345152246524045,5.877219458252073,-2.3831391484795676
1789997417.6164236,5.345152246524045,5.877219458252073,-2.3831391484795676
1789997417.7165537,5.345152246524045,5.877219458252073,-2.3831391484795676
1789997417.8164086,5.345152246524045,5.877219458252073,-2.3831391484795676
1789997417.9165857,5.345152246524045,5.877219458252073,-2.3831391484795676
1789997418.016613,5.345152246524045,5.877219458252073,-2.3831391484795676
1789997418.1174169,5.345152246524045,5.877219458252073,-2.3831391484795676
1789997418.216684,5.345152246524045,5.877219458252073,-2.3831391484795676
1789997418.3165696,5.345152246524045,5.877219458252073,-2.3831391484795676
1789997418.416247,5.345152246524045,5.877219458252073,-2.3831391484795676
1789997418.5163019,5.345152246524045,5.877219458252073,-2.3831391484795676
1789997418.6164725,5.345152246524045,5.877219458252073,-2.3831391484795676
1789997418.7161481,5.345152246524045,5.877219458252073,-2.3831391484795676
1789997418.816397,5.345152246524045,5.877219458252073,-2.3831391484795676
1789997418.917055,5.345152246524045,5.877219458252073,-2.3831391484795676
1789997419.016651,5.345152246524045,5.877219458252073,-2.3831391484795676
1789997419.1167948,5.345152246524045,5.877219458252073,-2.3831391484795676
1789997419.216683,5.345152246524045,5.877219458252073,-2.3831391484795676
1789997419.3183706,5.345152246524045,5.877219458252073,-2.3831391484795676
1789997419.4163122,5.345152246524045,5.877219458252073,-2.3831391484795676
1789997419.5165606,5.345152246524045,5.877219458252073,-2.3831391484795676
1789997419.617969,5.345152246524045,5.877219458252073,-2.3831391484795676
1789997419.716372,5.345152246524045,5.877219458252073,-2.3831391484795676
1789997419.8162954,5.345152246524045,5.877219458252073,-2.3831391484795676
1789997419.9160142,5.345152246524045,5.877219458252073,-2.3831391484795676
1789997420.0160353,5.345152246524045,5.877219458252073,-2.3831391484795676
1789997420.117114,5.345152246524045,5.877219458252073,-2.3831391484795676
1789997420.2162256,5.345152246524045,5.877219458252073,-2.3831391484795676
1789997420.316176,5.345152246524045,5.877219458252073,-2.3831391484795676
1789997420.4162614,5.345152246524045,5.877219458252073,-2.3831391484795676
1789997420.5172732,5.345152246524045,5.877219458252073,-2.3831391484795676
1789997420.6164267,5.345152246524045,5.877219458252073,-2.3831391484795676
1789997420.7164216,5.345152246524045,5.877219458252073,-2.3831391484795676
1789997420.816201,5.345152246524045,5.877219458252073,-2.3831391484795676
1789997420.9160597,5.345152246524045,5.877219458252073,-2.3831391484795676
1789997421.0161247,5.345152246524045,5.877219458252073,-2.3831391484795676
1789997421.115889,5.345152246524045,5.877219458252073,-2.3831391484795676
1789997421.2158775,5.345152246524045,5.877219458252073,-2.3831391484795676
1789997421.3162208,5.345152246524045,5.877219458252073,-2.3831391484795676
1789997421.4159675,5.345152246524045,5.877219458252073,-2.3831391484795676
1789997421.5166795,5.345152246524045,5.877219458252073,-2.3831391484795676
1789997421.6163096,5.345152246524045,5.877219458252073,-2.3831391484795676
1789997421.7162104,5.345152246524045,5.877219458252073,-2.3831391484795676
1789997421.8161962,5.345152246524045,5.877219458252073,-2.3831391484795676
1789997421.91627,5.345152246524045,5.877219458252073,-2.3831391484795676
1789997422.0160534,5.345152246524045,5.877219458252073,-2.3831391484795676
1789997422.1158614,5.345152246524045,5.877219458252073,-2.3831391484795676
1789997422.216161,5.345152246524045,5.877219458252073,-2.3831391484795676
1789997422.3162327,5.345152246524045,5.877219458252073,-2.3831391484795676
1789997422.4161406,5.345152246524045,5.877219458252073,-2.3831391484795676
1789997422.51649,5.345152246524045,5.877219458252073,-2.3831391484795676
1789997422.617229,5.345152246524045,5.877219458252073,-2.3831391484795676
1789997422.7172294,5.345152246524045,5.877219458252073,-2.3831391484795676
1789997422.8160577,5.345152246524045,5.877219458252073,-2.3831391484795676
1789997422.9196792,5.345152246524045,5.877219458252073,-2.3831391484795676
1789997423.0165706,5.345152246524045,5.877219458252073,-2.3831391484795676
1789997423.1166594,5.345152246524045,5.877219458252073,-2.3831391484795676
1789997423.216708,5.345152246524045,5.877219458252073,-2.3831391484795676
1789997423.3166883,5.345152246524045,5.877219458252073,-2.3831391484795676
1789997423.4167793,5.345152246524045,5.877219458252073,-2.3831391484795676
1789997423.5165806,5.345152246524045,5.877219458252073,-2.3831391484795676
1789997423.6164901,5.345152246524045,5.877219458252073,-2.3831391484795676
1789997423.7165384,5.345152246524045,5.877219458252073,-2.3831391484795676
1789997423.816291,5.345152246524045,5.877219458252073,-2.3831391484795676
1789997423.9168208,5.345152246524045,5.877219458252073,-2.3831391484795676
1789997424.0176485,5.345152246524045,5.877219458252073,-2.3831391484795676
1789997424.1173995,5.345152246524045,5.877219458252073,-2.3831391484795676
1789997424.2162566,5.345152246524045,5.877219458252073,-2.3831391484795676
1789997424.316362,5.345152246524045,5.877219458252073,-2.3831391484795676
1789997424.4160132,5.345152246524045,5.877219458252073,-2.3831391484795676
1789997424.5169668,5.345152246524045,5.877219458252073,-2.3831391484795676
1789997424.6158621,5.345152246524045,5.877219458252073,-2.3831391484795676
1789997424.715849,5.345152246524045,5.877219458252073,-2.3831391484795676
1789997424.8160706,5.345152246524045,5.877219458252073,-2.3831391484795676
1789997424.9159818,5.345152246524045,5.877219458252073,-2.3831391484795676
1789997425.0162754,5.345152246524045,5.877219458252073,-2.3831391484795676
1789997425.1163995,5.345152246524045,5.877219458252073,-2.3831391484795676
1789997425.2173657,5.345152246524045,5.877219458252073,-2.3831391484795676
1789997425.3161137,5.345152246524045,5.877219458252073,-2.3831391484795676
1789997425.416212,5.345152246524045,5.877219458252073,-2.3831391484795676
1789997425.5162776,5.345152246524045,5.877219458252073,-2.3831391484795676
1789997425.6161828,5.345152246524045,5.877219458252073,-2.3831391484795676
1789997425.7163267,5.345152246524045,5.877219458252073,-2.3831391484795676
1789997425.816111,5.345152246524045,5.877219458252073,-2.3831391484795676
1789997425.9172122,5.345152246524045,5.877219458252073,-2.3831391484795676
1789997426.0165527,5.345152246524045,5.877219458252073,-2.3831391484795676
1789997426.1172073,5.345152246524045,5.877219458252073,-2.3831391484795676
1789997426.2157898,5.345152246524045,5.877219458252073,-2.3831391484795676
1789997426.3171809,5.345152246524045,5.877219458252073,-2.3831391484795676
1789997426.4160805,5.345152246524045,5.877219458252073,-2.3831391484795676
1789997426.5161672,5.345152246524045,5.877219458252073,-2.3831391484795676
1789997426.6160812,5.345152246524045,5.877219458252073,-2.3831391484795676
1789997426.716133,5.345152246524045,5.877219458252073,-2.3831391484795676
1789997426.816222,5.345152246524045,5.877219458252073,-2.3831391484795676
1789997426.9161851,5.345152246524045,5.877219458252073,-2.3831391484795676
1789997427.016209,5.345152246524045,5.877219458252073,-2.3831391484795676
1789997427.116104,5.345152246524045,5.877219458252073,-2.3831391484795676
1789997427.216147,5.345152246524045,5.877219458252073,-2.3831391484795676
1789997427.3159711,5.345152246524045,5.877219458252073,-2.3831391484795676
1789997427.4168305,5.345152246524045,5.877219458252073,-2.3831391484795676
1789997427.5179734,5.345152246524045,5.877219458252073,-2.3831391484795676
1789997427.616648,5.336217205044768,5.868477888955682,-2.3671391480921375
1789997427.7164042,5.318518085584285,5.849432125102991,-2.319562397277223
1789997427.8162863,5.301429092646823,5.829837067797836,-2.2879856446145643
1789997427.9164608,5.284439463703836,5.810155796020115,-2.282925916029381
1789997428.0166218,5.267509671466229,5.790423029229814,-2.2798896040155165
1789997428.1166232,5.250614104723512,5.770660950016043,-2.278156441854554
1789997428.2167773,5.233737384253395,5.750882773745657,-2.2772031717787113
1789997428.3169188,5.216869636370558,5.7310969446811475,-2.276749598534553
1789997428.4160855,5.200004604874593,5.711308800173664,-2.276612317052678
1789997428.5166922,5.183138501209367,5.691521569504296,-2.276666500708853
1789997428.617886,5.166269739732473,5.671736604590388,-2.2768008279365683
1789997428.71708,5.149717424102991,5.651686148293562,-2.2609135004443313
1789997428.8177457,5.133328291726683,5.631502087989431,-2.2528019399133705
1789997428.9165924,5.1170240813659635,5.61124936780368,-2.248601709840187
1789997429.0163486,5.100744008890942,5.590977239385159,-2.2474104465202625
1789997429.1165862,5.084460676415058,5.570707729428361,-2.247571268874054
1789997429.216981,5.0681568025200185,5.550454738379541,-2.2485850965937795
1789997429.3162866,5.051821175604703,5.530227349924959,-2.2501539066767515
1789997429.4160304,5.035445532318935,5.510032344171401,-2.2521338169796588
1789997429.5161858,5.0190297242514275,5.489869973380751,-2.2541242718564543
1789997429.616683,5.002574459644437,5.469739791634853,-2.2560827740801694
1789997429.7163079,4.985760359954392,5.449908351898361,-2.2740412765516163
1789997429.8163354,4.9687158774530396,5.430274565542438,-2.285716374717486
1789997429.9163287,4.951539791855019,5.410755804466528,-2.2924389309583426
1789997430.0160704,4.934293998527127,5.391298606238094,-2.296015887461436
1789997430.1165066,4.917018030895387,5.371868194693405,-2.2975677595341772
1789997430.2174501,4.89973338552557,5.35244550217026,-2.298014454239347
1789997430.3163977,4.882454220406805,5.333017934046396,-2.2977323325277035
1789997430.416635,4.865191876226108,5.313575418165057,-2.296866837252929
1789997430.5167785,4.84794827225682,5.294116279629159,-2.29590337129037
1789997430.6168742,4.8307256061356885,5.27463860723,-2.2948278930662864
1789997430.716335,4.8138078565383635,5.254895514793121,-2.279279477211713
1789997430.81641,4.797069129029812,5.2350004161051675,-2.2702467304347747
1789997430.9168987,4.780431574689296,5.215020632923778,-2.2651722100256673
1789997431.0162456,4.763847083138659,5.19499678238459,-2.262519313084959
1789997431.116667,4.747281224929457,5.174957513630427,-2.261589113918199
1789997431.21655,4.730717772189528,5.154916256590485,-2.261469082096192
1789997431.3165824,4.71414475520595,5.1348829079320355,-2.261946403996154
1789997431.4164345,4.697555674456637,5.114862859223262,-2.2627485214658742
1789997431.5159461,4.6809468936076195,5.094859150839108,-2.263732941697418
1789997431.6164653,4.664317390845933,5.0748726656976935,-2.264769291311569
1789997431.7162063,4.647667512243189,5.054903151609393,-2.2657892052010364
1789997431.8160543,4.631210708793873,5.034774227876627,-2.2561592210010355
1789997431.9163437,4.614851682497054,5.014565759131348,-2.251311264552242
1789997432.015947,4.598535504565347,4.99432267912583,-2.2491927622743613
1789997432.1165373,4.582224313100708,4.974075580977877,-2.248946457255698
1789997432.2162373,4.565898583247023,4.953840203661073,-2.2496647131555445
1789997432.3159652,4.549544260715593,4.933627928060664,-2.2510785243865765
1789997432.4163356,4.5331562354745385,4.913442968830894,-2.252747089175574
1789997432.5168421,4.5167320260193025,4.893287441197526,-2.2545410290752272
1789997432.617503,4.500271250262742,4.873161765757899,-2.256356580175526
1789997432.717491,4.483774448413871,4.853065609927293,-2.2581479497645716
1789997432.8170946,4.467547009602841,4.83275132480467,-2.244816788697682
1789997432.9166243,4.451454601470882,4.81232990587935,-2.238187214585088
1789997433.0166109,4.43541733560424,4.791865154379965,-2.235489860868148
1789997433.1171546,4.41938414915221,4.771397206690874,-2.2352905378486696
1789997433.216178,4.4033247962038375,4.750949783056377,-2.236569592244524
1789997433.316337,4.387217548099689,4.730540067014249,-2.2389141094680607
1789997433.4162433,4.371057784003412,4.710171906204749,-2.2414898180212557
1789997433.5161436,4.3548406038939715,4.6898494304769525,-2.2443118911046267
1789997433.6166441,4.338565410626784,4.669573384646352,-2.2471697842512013
1789997433.7161813,4.32223550781053,4.649341374750629,-2.249870951454687
1789997433.817103,4.306169412113531,4.628899248651228,-2.236899395268011
1789997433.9167094,4.2902386557920025,4.608351476182344,-2.2302958715516805
1789997434.016625,4.274343780154788,4.587775935390267,-2.2285508431303978
1789997434.1167593,4.258435594812292,4.567210683397701,-2.2291978751351786
1789997434.2167082,4.2424840240216595,4.5466790653484495,-2.2313092491632056
1789997434.316277,4.226470841625323,4.5261954636155854,-2.2343135758345674
1789997434.4185536,4.210387440890203,4.505766949934887,-2.237746215243424
1789997434.5162816,4.194233355622185,4.485394284926044,-2.2412110397634755
1789997434.6163206,4.178008110201879,4.46507824787499,-2.2447088205298136
1789997434.716287,4.161715051378731,4.4448165553347705,-2.2480512125460157
1789997434.817149,4.145679755449972,4.424350260240492,-2.2353936044541847
1789997434.9161553,4.129775953960524,4.403781617879043,-2.2289847247345103
1789997435.0159266,4.113906911246117,4.383186146684209,-2.227295934971954
1789997435.1162899,4.098017260570121,4.3626065706000485,-2.2282969276230515
1789997435.2159145,4.0820782929613655,4.342065166997179,-2.2306955528255283
1789997435.3162003,4.066067527972168,4.32157967567113,-2.234195564575094
1789997435.4162197,4.049979935868145,4.301154462558325,-2.2379514043029127
1789997435.516274,4.033811976322093,4.280792806571492,-2.24189224800055
1789997435.6162593,4.017563750124481,4.260495144246974,-2.2458404965508456
1789997435.715942,4.0012381677613975,4.240259647936897,-2.249657424427169
1789997435.816153,3.9848386787044348,4.2200840015016645,-2.2533151587281104
1789997435.9161294,3.968140672221663,4.200154713257719,-2.2682017015102978
1789997436.0165596,3.951255881814934,4.180383425911423,-2.277611265126216
1789997436.1162243,3.9342532918325217,4.160713350052421,-2.2835846502143617
1789997436.2166212,3.9171776920576544,4.141106620525611,-2.287302351165163
1789997436.3166513,3.9000562922362594,4.12153987274871,-2.2896406692728126
1789997436.416038,3.882906775261799,4.101997763907757,-2.291078560873466
1789997436.5165448,3.8657405572778822,4.082470323969619,-2.2919334982331567
1789997436.6166341,3.848564310491633,4.06295170473703,-2.292447189106206
1789997436.716065,3.8313824106894856,4.043438061571339,-2.29273684773787
1789997436.8156745,3.8141979383672733,4.023926683828697,-2.2928686872603796
1789997436.9160578,3.7972967488915828,4.004169413148875,-2.2784409977974796
1789997437.0159357,3.780555904201039,3.9842760959429384,-2.270353152464559
1789997437.116649,3.763891675813405,3.964318554945769,-2.2665080052348276
1789997437.2164435,3.7472558760984938,3.9443373107839483,-2.2650843931841154
1789997437.3163998,3.7306153590229956,3.9243599951016805,-2.2653205058259847
1789997437.4161775,3.713952220177022,3.9044015444050775,-2.2664534134978385
1789997437.5163722,3.697256502810482,3.8844703384198502,-2.268086845120597
1789997437.6167803,3.6805246010744823,3.8645694988720876,-2.269903691783729
1789997437.7161336,3.6637546889277597,3.8447006791537413,-2.2718152193075003
1789997437.8176086,3.6469452429409412,3.8248652947101474,-2.273806636985573
1789997437.9164958,3.6298974561660153,3.8052343773478436,-2.285884682294163
1789997438.016563,3.612711018256378,3.7857247309546582,-2.2929694323057266
1789997438.11651,3.5954434706022846,3.7662868363047086,-2.297134502809677
1789997438.2170973,3.578130593876016,3.746889304248543,-2.299468920398686
1789997438.3165407,3.5607960835170074,3.7275111025512144,-2.3005847538543827
1789997438.416056,3.5434548394519387,3.7081389265070874,-2.3009322965822143
1789997438.5164511,3.5261145700172203,3.6887658780546544,-2.300881986880159
1789997438.6162643,3.5087799692817496,3.6693877572027565,-2.3005894176850057
1789997438.7163486,3.4914543135249034,3.6500016383801506,-2.3001279109694956
1789997438.8158603,3.4741389424480547,3.6306063328945446,-2.299597518909905
1789997438.9159467,3.4570645849803014,3.610998521505399,-2.2872389916518667
1789997439.0166488,3.440127519181664,3.5912719974187395,-2.2802582655290107
1789997439.116438,3.4232601786826238,3.571485821060019,-2.2767290090398826
1789997439.216376,3.4064164980745124,3.5516794994938907,-2.2755338387751913
1789997439.3162577,3.389572120221236,3.5318737708997445,-2.2755690424651043
1789997439.4165757,3.3727116535965833,3.5120817367544652,-2.2763816525409135
1789997439.5168293,3.355827620756472,3.492309802467123,-2.277572949248752
1789997439.6163194,3.338915861818669,3.4725615782421815,-2.278976085986397
1789997439.71775,3.321972854413426,3.452840157135303,-2.280559503351724
1789997439.8160098,3.3050012362676915,3.4331433521171206,-2.2820111534273386
1789997439.91601,3.2879975536171555,3.413474220801051,-2.2836402013147383
1789997440.0164716,3.2708312109436415,3.3939468904759806,-2.2919398836041003
1789997440.1167326,3.2535693142810134,3.374503977267881,-2.2968438199902086
1789997440.2164721,3.2362550804044874,3.355107656594158,-2.2995388876827567
1789997440.3160908,3.218916103194324,3.335733451585581,-2.3008152866916864
1789997440.416045,3.201567749013055,3.3163676426014415,-2.3012993841380016
1789997440.5164838,3.1842197017518115,3.297001558675397,-2.3012835356987855
1789997440.6167607,3.166877628326697,3.2776301250751994,-2.300975109322353
1789997440.7162242,3.1495450725371255,3.2582501751214368,-2.3004838940686385
1789997440.8164341,3.1322241722178097,3.23885980734418,-2.2998826366848153
1789997440.9174938,3.114915120149799,3.2194588623435925,-2.2992717653279033
1789997441.0162957,3.0977342719141285,3.199944293316535,-2.292682960233542
1789997441.1164422,3.080611600058392,3.1803786586749063,-2.2897056811255245
1789997441.2165096,3.063514627469127,3.1607905633440465,-2.2883929447502673
1789997441.3160548,3.0464193899844063,3.1412009537065386,-2.288304368630525
1789997441.4165602,3.0293118330205453,3.1216221017193257,-2.288933419567075
1789997441.516351,3.012186329126821,3.102058945869745,-2.289850435816225
1789997441.6167498,2.995039087816222,3.08251484021497,-2.290962117575582
1789997441.715873,2.977869720484051,3.062990169261995,-2.2920947877601794
1789997441.8163533,2.9606766321837603,3.043486383344709,-2.2933103605550786
1789997441.9160972,2.943461667237419,3.0240019040777337,-2.294432577388834
1789997442.0165179,2.9262124687963955,3.004547724486933,-2.2961909063537678
1789997442.1164446,2.9089228160265637,2.985129489306887,-2.298272295659881
1789997442.2163174,2.891595707255062,2.965744669162519,-2.300202864772182
1789997442.3161027,2.8742391240445153,2.946386235091957,-2.3017243907232845
1789997442.4165928,2.8568592095708203,2.9270487449938085,-2.3029302676119916
1789997442.5166836,2.839460700856433,2.907727982976633,-2.3038922479520627
1789997442.6165311,2.8220472550818814,2.8884206823712746,-2.3046656265999266
1789997442.7170267,2.8046216960304307,2.8691243137452003,-2.30529319785117
1789997442.8162649,2.787186199722722,2.8498369235922323,-2.3058082983158603
1789997442.9164524,2.770008229807673,2.830850787878048,-2.306237183502417
1789997443.0171711,2.7551146846869634,2.8144015399436055,-2.306600086451981
1789997443.1164796,2.748610929473705,2.8072184360458605,-2.306600086451981
1789997443.2162843,2.748610929473705,2.8072184360458605,-2.306600086451981
1789997443.316146,2.748610929473705,2.8072184360458605,-2.306600086451981
1789997443.4170063,2.748610929473705,2.8072184360458605,-2.306600086451981
1789997443.5163698,2.748610929473705,2.8072184360458605,-2.306600086451981
1789997443.6170187,2.748610929473705,2.8072184360458605,-2.306600086451981
1789997443.7161927,2.748610929473705,2.8072184360458605,-2.306600086451981
1789997443.8159235,2.748610929473705,2.8072184360458605,-2.306600086451981
1789997443.9159312,2.748610929473705,2.8072184360458605,-2.306600086451981
1789997444.015978,2.748610929473705,2.8072184360458605,-2.306600086451981
1789997444.1162283,2.748610929473705,2.8072184360458605,-2.306600086451981
1789997444.2164044,2.748610929473705,2.8072184360458605,-2.306600086451981
1789997444.3163989,2.748610929473705,2.8072184360458605,-2.306600086451981
1789997444.4162695,2.748610929473705,2.8072184360458605,-2.306600086451981
1789997444.5162368,2.748610929473705,2.8072184360458605,-2.306600086451981
1789997444.6161149,2.748610929473705,2.8072184360458605,-2.306600086451981
1789997444.7161865,2.748610929473705,2.8072184360458605,-2.306600086451981
1789997444.8161767,2.748610929473705,2.8072184360458605,-2.306600086451981
1789997444.916176,2.748610929473705,2.8072184360458605,-2.306600086451981
1789997445.0163844,2.748610929473705,2.8072184360458605,-2.306600086451981
1789997445.1162965,2.748610929473705,2.8072184360458605,-2.306600086451981
1789997445.2172794,2.748610929473705,2.8072184360458605,-2.306600086451981
1789997445.3173883,2.748610929473705,2.8072184360458605,-2.306600086451981
1789997445.416729,2.748610929473705,2.8072184360458605,-2.306600086451981
1789997445.5161765,2.748610929473705,2.8072184360458605,-2.306600086451981
1789997445.6160827,2.748610929473705,2.8072184360458605,-2.306600086451981
1789997445.7171504,2.748610929473705,2.8072184360458605,-2.306600086451981
1789997445.8158085,2.748610929473705,2.8072184360458605,-2.306600086451981
1789997445.9162195,2.748610929473705,2.8072184360458605,-2.306600086451981
1789997446.0160742,2.748610929473705,2.8072184360458605,-2.306600086451981
1789997446.1159823,2.748610929473705,2.8072184360458605,-2.306600086451981
1789997446.21598,2.748610929473705,2.8072184360458605,-2.306600086451981
1789997446.3168283,2.748610929473705,2.8072184360458605,-2.306600086451981
1789997446.4172053,2.748610929473705,2.8072184360458605,-2.306600086451981
1789997446.5159621,2.748610929473705,2.8072184360458605,-2.306600086451981
1789997446.6168525,2.748610929473705,2.8072184360458605,-2.306600086451981
1789997446.7164059,2.748610929473705,2.8072184360458605,-2.306600086451981
1789997446.8162956,2.748610929473705,2.8072184360458605,-2.306600086451981
1789997446.9160848,2.748610929473705,2.8072184360458605,-2.306600086451981
1789997447.017096,2.748610929473705,2.8072184360458605,-2.306600086451981
1789997447.1168416,2.748610929473705,2.8072184360458605,-2.306600086451981
1789997447.2168198,2.748610929473705,2.8072184360458605,-2.306600086451981
1789997447.3178155,2.748610929473705,2.8072184360458605,-2.306600086451981
1789997447.4165719,2.748610929473705,2.8072184360458605,-2.306600086451981
1789997447.5163155,2.748610929473705,2.8072184360458605,-2.306600086451981
1789997447.6163356,2.748610929473705,2.8072184360458605,-2.306600086451981
1789997447.7163904,2.748610929473705,2.8072184360458605,-2.306600086451981
1789997447.8161695,2.748610929473705,2.8072184360458605,-2.306600086451981
1789997447.9164093,2.748610929473705,2.8072184360458605,-2.306600086451981
1789997448.0159523,2.748610929473705,2.8072184360458605,-2.306600086451981
1789997448.1171713,2.748610929473705,2.8072184360458605,-2.306600086451981
1789997448.2160032,2.748610929473705,2.8072184360458605,-2.306600086451981
1789997448.3160007,2.748610929473705,2.8072184360458605,-2.306600086451981
1789997448.4164593,2.748610929473705,2.8072184360458605,-2.306600086451981
1789997448.5163312,2.748610929473705,2.8072184360458605,-2.306600086451981
1789997448.6161582,2.748610929473705,2.8072184360458605,-2.306600086451981
1789997448.7161329,2.748610929473705,2.8072184360458605,-2.306600086451981
1789997448.8174226,2.748610929473705,2.8072184360458605,-2.306600086451981
1789997448.9163039,2.748610929473705,2.8072184360458605,-2.306600086451981
1789997449.0166452,2.748610929473705,2.8072184360458605,-2.306600086451981
1789997449.1167114,2.748610929473705,2.8072184360458605,-2.306600086451981
1789997449.21688,2.748610929473705,2.8072184360458605,-2.306600086451981
1789997449.3171477,2.748610929473705,2.8072184360458605,-2.306600086451981
1789997449.416598,2.748610929473705,2.8072184360458605,-2.306600086451981
1789997449.5166113,2.748610929473705,2.8072184360458605,-2.306600086451981
1789997449.6172893,2.748610929473705,2.8072184360458605,-2.306600086451981
1789997449.7158046,2.748610929473705,2.8072184360458605,-2.306600086451981
1789997449.816775,2.748610929473705,2.8072184360458605,-2.306600086451981
1789997449.9167392,2.748610929473705,2.8072184360458605,-2.306600086451981
1789997450.0171669,2.748610929473705,2.8072184360458605,-2.306600086451981
1789997450.116439,2.748610929473705,2.8072184360458605,-2.306600086451981
1789997450.2162883,2.748610929473705,2.8072184360458605,-2.306600086451981
1789997450.3161767,2.748610929473705,2.8072184360458605,-2.306600086451981
1789997450.4160728,2.748610929473705,2.8072184360458605,-2.306600086451981
1789997450.5173993,2.748610929473705,2.8072184360458605,-2.306600086451981
1789997450.616461,2.748610929473705,2.8072184360458605,-2.306600086451981
1789997450.7161608,2.748610929473705,2.8072184360458605,-2.306600086451981
1789997450.8160946,2.748610929473705,2.8072184360458605,-2.306600086451981
1789997450.9157457,2.748610929473705,2.8072184360458605,-2.306600086451981
1789997451.0166538,2.748610929473705,2.8072184360458605,-2.306600086451981
1789997451.1180115,2.748610929473705,2.8072184360458605,-2.306600086451981
1789997451.2170029,2.748610929473705,2.8072184360458605,-2.306600086451981
1789997451.3167253,2.748610929473705,2.8072184360458605,-2.306600086451981
1789997451.4169714,2.748610929473705,2.8072184360458605,-2.306600086451981
1789997451.517197,2.748610929473705,2.8072184360458605,-2.306600086451981
1789997451.6160827,2.748610929473705,2.8072184360458605,-2.306600086451981
1789997451.7164042,2.748610929473705,2.8072184360458605,-2.306600086451981
1789997451.8161469,2.748610929473705,2.8072184360458605,-2.306600086451981
1789997451.9165678,2.748610929473705,2.8072184360458605,-2.306600086451981
1789997452.0161176,2.748610929473705,2.8072184360458605,-2.306600086451981
1789997452.115885,2.748610929473705,2.8072184360458605,-2.306600086451981
1789997452.2158642,2.748610929473705,2.8072184360458605,-2.306600086451981
1789997452.3160393,2.748610929473705,2.8072184360458605,-2.306600086451981
1789997452.4157195,2.748610929473705,2.8072184360458605,-2.306600086451981
1789997452.5165346,2.748610929473705,2.8072184360458605,-2.306600086451981
1789997452.6161191,2.748610929473705,2.8072184360458605,-2.306600086451981
1789997452.7162647,2.748610929473705,2.8072184360458605,-2.306600086451981
1789997452.8160079,2.748610929473705,2.8072184360458605,-2.306600086451981
1789997452.9162836,2.748610929473705,2.8072184360458605,-2.306600086451981
1789997453.0162346,2.748610929473705,2.8072184360458605,-2.306600086451981
1789997453.116137,2.748610929473705,2.8072184360458605,-2.306600086451981
1789997453.2161698,2.748610929473705,2.8072184360458605,-2.306600086451981
1789997453.3167748,2.748610929473705,2.8072184360458605,-2.306600086451981
1789997453.4168084,2.748610929473705,2.8072184360458605,-2.306600086451981
1789997453.516996,2.748610929473705,2.8072184360458605,-2.306600086451981
1789997453.6169157,2.748610929473705,2.8072184360458605,-2.306600086451981
1789997453.716613,2.748610929473705,2.8072184360458605,-2.306600086451981
1789997453.8173716,2.748610929473705,2.8072184360458605,-2.306600086451981
1789997453.917301,2.748610929473705,2.8072184360458605,-2.306600086451981
1789997454.0170503,2.748610929473705,2.8072184360458605,-2.306600086451981
1789997454.1172588,2.748610929473705,2.8072184360458605,-2.306600086451981
1789997454.2167385,2.748610929473705,2.8072184360458605,-2.306600086451981
1789997454.3166516,2.748610929473705,2.8072184360458605,-2.306600086451981
1789997454.416882,2.748610929473705,2.8072184360458605,-2.306600086451981
1789997454.51595,2.748610929473705,2.8072184360458605,-2.306600086451981
1789997454.6170452,2.748610929473705,2.8072184360458605,-2.306600086451981
1789997454.7160802,2.748610929473705,2.8072184360458605,-2.306600086451981
1789997454.8159611,2.748610929473705,2.8072184360458605,-2.306600086451981
1789997454.916371,2.748610929473705,2.8072184360458605,-2.306600086451981
1789997455.0173552,2.748610929473705,2.8072184360458605,-2.306600086451981
1789997455.1173263,2.748610929473705,2.8072184360458605,-2.306600086451981
1789997455.2160401,2.748610929473705,2.8072184360458605,-2.306600086451981
1789997455.316075,2.748610929473705,2.8072184360458605,-2.306600086451981
1789997455.4160752,2.748610929473705,2.8072184360458605,-2.306600086451981
1789997455.516978,2.748610929473705,2.8072184360458605,-2.306600086451981
1789997455.6167915,2.748610929473705,2.8072184360458605,-2.306600086451981
1789997455.7162485,2.748610929473705,2.8072184360458605,-2.306600086451981
1789997455.8165343,2.748610929473705,2.8072184360458605,-2.306600086451981
1789997455.9160533,2.748610929473705,2.8072184360458605,-2.306600086451981
1789997456.0161924,2.748610929473705,2.8072184360458605,-2.306600086451981
1789997456.1160662,2.748610929473705,2.8072184360458605,-2.306600086451981
1789997456.2161283,2.748610929473705,2.8072184360458605,-2.306600086451981
1789997456.3169923,2.748610929473705,2.8072184360458605,-2.306600086451981
1789997456.4167037,2.748610929473705,2.8072184360458605,-2.306600086451981
1789997456.517056,2.748610929473705,2.8072184360458605,-2.306600086451981
1789997456.616433,2.748610929473705,2.8072184360458605,-2.306600086451981
1789997456.7165363,2.748610929473705,2.8072184360458605,-2.306600086451981
1789997456.8161962,2.748610929473705,2.8072184360458605,-2.306600086451981
1789997456.9162982,2.748610929473705,2.8072184360458605,-2.306600086451981
1789997457.0165076,2.748610929473705,2.8072184360458605,-2.306600086451981
1789997457.1172743,2.748610929473705,2.8072184360458605,-2.306600086451981
1789997457.2162004,2.748610929473705,2.8072184360458605,-2.306600086451981
1789997457.3161519,2.748610929473705,2.8072184360458605,-2.306600086451981
1789997457.4158797,2.748610929473705,2.8072184360458605,-2.306600086451981
1789997457.51676,2.748610929473705,2.8072184360458605,-2.306600086451981
1789997457.6168451,2.748610929473705,2.8072184360458605,-2.306600086451981
1789997457.7164905,2.748610929473705,2.8072184360458605,-2.306600086451981
1789997457.8164854,2.748610929473705,2.8072184360458605,-2.306600086451981
1789997457.9163828,2.748610929473705,2.8072184360458605,-2.306600086451981
1789997458.0164816,2.748610929473705,2.8072184360458605,-2.306600086451981
1789997458.116457,2.748610929473705,2.8072184360458605,-2.306600086451981
1789997458.2162976,2.748610929473705,2.8072184360458605,-2.306600086451981
1789997458.3162775,2.748610929473705,2.8072184360458605,-2.306600086451981
1789997458.4160311,2.748610929473705,2.8072184360458605,-2.306600086451981
1789997458.5165524,2.748610929473705,2.8072184360458605,-2.306600086451981
1789997458.6174533,2.748610929473705,2.8072184360458605,-2.306600086451981
1789997458.7163248,2.748610929473705,2.8072184360458605,-2.306600086451981
1789997458.8163004,2.748610929473705,2.8072184360458605,-2.306600086451981
1789997458.916086,2.748610929473705,2.8072184360458605,-2.306600086451981
1789997459.0161507,2.748610929473705,2.8072184360458605,-2.306600086451981
1789997459.116149,2.748610929473705,2.8072184360458605,-2.306600086451981
1789997459.2160487,2.748610929473705,2.8072184360458605,-2.306600086451981
1789997459.3161736,2.748610929473705,2.8072184360458605,-2.306600086451981
1789997459.417363,2.748610929473705,2.8072184360458605,-2.306600086451981
1789997459.5161047,2.748610929473705,2.8072184360458605,-2.306600086451981
1789997459.6161857,2.748610929473705,2.8072184360458605,-2.306600086451981
1789997459.716103,2.748610929473705,2.8072184360458605,-2.306600086451981
1789997459.8162603,2.748610929473705,2.8072184360458605,-2.306600086451981
1789997459.9159591,2.748610929473705,2.8072184360458605,-2.306600086451981
1789997460.0168746,2.748610929473705,2.8072184360458605,-2.306600086451981
1789997460.116312,2.748610929473705,2.8072184360458605,-2.306600086451981
1789997460.2181473,2.748610929473705,2.8072184360458605,-2.306600086451981
1789997460.3160558,2.748610929473705,2.8072184360458605,-2.306600086451981
1789997460.4163063,2.748610929473705,2.8072184360458605,-2.306600086451981
1789997460.5160089,2.748610929473705,2.8072184360458605,-2.306600086451981
1789997460.615982,2.748610929473705,2.8072184360458605,-2.306600086451981
1789997460.7171597,2.748610929473705,2.8072184360458605,-2.306600086451981
1789997460.8161213,2.748610929473705,2.8072184360458605,-2.306600086451981
1789997460.9159248,2.748610929473705,2.8072184360458605,-2.306600086451981
1789997461.015998,2.748610929473705,2.8072184360458605,-2.306600086451981
1789997461.117219,2.748610929473705,2.8072184360458605,-2.306600086451981
1789997461.2161617,2.748610929473705,2.8072184360458605,-2.306600086451981
1789997461.3160613,2.748610929473705,2.8072184360458605,-2.306600086451981
1789997461.4159243,2.748610929473705,2.8072184360458605,-2.306600086451981
1789997461.5161107,2.748610929473705,2.8072184360458605,-2.306600086451981
1789997461.617027,2.748610929473705,2.8072184360458605,-2.306600086451981
1789997461.7167392,2.748610929473705,2.8072184360458605,-2.306600086451981
1789997461.8166995,2.748610929473705,2.8072184360458605,-2.306600086451981
1789997461.9166963,2.748610929473705,2.8072184360458605,-2.306600086451981
1789997462.0165074,2.748610929473705,2.8072184360458605,-2.306600086451981
1789997462.1161568,2.748610929473705,2.8072184360458605,-2.306600086451981
1789997462.2168086,2.748610929473705,2.8072184360458605,-2.306600086451981
1789997462.3168306,2.748610929473705,2.8072184360458605,-2.306600086451981
1789997462.416565,2.748610929473705,2.8072184360458605,-2.306600086451981
1789997462.5163026,2.748610929473705,2.8072184360458605,-2.306600086451981
1789997462.6163213,2.748610929473705,2.8072184360458605,-2.306600086451981
1789997462.7164755,2.748610929473705,2.8072184360458605,-2.306600086451981
1789997462.8162997,2.748610929473705,2.8072184360458605,-2.306600086451981
1789997462.9164205,2.748610929473705,2.8072184360458605,-2.306600086451981
