t,x,y,yaw
1789976766.0409842,0.9548821766948418,0.8070482108665415,-2.4866680281499907
1789976766.1400058,0.9548821766948418,0.8070482108665415,-2.4866680281499907
1789976766.2398088,0.9548821766948418,0.8070482108665415,-2.4866680281499907
1789976766.340417,0.9548821766948418,0.8070482108665415,-2.4866680281499907
1789976766.4409707,0.9548821766948418,0.8070482108665415,-2.4866680281499907
1789976766.5396686,0.9548821766948418,0.8070482108665415,-2.4866680281499907
1789976766.9137304,0.9548821766948418,0.8070482108665415,-2.4866680281499907
1789976766.9139388,0.9548821766948418,0.8070482108665415,-2.4866680281499907
1789976766.9140728,0.9548821766948418,0.8070482108665415,-2.4866680281499907
1789976766.9402153,0.9548821766948418,0.8070482108665415,-2.4866680281499907
1789976767.0407274,0.9548821766948418,0.8070482108665415,-2.4866680281499907
1789976767.1416118,0.9548821766948418,0.8070482108665415,-2.4866680281499907
1789976767.2403886,0.9548821766948418,0.8070482108665415,-2.4866680281499907
1789976767.3401926,0.9548821766948418,0.8070482108665415,-2.4866680281499907
1789976767.4399045,0.9548821766948418,0.8070482108665415,-2.4866680281499907
1789976767.5402915,0.9548821766948418,0.8070482108665415,-2.4866680281499907
1789976767.6400259,0.9548821766948418,0.8070482108665415,-2.4866680281499907
1789976767.739782,0.9548821766948418,0.8070482108665415,-2.4866680281499907
1789976767.8399446,0.9548821766948418,0.8070482108665415,-2.4866680281499907
1789976767.9395256,0.9548821766948418,0.8070482108665415,-2.4866680281499907
1789976768.0411308,0.9548821766948418,0.8070482108665415,-2.4866680281499907
1789976768.1408563,0.9548821766948418,0.8070482108665415,-2.4866680281499907
1789976768.2411218,0.9548821766948418,0.8070482108665415,-2.4866680281499907
1789976768.3406987,0.9548821766948418,0.8070482108665415,-2.4866680281499907
1789976768.4405668,0.9548821766948418,0.8070482108665415,-2.4866680281499907
1789976768.5410743,0.9548821766948418,0.8070482108665415,-2.4866680281499907
1789976768.6400385,0.9548821766948418,0.8070482108665415,-2.4866680281499907
1789976768.7401044,0.9548821766948418,0.8070482108665415,-2.4866680281499907
1789976768.840177,0.9548821766948418,0.8070482108665415,-2.4866680281499907
1789976768.9399695,0.9548821766948418,0.8070482108665415,-2.4866680281499907
1789976769.0407112,0.9548821766948418,0.8070482108665415,-2.4866680281499907
1789976769.1409502,0.9548821766948418,0.8070482108665415,-2.4866680281499907
1789976769.239882,0.9548821766948418,0.8070482108665415,-2.4866680281499907
1789976769.3403063,0.9548821766948418,0.8070482108665415,-2.4866680281499907
1789976769.440231,0.9548821766948418,0.8070482108665415,-2.4866680281499907
1789976769.5411396,0.9548821766948418,0.8070482108665415,-2.4866680281499907
1789976769.6399665,0.9548821766948418,0.8070482108665415,-2.4866680281499907
1789976769.740927,0.9548821766948418,0.8070482108665415,-2.4866680281499907
1789976769.839974,0.9548821766948418,0.8070482108665415,-2.4866680281499907
1789976769.9404206,0.9548821766948418,0.8070482108665415,-2.4866680281499907
1789976770.0404062,0.9548821766948418,0.8070482108665415,-2.4866680281499907
1789976770.1402934,0.9548821766948418,0.8070482108665415,-2.4866680281499907
1789976770.240167,0.9548821766948418,0.8070482108665415,-2.4866680281499907
1789976770.340416,0.9548821766948418,0.8070482108665415,-2.4866680281499907
1789976770.4402232,0.9548821766948418,0.8070482108665415,-2.4866680281499907
1789976770.5400162,0.9548821766948418,0.8070482108665415,-2.4866680281499907
1789976770.6402757,0.9548821766948418,0.8070482108665415,-2.4866680281499907
1789976770.740968,0.9548821766948418,0.8070482108665415,-2.4866680281499907
1789976770.840655,0.9548821766948418,0.8070482108665415,-2.4866680281499907
1789976770.9406834,0.9548821766948418,0.8070482108665415,-2.4866680281499907
1789976771.0415242,0.9548821766948418,0.8070482108665415,-2.4866680281499907
1789976771.1414895,0.9548821766948418,0.8070482108665415,-2.4866680281499907
1789976771.2409015,0.9548821766948418,0.8070482108665415,-2.4866680281499907
1789976771.3400328,0.9548821766948418,0.8070482108665415,-2.4866680281499907
1789976771.440476,0.9548821766948418,0.8070482108665415,-2.4866680281499907
1789976771.5415094,0.9548821766948418,0.8070482108665415,-2.4866680281499907
1789976771.6420536,0.9548821766948418,0.8070482108665415,-2.4866680281499907
1789976771.7398949,0.9548821766948418,0.8070482108665415,-2.4866680281499907
1789976771.8402724,0.9548821766948418,0.8070482108665415,-2.4866680281499907
1789976771.9405124,0.9548821766948418,0.8070482108665415,-2.4866680281499907
1789976772.0404956,0.9548821766948418,0.8070482108665415,-2.4866680281499907
1789976772.1401677,0.9548821766948418,0.8070482108665415,-2.4866680281499907
1789976772.2401905,0.9548821766948418,0.8070482108665415,-2.4866680281499907
1789976772.3411198,0.9548821766948418,0.8070482108665415,-2.4866680281499907
1789976772.44008,0.9548821766948418,0.8070482108665415,-2.4866680281499907
1789976772.5398924,0.9548821766948418,0.8070482108665415,-2.4866680281499907
1789976772.640219,0.9548821766948418,0.8070482108665415,-2.4866680281499907
1789976772.7400162,0.9548821766948418,0.8070482108665415,-2.4866680281499907
1789976772.8404806,0.9548821766948418,0.8070482108665415,-2.4866680281499907
1789976772.940603,0.9548821766948418,0.8070482108665415,-2.4866680281499907
1789976773.0403535,0.9548821766948418,0.8070482108665415,-2.4866680281499907
1789976773.141087,0.9548821766948418,0.8070482108665415,-2.4866680281499907
1789976773.2406468,0.9548821766948418,0.8070482108665415,-2.4866680281499907
1789976773.339948,0.9548821766948418,0.8070482108665415,-2.4866680281499907
1789976773.440797,0.9548821766948418,0.8070482108665415,-2.4866680281499907
1789976773.540781,0.9548821766948418,0.8070482108665415,-2.4866680281499907
1789976773.6407907,0.9548821766948418,0.8070482108665415,-2.4866680281499907
1789976773.740542,0.9548821766948418,0.8070482108665415,-2.4866680281499907
1789976773.8407764,0.9548821766948418,0.8070482108665415,-2.4866680281499907
1789976773.9406655,0.9548821766948418,0.8070482108665415,-2.4866680281499907
1789976774.0406878,0.9548821766948418,0.8070482108665415,-2.4866680281499907
1789976774.1407926,0.9548821766948418,0.8070482108665415,-2.4866680281499907
1789976774.240642,0.9548821766948418,0.8070482108665415,-2.4866680281499907
1789976774.3411832,0.9548821766948418,0.8070482108665415,-2.4866680281499907
1789976774.440149,0.9548821766948418,0.8070482108665415,-2.4866680281499907
1789976774.5410721,0.9548821766948418,0.8070482108665415,-2.4866680281499907
1789976774.6414375,0.9548821766948418,0.8070482108665415,-2.4866680281499907
1789976774.7415965,0.9548821766948418,0.8070482108665415,-2.4866680281499907
1789976774.8412392,0.9548821766948418,0.8070482108665415,-2.4866680281499907
1789976774.9412527,0.9548821766948418,0.8070482108665415,-2.4866680281499907
1789976775.04158,0.9548821766948418,0.8070482108665415,-2.4866680281499907
1789976775.1404262,0.9548821766948418,0.8070482108665415,-2.4866680281499907
1789976775.241543,0.9548821766948418,0.8070482108665415,-2.4866680281499907
1789976775.3412855,0.9548821766948418,0.8070482108665415,-2.4866680281499907
1789976775.4405797,0.9548821766948418,0.8070482108665415,-2.4866680281499907
1789976775.5409362,0.9548821766948418,0.8070482108665415,-2.4866680281499907
1789976775.6422317,0.9548821766948418,0.8070482108665415,-2.4866680281499907
1789976775.7412262,0.9548821766948418,0.8070482108665415,-2.4866680281499907
1789976775.8399162,0.9548821766948418,0.8070482108665415,-2.4866680281499907
1789976775.940771,0.9548821766948418,0.8070482108665415,-2.4866680281499907
1789976776.0411026,0.9548821766948418,0.8070482108665415,-2.4866680281499907
1789976776.140185,0.9548821766948418,0.8070482108665415,-2.4866680281499907
1789976776.240516,0.9548821766948418,0.8070482108665415,-2.4866680281499907
1789976776.3416297,0.9548821766948418,0.8070482108665415,-2.4866680281499907
1789976776.4406986,0.9548821766948418,0.8070482108665415,-2.4866680281499907
1789976776.540012,0.9548821766948418,0.8070482108665415,-2.4866680281499907
1789976776.6401675,0.9548821766948418,0.8070482108665415,-2.4866680281499907
1789976776.740898,0.9548821766948418,0.8070482108665415,-2.4866680281499907
1789976776.8421538,0.9548821766948418,0.8070482108665415,-2.4866680281499907
1789976776.940895,0.9548821766948418,0.8070482108665415,-2.4866680281499907
1789976777.040136,0.9548821766948418,0.8070482108665415,-2.4866680281499907
1789976777.1408274,0.9548821766948418,0.8070482108665415,-2.4866680281499907
1789976777.2399194,0.9548821766948418,0.8070482108665415,-2.4866680281499907
1789976777.340013,0.9548821766948418,0.8070482108665415,-2.4866680281499907
1789976777.44014,0.9548821766948418,0.8070482108665415,-2.4866680281499907
1789976777.5405202,0.9548821766948418,0.8070482108665415,-2.4866680281499907
1789976777.6402543,0.9548821766948418,0.8070482108665415,-2.4866680281499907
1789976777.7401922,0.9548821766948418,0.8070482108665415,-2.4866680281499907
1789976777.8401217,0.9548821766948418,0.8070482108665415,-2.4866680281499907
1789976777.9398735,0.9548821766948418,0.8070482108665415,-2.4866680281499907
1789976778.040591,0.9548821766948418,0.8070482108665415,-2.4866680281499907
1789976778.1403131,0.9548821766948418,0.8070482108665415,-2.4866680281499907
1789976778.2399802,0.9548821766948418,0.8070482108665415,-2.4866680281499907
1789976778.3409154,0.9548821766948418,0.8070482108665415,-2.4866680281499907
1789976778.4408193,0.9548821766948418,0.8070482108665415,-2.4866680281499907
1789976778.5404708,0.9548821766948418,0.8070482108665415,-2.4866680281499907
1789976778.6407113,0.9548821766948418,0.8070482108665415,-2.4866680281499907
1789976778.7398863,0.9548821766948418,0.8070482108665415,-2.4866680281499907
1789976778.8407078,0.9548821766948418,0.8070482108665415,-2.4866680281499907
1789976778.9410102,0.9548821766948418,0.8070482108665415,-2.4866680281499907
1789976779.0413756,0.9548821766948418,0.8070482108665415,-2.4866680281499907
1789976779.1410859,0.9548821766948418,0.8070482108665415,-2.5026680285374208
1789976779.2407146,0.9548821766948418,0.8070482108665415,-2.534668029312281
1789976779.3406248,0.9548821766948418,0.8070482108665415,-2.582720872227339
1789976779.4417212,0.9548821766948418,0.8070482108665415,-2.646831854645399
1789976779.5404477,0.9548821766948418,0.8070482108665415,-2.726137667361883
1789976779.6412234,0.9548821766948418,0.8070482108665415,-2.8214434827009716
1789976779.7408473,0.9548821766948418,0.8070482108665415,-2.9214434856812037
1789976779.8409557,0.9548821766948418,0.8070482108665415,-3.021443488661436
1789976779.9411123,0.9548821766948418,0.8070482108665415,-3.121443491641668
1789976780.0403018,0.9548821766948418,0.8070482108665415,3.0617418125576865
1789976780.1405818,0.9548821766948418,0.8070482108665415,2.961741809577454
1789976780.2408633,0.9548821766948418,0.8070482108665415,2.8617418065972213
1789976780.3406456,0.9548821766948418,0.8070482108665415,2.7617418036169887
1789976780.4405286,0.9548821766948418,0.8070482108665415,2.661741800636756
1789976780.53971,0.9548821766948418,0.8070482108665415,2.5617417976565235
1789976780.6408324,0.9548821766948418,0.8070482108665415,2.461741794676291
1789976780.7407296,0.9548821766948418,0.8070482108665415,2.3617417916960584
1789976780.84029,0.9469163506779359,0.8166812589754417,2.2617417887158258
1789976780.9406044,0.9329876908172734,0.8374416162576749,2.161741785735593
1789976781.040518,0.9204757286206509,0.8602330785275518,2.072852896184431
1789976781.1416476,0.9100364048250215,0.8840452701339315,1.9839640066332687
1789976781.2406363,0.9017521486818002,0.9086901692118835,1.895075117082106
1789976781.3406978,0.8956883729558162,0.9339731788103056,1.806186227530944
1789976781.4406326,0.8918929574239234,0.9596946634359877,1.7172973379797813
1789976781.5403478,0.889980770298188,0.9856242506059585,1.6444084510512234
1789976781.6400633,0.8894245827334605,1.0116183000365835,1.5921897888488648
1789976781.7407336,0.889502326144702,1.0376181828511453,1.5678061910278673
1789976781.8403606,0.8898346182907949,1.063616058386246,1.5580155112154357
1789976781.9407175,0.8903028751410802,1.0896118404658661,1.5527854735336772
1789976782.040136,0.8908407150038364,1.1156062759990906,1.5501087018593722
1789976782.1397061,0.8914020262384926,1.1416002152947569,1.5492057549839418
1789976782.2406023,0.8919648752710256,1.1675941213378185,1.5491465950835315
1789976782.339844,0.8925159333713346,1.1935882800158566,1.5496001965816877
1789976782.439885,0.8930409798354847,1.2195829771023667,1.550600858496856
1789976782.5401185,0.8935376208755514,1.2455782324018683,1.5516935858394767
1789976782.6406066,0.8940037107001496,1.2715740534253395,1.5528688341364079
1789976782.7409408,0.8944389607847278,1.29757040908864,1.554055156324413
1789976782.841169,0.8948432211078263,1.323567265129325,1.5552472257040257
1789976782.9410958,0.8952174052473604,1.3495645714636102,1.556404131742548
1789976783.0408874,0.8955629181713418,1.3755622746550134,1.5575069765312408
1789976783.1414511,0.8958813129337733,1.40156032410462,1.5585500678498116
1789976783.2415435,0.8961749559033135,1.4275586649019743,1.5595021259024557
1789976783.3406239,0.8964523909155534,1.4535571837102241,1.5601255465050983
1789976783.4408994,0.8967119528923467,1.4795558871007615,1.5608130076419382
1789976783.5397184,0.8969545609394476,1.5055547542250116,1.5614651123046697
1789976783.64055,0.8971796069206057,1.5315537792974119,1.5621406037345356
1789976783.74051,0.8973892197702291,1.5575529333771547,1.562734206484986
1789976783.8404949,0.8975834839669184,1.5835522066714378,1.5633245571268555
1789976783.940651,0.8977633040412433,1.609551583878398,1.5638801146982075
1789976784.0407834,0.8979296104104353,1.6355510510383324,1.5643998841274371
1789976784.140598,0.8980832118108274,1.6615505963616402,1.564888546043898
1789976784.2422802,0.8982249840967595,1.6875502088785197,1.5653435193452825
1789976784.3406558,0.89835765993885,1.7135498694057238,1.5656933874575272
1789976784.4399726,0.8984802141012912,1.739549579613459,1.5660826875347489
1789976784.54083,0.8985937480505809,1.7655493307747931,1.566429622399978
1789976784.6405263,0.8986992716826894,1.7915491156810572,1.5667377142686245
1789976784.740518,0.8987969087461531,1.8175489313998805,1.5670410461592335
1789976784.8406012,0.8988872790128855,1.8435487733921663,1.5673205401791572
1789976784.9407215,0.8989708360373999,1.8695486381732107,1.5675825894329538
1789976785.0411527,0.899048103700043,1.895548522405977,1.5678244891328577
1789976785.1411014,0.8991195686568629,1.9215484232359585,1.568047671047628
1789976785.2402194,0.8991855689862907,1.947548338512079,1.5682578497667627
1789976785.339742,0.8992415246633784,1.9735482773460675,1.5686441836281508
1789976785.4397156,0.8992893181033922,1.9995482324651832,1.568958116460947
1789976785.5418868,0.8993302363425196,2.025548199313367,1.5692225476595407
1789976785.640188,0.8993655430744308,2.0515481743872708,1.5694383751003835
1789976785.7418404,0.8993949379958533,2.077548156817025,1.5696657526117122
1789976785.8398716,0.8994196063913895,2.1035481441608526,1.5698475421740505
1789976785.9398246,0.8994391403045378,2.12954813586922,1.5700450223448055
1789976786.0403583,0.8994974497772592,2.1555480695309495,1.5685536528049333
1789976786.1407552,0.8996467447168606,2.181547639939515,1.5650541819675192
1789976786.2402546,0.8999213714197998,2.2075461885640624,1.5602335644929042
1789976786.3404374,0.9003460678956405,2.23354271878085,1.554461119887077
1789976786.4401107,0.900550092951097,2.2595419173105293,1.562949128453278
1789976786.5401008,0.9006134849320367,2.2855418390770597,1.5683581711767547
1789976786.6411984,0.9005858315093304,2.3115418234173846,1.5718599202154504
1789976786.7414744,0.9005584301676625,2.3375418080245995,1.5718502247851058
1789976786.840111,0.900639927384806,2.363541679343753,1.5676618131953939
1789976786.9409044,0.9008997188887963,2.3895403804417574,1.5608041792321659
1789976787.0414128,0.9013238521086888,2.415536919854162,1.5544827864650346
1789976787.1403174,0.9019334993744158,2.441529770421584,1.5473462049994327
1789976787.2406123,0.9027447044440949,2.467517111508041,1.5395910664606554
1789976787.34015,0.9037354024660104,2.4934982290328573,1.5326833288330297
1789976787.4413066,0.9043960613017468,2.5194898330678472,1.5453836354572044
1789976787.542411,0.904925019599634,2.5454844508478423,1.5504503724310261
1789976787.6400363,0.9054895443418546,2.5714783205525316,1.5490821295562842
1789976787.7401874,0.9062246313068141,2.5974679261201983,1.5425199822667697
1789976787.8405302,0.9071249842852359,2.623452331345702,1.5361604401055438
1789976787.9403527,0.9082164580429585,2.6494294103856006,1.5288042253959642
1789976788.0412426,0.9095149819100347,2.6753969629498213,1.5208323135185708
1789976788.1399586,0.9110118366059125,2.701353838270791,1.5131931397277576
1789976788.2400692,0.9127205089661367,2.7272976311541446,1.5050307597178678
1789976788.3416378,0.9146171914031868,2.753228357062648,1.4977821429405074
1789976788.440865,0.91628687439177,2.779174688385719,1.5065335259917834
1789976788.5402017,0.9178323081280305,2.805128716685306,1.5113215088057983
1789976788.64056,0.9194295176418305,2.8310796101608293,1.5093264856520756
1789976788.740233,0.9211723672226677,2.8570211295023697,1.503713345821546
1789976788.840293,0.9231485271214213,2.8829459196165343,1.4947168027195799
1789976788.9407275,0.9253870178756293,2.9088493770991226,1.4845938050333132
1789976789.0407143,0.9279012459859721,2.934727526326185,1.4739438940915928
1789976789.139765,0.9306982364115334,2.9605766422679007,1.4630111877951493
1789976789.239624,0.9337471482634662,2.986397255872695,1.453260045978771
1789976789.3404272,0.9370312905864309,3.0121890057088625,1.4441448330092894
1789976789.441104,0.9403991849837967,3.0379699528935014,1.4408969128649407
1789976789.5409856,0.9438217887220995,3.0637436940666314,1.4387745328392558
1789976789.6409419,0.9473528224501092,3.0895028041292982,1.434566350016343
1789976789.7406929,0.9512980136963202,3.1152017421703877,1.4184697979274867
1789976789.8413262,0.9558541075984408,3.140799436573673,1.3946524926606294
1789976789.9404945,0.9611280031067847,3.166258933359274,1.366536793220389
1789976790.0410693,0.966966313902723,3.191594956675078,1.3443146736506109
1789976790.1411083,0.9732510730757934,3.2168239430309633,1.3266567406389598
1789976790.241069,0.9798915112237055,3.241961654374932,1.3125333980802179
1789976790.3412805,0.9868177455712234,3.2670221258025047,1.3011468061390996
1789976790.4413934,0.9939759897332121,3.2920173151581844,1.291876799534607
1789976790.5411026,1.0013249518037033,3.31695709677101,1.2842381856549263
1789976790.6403892,1.0084292634231629,3.340510323316772,1.2778466631803393
1789976790.7403042,1.0146968171532278,3.3608900795038656,1.2724381719860915
1789976790.8407528,1.017200528516713,3.3693490734536824,1.2830296811792739
1789976790.9406438,1.017200528516713,3.3693490734536824,1.3095915031764394
1789976791.0410063,1.017200528516713,3.3693490734536824,1.3521308553550122
1789976791.1403828,1.017200528516713,3.3693490734536824,1.4106110316846252
1789976791.2404819,1.017200528516713,3.3693490734536824,1.4850912061664943
1789976791.3397968,1.017200528516713,3.3693490734536824,1.5755411592457185
1789976791.4411068,1.017200528516713,3.3693490734536824,1.6755411622259506
1789976791.5407717,1.017200528516713,3.3693490734536824,1.7755411652061834
1789976791.640501,1.017200528516713,3.3693490734536824,1.875541168186416
1789976791.74172,1.017200528516713,3.3693490734536824,1.9755411711666486
1789976791.8402734,1.017200528516713,3.3693490734536824,2.075541174146881
1789976791.9413245,1.017200528516713,3.3693490734536824,2.175541177127114
1789976792.039874,1.017200528516713,3.3693490734536824,2.2755411801073464
1789976792.1407726,1.017200528516713,3.3693490734536824,2.375541183087579
1789976792.240554,1.017200528516713,3.3693490734536824,2.4755411860678116
1789976792.3412445,1.017200528516713,3.3693490734536824,2.575541189048044
1789976792.4404287,1.017200528516713,3.3693490734536824,2.675541192028277
1789976792.540789,1.017200528516713,3.3693490734536824,2.7755411950085094
1789976792.6409907,1.017200528516713,3.3693490734536824,2.8595411953661376
1789976792.740694,1.017200528516713,3.3693490734536824,2.9115411949489047
1789976792.8407626,1.017200528516713,3.3693490734536824,2.9315411959919864
1789976792.9413803,1.017200528516713,3.3693490734536824,2.9315411959919864
1789976793.0412242,1.017200528516713,3.3693490734536824,2.9315411959919864
1789976793.1411335,1.017200528516713,3.3693490734536824,2.9315411959919864
1789976793.2413118,1.017200528516713,3.3693490734536824,2.9315411959919864
1789976793.3413196,1.017200528516713,3.3693490734536824,2.9315411959919864
1789976793.4410126,1.017200528516713,3.3693490734536824,2.9315411959919864
1789976793.5407853,1.017200528516713,3.3693490734536824,2.9315411959919864
1789976793.6400876,1.017200528516713,3.3693490734536824,2.9315411959919864
1789976793.739955,1.017200528516713,3.3693490734536824,2.9315411959919864
1789976793.840673,1.017200528516713,3.3693490734536824,2.947541196379417
1789976793.940622,1.017200528516713,3.3693490734536824,2.9794367809925015
1789976794.040645,1.017200528516713,3.3693490734536824,3.0273323659930167
1789976794.1405613,1.017200528516713,3.3693490734536824,3.0912036975059447
1789976794.2409225,1.017200528516713,3.3693490734536824,-3.1121102800084577
1789976794.341295,1.017200528516713,3.3693490734536824,-3.016496556015156
1789976794.4417353,1.017200528516713,3.3693490734536824,-2.916496553034924
1789976794.5408618,1.017200528516713,3.3693490734536824,-2.816496550054692
1789976794.640692,1.017200528516713,3.3693490734536824,-2.7164965470744598
1789976794.7406971,1.017200528516713,3.3693490734536824,-2.6164965440942276
1789976794.840396,1.017200528516713,3.3693490734536824,-2.5164965411139955
1789976794.9406376,1.017200528516713,3.3693490734536824,-2.4164965381337633
1789976795.0407386,1.017200528516713,3.3693490734536824,-2.316496535153531
1789976795.1405978,1.017200528516713,3.3693490734536824,-2.216496532173299
1789976795.2406247,1.017200528516713,3.3693490734536824,-2.116496529193067
1789976795.3410962,1.017200528516713,3.3693490734536824,-2.0164965262128347
1789976795.4406137,1.017200528516713,3.3693490734536824,-1.9164965232326026
1789976795.540873,1.017200528516713,3.3693490734536824,-1.8164965202523704
1789976795.6406617,1.017200528516713,3.3693490734536824,-1.7164965172721383
1789976795.7408323,1.017200528516713,3.3693490734536824,-1.6164965142919059
1789976795.839978,1.017200528516713,3.3693490734536824,-1.5164965113116737
1789976795.9397275,1.0191216319426277,3.3569975811702806,-1.4164965083314418
1789976796.040433,1.0254108271868456,3.332801589287737,-1.3164965053512094
1789976796.139624,1.0341596075244113,3.308317741693579,-1.2276076158000468
1789976796.239771,1.0450473247219958,3.2847072024232795,-1.138718726248884
1789976796.3398836,1.057988008998818,3.2621564010881485,-1.0498298366977212
1789976796.440095,1.0728794802770663,3.2408433995731567,-0.9609409471465583
1789976796.5414743,1.0896041549992257,3.220936486054309,-0.8720520575953956
1789976796.6402085,1.1080299745717996,3.2025928461895523,-0.7831631680442328
1789976796.739927,1.1280040421880881,3.1859484305113477,-0.6947193463756078
1789976796.8401484,1.149130450402097,3.1707934040717802,-0.6222755228592387
1789976796.9401,1.1708523428308129,3.1565049702974215,-0.5818317001177302
1789976797.039906,1.1926941084484028,3.142400459490052,-0.573387878709876
1789976797.1403077,1.2142522357788055,3.1278661175230043,-0.5931951675055855
1789976797.2403226,1.235597932141677,3.1130215495874585,-0.6076563756404751
1789976797.341859,1.2567795744094068,3.0979438182842793,-0.6186216059563989
1789976797.4400494,1.2778351153938472,3.0826904860496005,-0.6269365505738493
1789976797.5397968,1.298780588042138,3.0672863591367032,-0.6341170453889605
1789976797.6395953,1.319639158239792,3.0517647612898813,-0.639737105877542
1789976797.740882,1.3404241235531982,3.0361447367274987,-0.6444642036645049
1789976797.8395367,1.3611484619577936,3.020444362588621,-0.6483355996622082
1789976797.940231,1.3818149181434785,3.0046678756813874,-0.6520133586092229
1789976798.040773,1.402106614639922,2.9884121996356128,-0.675411253557944
1789976798.1400876,1.4221671489197536,2.9718720994298513,-0.689508092538857
1789976798.239825,1.4420949614384748,2.955172331807886,-0.6974937473846907
1789976798.341243,1.4619474028824504,2.9383830340523978,-0.701994974674129
1789976798.440729,1.4817611250536409,2.921548059620228,-0.7042980285784539
1789976798.5402737,1.501565807181728,2.9047024514028212,-0.7048348389406999
1789976798.6412196,1.5213751421579822,2.887862314877024,-0.7045585886649168
1789976798.7402477,1.5411966873250835,2.871036551964232,-0.7038332142941037
1789976798.8416746,1.5610393876306137,2.8542357426089104,-0.70257497509749
1789976798.94048,1.5809029511856787,2.837459604993153,-0.7013322625383118
1789976799.0426261,1.6009440900943055,2.820896009319083,-0.6906798873170592
1789976799.1408095,1.6210977296865836,2.8044694831618733,-0.6838596489354352
1789976799.24018,1.6413093709091573,2.788114376635198,-0.6803209862745683
1789976799.3402448,1.6615543941686974,2.771800609944773,-0.6782773268482966
1789976799.4402356,1.681817486436392,2.7555092919453035,-0.6771689717266094
1789976799.53981,1.7020883587196176,2.7392276554401453,-0.6766912738633656
1789976799.6405833,1.7223611493317683,2.722948407570393,-0.6765734435918822
1789976799.7407124,1.742633503985472,2.7066686168099627,-0.676600223156969
1789976799.8401158,1.762904055872778,2.6903865814153027,-0.6767109519832264
1789976799.9400039,1.7831724736059038,2.674101889431588,-0.6768420154550077
1789976800.0401645,1.8035891710932157,2.658003491557249,-0.6676842285641431
1789976800.1411302,1.8240845045475873,2.642005327381224,-0.662784276376009
1789976800.2417717,1.8446162923462663,2.6260539750812164,-0.660502280746117
1789976800.340921,1.86515736620978,2.610114582528719,-0.659919913378075
1789976800.4405043,1.88569058613889,2.5941650737666366,-0.6604124944279867
1789976800.54119,1.9062091819758697,2.5781967559063355,-0.6613288532565313
1789976800.6413774,1.9267110570140198,2.562206975722449,-0.6623752733082476
1789976800.740552,1.9471938372714206,2.5461927425739037,-0.6635685473070448
1789976800.840726,1.9676571431046597,2.530153632100306,-0.6647836730671082
1789976800.9405236,1.9881027244707272,2.5140919337775123,-0.6658879733034375
1789976801.0409217,2.0086805694677192,2.4982000413260543,-0.6576095374622346
1789976801.1422365,2.0293233228859067,2.482392553172497,-0.6535142946378292
1789976801.2402015,2.0499901078532243,2.4666164969630513,-0.6519925183472188
1789976801.3407888,2.070648958611922,2.4508300522797546,-0.6524952800567227
1789976801.4399943,2.091293733628263,2.435025204449623,-0.6533863953170331
1789976801.5412126,2.111913454132802,2.419187683282356,-0.6549700002972934
1789976801.6404567,2.1325084217789887,2.4033179870640455,-0.6565313390311749
1789976801.7408078,2.153074431985933,2.387410781948853,-0.6583538849693689
1789976801.8409922,2.1736143154277827,2.3714698554198157,-0.6599945940398576
1789976801.9396815,2.1941285106640813,2.355495884585488,-0.6616043877177837
1789976802.040407,2.214617601182408,2.339489725766435,-0.6631744071696852
1789976802.1406152,2.2351587973717155,2.3235504908562734,-0.6599122389075314
1789976802.240759,2.2557157907146386,2.3076316348952455,-0.6589205189463653
1789976802.3403401,2.2762683566992776,2.2917070632571765,-0.6591985894048089
1789976802.4397037,2.296804228703993,2.2757609693337453,-0.6602461971722047
1789976802.5403647,2.3173188043149024,2.259787486998537,-0.6615805752023558
1789976802.6407378,2.337811656119588,2.24378614407614,-0.6629393818702054
1789976802.7406354,2.358281210753658,2.2277550092600467,-0.6643939784641814
1789976802.8411136,2.3787280982486383,2.2116949737004177,-0.6658066496166836
1789976802.9409451,2.3991543412423186,2.1956086892452658,-0.6670910578134901
1789976803.0411184,2.4195616580285066,2.179498401476355,-0.6682667236688976
1789976803.1410775,2.440100398689687,2.163556002583412,-0.6600662792015318
1789976803.2417054,2.4607004897784805,2.1476929575559796,-0.6562084269623698
1789976803.3421593,2.4813226951081,2.131858672041566,-0.6548130894459279
1789976803.441211,2.5019417172482816,2.116020241677681,-0.6550140945911367
1789976803.5414567,2.5225416642694096,2.1001570095626407,-0.6562175088766922
1789976803.640631,2.5431183224269436,2.0842635804336918,-0.6576842159237676
1789976803.7406049,2.5636663754280495,2.068333185954186,-0.6594819350838624
1789976803.840519,2.584186979916546,2.0523674494589397,-0.6612030532881579
1789976803.9407585,2.6046804419804914,2.0363668881237063,-0.6629012429360263
1789976804.0408862,2.625148894864193,2.0203343466234753,-0.6644627011120283
1789976804.1411984,2.645741893395123,2.004462095305088,-0.6566554092541298
1789976804.240596,2.666390567883962,1.9886623423873078,-0.6531396291889213
1789976804.3407316,2.687050262888713,1.972877002583566,-0.6524417990092147
1789976804.441063,2.707701067632228,1.9570800340815349,-0.6530047889538069
1789976804.5412283,2.72832987915914,1.9412543560424724,-0.6543957676012031
1789976804.6409569,2.7489285510436408,1.925389468176382,-0.656297887835648
1789976804.7409444,2.7694933922693563,1.909480751830616,-0.6584273690096998
1789976804.841012,2.7900250371407065,1.8935292155633563,-0.660511240895834
1789976804.9402685,2.810524449408374,1.877536278150575,-0.6625292796380782
1789976805.0409565,2.830993114290999,1.8615040073091838,-0.6644494779612833
1789976805.1405995,2.8514342065244276,1.845436596232305,-0.6661674166303091
1789976805.2402868,2.871987261749591,1.8295126560377324,-0.6591678664293106
1789976805.3413486,2.892588231815523,1.8136507525343215,-0.6561530146021362
1789976805.4397779,2.9132025023203347,1.797806138245441,-0.6553140427423604
1789976805.5407798,2.933799679894507,1.7819393103839258,-0.656392071858976
1789976805.640688,2.954374835051512,1.7660439355637427,-0.6577787775518336
1789976805.7411203,2.9749178785241503,1.75010708156773,-0.6597963348934391
1789976805.8407345,2.995426919182002,1.734126493289963,-0.6619270069962333
1789976805.9408362,3.0159012943912122,1.7181015155925863,-0.6640932199051569
1789976806.040703,3.036342697847993,1.7020345004645032,-0.6661480465410242
1789976806.140358,3.056751714392717,1.6859263660571266,-0.6681612089713997
1789976806.240674,3.0771841272399314,1.6698479191280875,-0.66670741690043
1789976806.341391,3.0976141642819046,1.6537664534961083,-0.666855166384015
1789976806.4400983,3.118025210631243,1.6376608911857105,-0.6680351877557075
1789976806.5403783,3.1384032655870486,1.6215136057597603,-0.6700809842878915
1789976806.640485,3.158748343580388,1.6053247901188965,-0.672120621099133
1789976806.739465,3.1790596658800623,1.589093642998385,-0.6742030221009587
1789976806.8401937,3.1993355177387777,1.5728182080790851,-0.6763853756217246
1789976806.940505,3.2195798840659346,1.5565036261837126,-0.6783175944322682
1789976807.04179,3.239794587009139,1.5401523040559166,-0.680133761881847
1789976807.1402657,3.2599823458916544,1.5237677277199124,-0.6817799091311137
1789976807.2411776,3.280324727840425,1.5075755244399613,-0.6722871411563792
1789976807.3403594,3.300746144853073,1.491483113880804,-0.6673910066457429
1789976807.4408734,3.321185882831711,1.4754139800592958,-0.6662516979239843
1789976807.5412955,3.341618571487024,1.4593358836320447,-0.6666902628117204
1789976807.64107,3.3620271215305033,1.4432271581848921,-0.6681901690405754
1789976807.7400606,3.382400341000024,1.4270737721975617,-0.6703803889774677
1789976807.8409545,3.402732072600098,1.410868197830959,-0.6729446151615082
1789976807.942033,3.423025895893163,1.3946151769868584,-0.6752804087796206
1789976808.0401094,3.4432815694765884,1.3783146359501117,-0.6776242194087204
1789976808.1401696,3.463495890497975,1.3619628416738474,-0.6801571187884505
1789976808.2397945,3.48375924279079,1.3456718470981255,-0.6771530106053648
1789976808.3408966,3.5040234148872265,1.329381872277551,-0.677102686527472
1789976808.4400601,3.524267734931128,1.3130672329505841,-0.6783204313528799
1789976808.5406518,3.5444703973899547,1.2967010366917204,-0.6808697885994875
1789976808.639649,3.564630140874794,1.2802820022184507,-0.6834879766379557
1789976808.7413971,3.5847417424391614,1.2638040341117616,-0.6864148017180227
1789976808.8422215,3.6048107833809975,1.2472742565547634,-0.6889936266628166
1789976808.9399624,3.6248340934940417,1.2306891125238604,-0.6917555718843897
1789976809.0406845,3.64478643873523,1.2140186635261465,-0.6960234112267454
1789976809.140748,3.6646729553732387,1.1972697409812443,-0.6999629537736136
1789976809.2404923,3.684751295658136,1.1807512603667083,-0.6884308531110248
1789976809.3398395,3.7049787648982306,1.1644157334835628,-0.6793526345093807
1789976809.44011,3.725323072013121,1.1482259490988358,-0.6721682376389464
1789976809.5410237,3.7457596685672416,1.1321528202281697,-0.6664471679528319
1789976809.642778,3.7662698161636428,1.1161736526659098,-0.6618577362199388
1789976809.7403295,3.786839173159909,1.1002707754680854,-0.6581434617911537
1789976809.8403857,3.8074567569146707,1.084430472739781,-0.6551049053830168
1789976809.941363,3.8281141828911562,1.0686421636968548,-0.6525855282482765
1789976810.0401542,3.846475358625561,1.054670574458279,-0.6504603708789757
1789976810.1406431,3.854799502967372,1.048152493444809,-0.6643093435720617
1789976810.2399907,3.854799502967372,1.048152493444809,-0.6940539463118727
1789976810.341179,3.854799502967372,1.048152493444809,-0.7397985472039394
1789976810.4420664,3.854799502967372,1.048152493444809,-0.8011507390693837
1789976810.539774,3.854799502967372,1.048152493444809,-0.877778437610071
1789976810.64043,3.854799502967372,1.048152493444809,-0.9704061387733631
1789976810.7413394,3.854799502967372,1.048152493444809,-1.0704061417535953
1789976810.8397503,3.854799502967372,1.048152493444809,-1.1704061447338272
1789976810.9406276,3.854799502967372,1.048152493444809,-1.2704061477140596
1789976811.0417914,3.854799502967372,1.048152493444809,-1.370406150694292
1789976811.140599,3.854799502967372,1.048152493444809,-1.4704061536745239
1789976811.2398973,3.854799502967372,1.048152493444809,-1.570406156654756
1789976811.339725,3.854799502967372,1.048152493444809,-1.6704061596349882
1789976811.439707,3.854799502967372,1.048152493444809,-1.7704061626152203
1789976811.540387,3.854799502967372,1.048152493444809,-1.8704061655954527
1789976811.6407797,3.854799502967372,1.048152493444809,-1.9704061685756846
1789976811.7411356,3.854799502967372,1.048152493444809,-2.0704061715559168
1789976811.8405569,3.854799502967372,1.048152493444809,-2.170406174536149
1789976811.9399288,3.854799502967372,1.048152493444809,-2.270406177516381
1789976812.0405698,3.854799502967372,1.048152493444809,-2.3704061804966132
1789976812.1406033,3.854799502967372,1.048152493444809,-2.4704061834768454
1789976812.2404938,3.854799502967372,1.048152493444809,-2.5704061864570775
1789976812.3403113,3.854799502967372,1.048152493444809,-2.6704061894373097
1789976812.4408028,3.854799502967372,1.048152493444809,-2.770406192417542
1789976812.5409944,3.854799502967372,1.048152493444809,-2.870406195397774
1789976812.6408422,3.854799502967372,1.048152493444809,-2.970406198378006
1789976812.741037,3.854799502967372,1.048152493444809,-3.054406198735634
1789976812.8412938,3.854799502967372,1.048152493444809,-3.1064061983184015
1789976812.9409869,3.854799502967372,1.048152493444809,-3.1264061993614827
1789976813.040776,3.854799502967372,1.048152493444809,-3.1264061993614827
1789976813.140438,3.854799502967372,1.048152493444809,-3.1264061993614827
1789976813.2405314,3.854799502967372,1.048152493444809,-3.1264061993614827
1789976813.3406832,3.854799502967372,1.048152493444809,-3.1264061993614827
1789976813.4406533,3.854799502967372,1.048152493444809,-3.1264061993614827
1789976813.5411892,3.854799502967372,1.048152493444809,-3.1264061993614827
1789976813.640533,3.854799502967372,1.048152493444809,-3.1264061993614827
1789976813.7404315,3.854799502967372,1.048152493444809,-3.1264061993614827
1789976813.8404312,3.854799502967372,1.048152493444809,-3.1264061993614827
1789976813.9403493,3.854799502967372,1.048152493444809,-3.1264061993614827
1789976814.0407455,3.854799502967372,1.048152493444809,-3.1264061993614827
1789976814.1397655,3.854799502967372,1.048152493444809,-3.1264061993614827
1789976814.2405982,3.854799502967372,1.048152493444809,-3.1264061993614827
1789976814.3420095,3.854799502967372,1.048152493444809,-3.1264061993614827
1789976814.440686,3.854799502967372,1.048152493444809,-3.1264061993614827
1789976814.5406983,3.854799502967372,1.048152493444809,-3.1264061993614827
1789976814.6412098,3.854799502967372,1.048152493444809,-3.1264061993614827
1789976814.740551,3.854799502967372,1.048152493444809,-3.1264061993614827
1789976814.8407674,3.854799502967372,1.048152493444809,-3.1264061993614827
1789976814.9413142,3.854799502967372,1.048152493444809,-3.1264061993614827
1789976815.0398402,3.854799502967372,1.048152493444809,-3.1264061993614827
1789976815.141994,3.854799502967372,1.048152493444809,-3.1264061993614827
1789976815.240351,3.854799502967372,1.048152493444809,-3.1104061989740526
1789976815.3404922,3.854799502967372,1.048152493444809,-3.0784061981991924
1789976815.4398675,3.854799502967372,1.048152493444809,-3.0303941963867342
1789976815.540963,3.854799502967372,1.048152493444809,-2.9663821964220203
1789976815.640286,3.854799502967372,1.048152493444809,-2.8870519398407137
1789976815.7405212,3.854799502967372,1.048152493444809,-2.7917216895774994
1789976815.840987,3.854799502967372,1.048152493444809,-2.6917216865972673
1789976815.9405608,3.854799502967372,1.048152493444809,-2.591721683617035
1789976816.0409873,3.854799502967372,1.048152493444809,-2.491721680636803
1789976816.1408615,3.854799502967372,1.048152493444809,-2.391721677656571
1789976816.2407634,3.854799502967372,1.048152493444809,-2.2917216746763387
1789976816.3406997,3.854799502967372,1.048152493444809,-2.1917216716961065
1789976816.4405992,3.854799502967372,1.048152493444809,-2.0917216687158744
1789976816.5411327,3.854799502967372,1.048152493444809,-1.991721665735642
1789976816.6397853,3.854799502967372,1.048152493444809,-1.89172166275541
1789976816.7406852,3.854799502967372,1.048152493444809,-1.7917216597751777
1789976816.8406446,3.854799502967372,1.048152493444809,-1.691721656794946
1789976816.9400806,3.854799502967372,1.048152493444809,-1.5917216538147136
1789976817.0406845,3.854799502967372,1.048152493444809,-1.4917216508344815
1789976817.1405087,3.854799502967372,1.048152493444809,-1.3917216478542493
1789976817.2412279,3.854799502967372,1.048152493444809,-1.2917216448740172
1789976817.3405812,3.854799502967372,1.048152493444809,-1.191721641893785
1789976817.4412503,3.854799502967372,1.048152493444809,-1.091721638913553
1789976817.5408742,3.854799502967372,1.048152493444809,-0.9917216359333209
1789976817.6415727,3.854799502967372,1.048152493444809,-0.8917216329530885
1789976817.7413492,3.854799502967372,1.048152493444809,-0.7917216299728566
1789976817.841045,3.8644263653793423,1.0401791929926127,-0.6917216269926243
1789976817.9403744,3.885149507051346,1.026195223626154,-0.5936120359853918
1789976818.0407982,3.90790752421877,1.0136225307954128,-0.504723146434229
1789976818.1409092,3.931691793937115,1.0031197471465914,-0.4158342568830662
1789976818.2421978,3.9563145148136165,0.9947698030122379,-0.3269453673319033
1789976818.340554,3.9815812650169966,0.9886386298317662,-0.23805647778074057
1789976818.4419587,4.00722742524825,0.9843637712607953,-0.16516759085218213
1789976818.5403419,4.033056608640039,0.9813883325162901,-0.11469123351136945
1789976818.6414027,4.058944263985793,0.9789739483073446,-0.09299491408030301
1789976818.7411563,4.084829055888667,0.9765290559674218,-0.09417346093552936
1789976818.8417568,4.1106967432008945,0.9739093797420534,-0.10092804442840464
1789976818.9411786,4.136539081801265,0.9710504488102683,-0.11018168508755811
1789976819.0411494,4.16234318352022,0.967864811529165,-0.12283316656696464
1789976819.1411793,4.1881005699093246,0.964321226224516,-0.13671726055192623
1789976819.2402809,4.213797889060683,0.9603655039336876,-0.15273632697510386
1789976819.3407867,4.239422731929144,0.9559646655617848,-0.17008185192691935
1789976819.4401977,4.265008372435216,0.9513413604341725,-0.17877012595283626
1789976819.5403981,4.290546696499309,0.946463455719409,-0.18873013138520367
1789976819.6398234,4.3160348654613125,0.9413299195723365,-0.19874960474419234
1789976819.7403188,4.341461570231011,0.9359001281432329,-0.21038675188767542
1789976819.8407545,4.366823309663251,0.9301745606272488,-0.22203399754809983
1789976819.9396641,4.3921145024072175,0.924145006746865,-0.23403656884777213
1789976820.0406384,4.417327778012234,0.9177975124637315,-0.2466269876037801
1789976820.140483,4.442468710702601,0.9111692808845377,-0.2577773719255889
1789976820.2407002,4.467534677246805,0.9042629597499718,-0.26885500132786877
1789976820.3420389,4.492531899330696,0.8971118172889687,-0.2786354161028828
1789976820.4406667,4.517681833322331,0.8905178222461017,-0.2564158312206235
1789976820.5404406,4.542927040822066,0.8842985418452668,-0.24154504306363744
1789976820.6401026,4.568094537756195,0.8777719004057831,-0.25373868487524653
1789976820.7400734,4.593175562507329,0.8709204664068364,-0.26666595220315115
1789976820.8400207,4.61822275952076,0.863946380647448,-0.2715594637368883
1789976820.9409893,4.643250092423715,0.8569013428069803,-0.2743933209379281
1789976821.0401254,4.66824680924938,0.8497484344232232,-0.27870606157678024
1789976821.140938,4.693191100898397,0.8424147951808197,-0.285943803672966
1789976821.2403738,4.718050979412148,0.8347999156223193,-0.29723752971487905
1789976821.3406186,4.742854727940706,0.8270041469404673,-0.30452206909405843
1789976821.4413862,4.767697510580696,0.819333677521249,-0.2994744255368676
1789976821.5408616,4.792595190651559,0.8118433185513523,-0.2922324477856124
1789976821.6406069,4.817553914289892,0.8045589472844378,-0.2839692552735173
1789976821.7406878,4.842509932174852,0.7972653115837391,-0.2843404655971642
1789976821.841939,4.867393840588268,0.7897293277407604,-0.29406544917012395
1789976821.9411426,4.89220056563274,0.7819430357492569,-0.3041400251605624
1789976822.040041,4.917025021193287,0.774213459012374,-0.3018545574669802
1789976822.140304,4.941963649636844,0.7668605846245489,-0.28671501531946303
1789976822.2410932,4.967009722954761,0.7598824644075802,-0.2717205415641035
1789976822.341103,4.992152445136312,0.7532610241027603,-0.2575072533612217
1789976822.4412806,5.017371231533459,0.7469354598540929,-0.2457573014472687
1789976822.5412118,5.0426611337039935,0.7409004951803179,-0.2342505141322575
1789976822.643259,5.068008191095352,0.7351102765308968,-0.22458389430987458
1789976822.7410662,5.093379842888965,0.7294287947107597,-0.22029606189328055
1789976822.8418765,5.118725625199717,0.723632997141406,-0.22480400113138185
1789976822.9412248,5.144136338044698,0.7181288511478036,-0.21331194026144962
1789976823.0404048,5.1697623329262035,0.7137347258944715,-0.16981988085183145
1789976823.1421254,5.195554605166005,0.7104546888341778,-0.12649232579144473
1789976823.2404294,5.221432456361473,0.7079373950662328,-0.09697089848789231
1789976823.3399532,5.247348204231947,0.7058459929712236,-0.08052554299804227
1789976823.4404216,5.273318156909724,0.7045963897050074,-0.04808018823834903
1789976823.5405178,5.299315320771035,0.7042124345291003,-0.014768044107880574
1789976823.6397703,5.325312028534237,0.7046261202595936,0.015911661631140547
1789976823.740561,5.351285016529863,0.7058109599061271,0.04558654481795754
1789976823.8406549,5.377214232256694,0.7077281772126334,0.07380611950782257
1789976823.941092,5.403089028333164,0.7102766823450662,0.09817707294848876
1789976824.0398307,5.428905540947382,0.7133601263365819,0.1188737733128402
1789976824.140893,5.454657007266452,0.7169464800317352,0.1383778830828999
1789976824.240498,5.4802856516587095,0.7213251256013348,0.16921585032967057
1789976824.3404634,5.5057816958540045,0.7264194048241968,0.19720964113501038
1789976824.4405644,5.531155283773172,0.7320922336174177,0.21995502392080768
1789976824.5404136,5.556305883842493,0.7386836876726329,0.25631479898718323
1789976824.6405966,5.581276129258877,0.7459284647053968,0.2823832331064078
1789976824.7407906,5.606048602865293,0.7538230515741549,0.30850857923058017
1789976824.8410897,5.630571721372507,0.7624611421669936,0.3386714121165606
1789976824.9403582,5.6548943176462885,0.7716487022844349,0.3611686302187773
1789976825.0406857,5.678962628999511,0.7814831488379145,0.3879029048445557
1789976825.1406546,5.702768829377112,0.7919361280300137,0.4137412143709991
1789976825.2414074,5.7263472505453095,0.8028932264426413,0.4350181681874128
1789976825.3418045,5.749661944947916,0.8144008315506553,0.45849630141881415
1789976825.4407532,5.772721468862676,0.826411589529799,0.48019513095048394
1789976825.5407565,5.7955798623958845,0.8388008508269831,0.4966808413925503
1789976825.6409106,5.818023792340029,0.8519260159334207,0.5291665522220469
1789976825.7411616,5.839763340192675,0.8661875729862626,0.5805948925974702
1789976825.8407147,5.860591964745937,0.8817493321936344,0.6416639013054706
1789976825.940546,5.880650762612224,0.8982915381701165,0.6896130679014062
1789976826.0405128,5.900026882343794,0.9156283756717142,0.7299085242512559
1789976826.1404552,5.918788132311365,0.9336288048350225,0.7647050877871844
1789976826.2408333,5.936981935155391,0.9522025898149791,0.7957324994566769
1789976826.3407004,5.954745230166524,0.9711885135680228,0.8186554131868213
1789976826.4407825,5.972265945264114,0.9903985237938927,0.8313571134420962
1789976826.540855,5.989559011227504,1.0098137193889618,0.8431445715787741
1789976826.640587,6.00643787036345,1.0295900705356686,0.8642813442113733
1789976826.7408648,6.02279146847101,1.0498029322663915,0.8905499694707731
1789976826.840437,6.038276344330437,1.0706887784313688,0.9328185928824286
1789976826.9407692,6.052200850065573,1.0926457383858141,1.0056280506613593
1789976827.0400288,6.06485620036405,1.115357895025635,1.0624375058176856
1789976827.1410491,6.076944237657946,1.1383770024103774,1.0872469624343257
1789976827.2409782,6.088783247840278,1.1615251727119709,1.0980348931464299
1789976827.3406618,6.100138249690991,1.1849145695271786,1.1188349010261633
1789976827.4402988,6.110896483179835,1.2085843891844645,1.1441959852191548
1789976827.5409517,6.121011596200319,1.2325360997495116,1.1712039949211217
1789976827.640822,6.130530760702976,1.2567308400370263,1.19595838802186
1789976827.7420354,6.139408267635183,1.281168307603809,1.2223450304779142
1789976827.8404396,6.147678437806044,1.3058179371295024,1.247089038959417
1789976827.9407012,6.155348413028846,1.3306608723524294,1.2713417941543188
1789976828.0418355,6.16259676756985,1.3556300795256024,1.2882698198619211
1789976828.140202,6.16943738070624,1.3807140577253854,1.304561785406145
1789976828.2409449,6.175930177836194,1.4058903071648512,1.3184021705600342
1789976828.3408055,6.182168404397159,1.4311308396430498,1.328500728851827
1789976828.4409237,6.185407483820563,1.444236501738984,1.328500728851827
1789976828.540724,6.188544958375467,1.4573668584706672,1.3362461387949909
1789976828.6406446,6.191682432930372,1.4704972152023503,1.3362461387949909
1789976828.7407115,6.194609429147829,1.4836760887364169,1.3522461391824212
1789976828.8411305,6.199121293956159,1.5092816159983244,1.396380082501742
1789976828.9405236,6.202624484756306,1.5350445274142863,1.4356471665042374
1789976829.0407555,6.205317085522046,1.560904725625539,1.4670487396257847
1789976829.1409643,6.207355092726541,1.586824727111715,1.492330940051648
1789976829.2402682,6.20886048918559,1.612781108444829,1.5128640614288775
1789976829.3406208,6.209928049443045,1.6387591812275748,1.5297247692781417
1789976829.4404745,6.2106215344598,1.66440829322161,1.5437655232685534
1789976829.5407617,6.210958399892979,1.6866460423650644,1.5556491251873703
1789976829.6411986,6.210834558521685,1.6963855562750312,1.583510996012661
1789976829.7404175,6.210834558521685,1.6963855562750312,1.6272862117576334
1789976829.840586,6.210834558521685,1.6963855562750312,1.6870614256548615
1789976829.940354,6.210834558521685,1.6963855562750312,1.7627547141003337
1789976830.0404072,6.210834558521685,1.6963855562750312,1.8224479999232026
1789976830.1407366,6.210834558521685,1.6963855562750312,1.8501412872063847
1789976830.241186,6.210834558521685,1.6963855562750312,1.8501412872063847
1789976830.3407183,6.210834558521685,1.6963855562750312,1.8501412872063847
1789976830.4410803,6.210834558521685,1.6963855562750312,1.8501412872063847
1789976830.5400496,6.210834558521685,1.6963855562750312,1.8501412872063847
1789976830.6401615,6.210834558521685,1.6963855562750312,1.8501412872063847
1789976830.7423346,6.210834558521685,1.6963855562750312,1.8501412872063847
1789976830.8402054,6.210834558521685,1.6963855562750312,1.8501412872063847
1789976830.940771,6.210834558521685,1.6963855562750312,1.8501412872063847
1789976831.0398395,6.210834558521685,1.6963855562750312,1.8501412872063847
1789976831.1404278,6.210834558521685,1.6963855562750312,1.8501412872063847
1789976831.2406085,6.210834558521685,1.6963855562750312,1.8501412872063847
1789976831.34092,6.210834558521685,1.6963855562750312,1.8501412872063847
1789976831.4410698,6.210834558521685,1.6963855562750312,1.8501412872063847
1789976831.5408802,6.210834558521685,1.6963855562750312,1.8501412872063847
1789976831.6417508,6.210834558521685,1.6963855562750312,1.8501412872063847
1789976831.7409396,6.210834558521685,1.6963855562750312,1.8501412872063847
1789976831.840754,6.210834558521685,1.6963855562750312,1.8501412872063847
1789976831.9407942,6.210834558521685,1.6963855562750312,1.8501412872063847
1789976832.0408661,6.210834558521685,1.6963855562750312,1.8501412872063847
1789976832.1406868,6.210834558521685,1.6963855562750312,1.8501412872063847
1789976832.2405343,6.210834558521685,1.6963855562750312,1.8501412872063847
1789976832.340908,6.210834558521685,1.6963855562750312,1.8501412872063847
1789976832.4400074,6.210834558521685,1.6963855562750312,1.8501412872063847
1789976832.540841,6.210834558521685,1.6963855562750312,1.8501412872063847
1789976832.640865,6.210834558521685,1.6963855562750312,1.8501412872063847
1789976832.7397711,6.210834558521685,1.6963855562750312,1.8501412872063847
1789976832.8402283,6.210834558521685,1.6963855562750312,1.8501412872063847
1789976832.939946,6.210834558521685,1.6963855562750312,1.8501412872063847
1789976833.041256,6.210834558521685,1.6963855562750312,1.8501412872063847
1789976833.140681,6.210834558521685,1.6963855562750312,1.8501412872063847
1789976833.2410944,6.210834558521685,1.6963855562750312,1.8501412872063847
1789976833.3403203,6.210834558521685,1.6963855562750312,1.8501412872063847
1789976833.4401457,6.210834558521685,1.6963855562750312,1.8501412872063847
1789976833.5402243,6.210834558521685,1.6963855562750312,1.8501412872063847
1789976833.6414783,6.210834558521685,1.6963855562750312,1.8501412872063847
1789976833.740508,6.210834558521685,1.6963855562750312,1.8501412872063847
1789976833.840415,6.210834558521685,1.6963855562750312,1.8501412872063847
1789976833.9403296,6.210834558521685,1.6963855562750312,1.8501412872063847
1789976834.0411875,6.210834558521685,1.6963855562750312,1.8501412872063847
1789976834.1406229,6.210834558521685,1.6963855562750312,1.8501412872063847
1789976834.240439,6.210834558521685,1.6963855562750312,1.8501412872063847
1789976834.3411958,6.210834558521685,1.6963855562750312,1.8501412872063847
1789976834.4399889,6.210834558521685,1.6963855562750312,1.8501412872063847
1789976834.5405471,6.210834558521685,1.6963855562750312,1.8501412872063847
1789976834.6406267,6.210834558521685,1.6963855562750312,1.8501412872063847
1789976834.7410643,6.210834558521685,1.6963855562750312,1.8501412872063847
1789976834.8407185,6.210834558521685,1.6963855562750312,1.8501412872063847
1789976834.9413373,6.210834558521685,1.6963855562750312,1.8501412872063847
1789976835.0409117,6.210834558521685,1.6963855562750312,1.8501412872063847
1789976835.141066,6.210834558521685,1.6963855562750312,1.8501412872063847
1789976835.2399986,6.210834558521685,1.6963855562750312,1.8501412872063847
1789976835.3398128,6.210834558521685,1.6963855562750312,1.8501412872063847
1789976835.4404385,6.204442316247568,1.720554528919912,1.8293573681103918
1789976835.540608,6.197914707431411,1.7457217749661558,1.8245734494018286
1789976835.6405911,6.190704646737684,1.7707020667018765,1.8517895314681265
1789976835.7408478,6.183186578236401,1.7955913936598107,1.8641418974685406
1789976835.8404236,6.175430766430768,1.8204076652098349,1.873707881926272
1789976835.940504,6.167251385511405,1.8450875695488897,1.890822689964149
1789976836.0405638,6.1585564391019165,1.8695905868599283,1.9117871463137597
1789976836.1402433,6.14927669311717,1.8938781611494189,1.9357578158217394
1789976836.2406363,6.1393489987418475,1.9179081597927627,1.9625766113239254
1789976836.3407202,6.128804676868565,1.9416740434633009,1.9883777163761582
1789976836.440495,6.117467578162753,1.9650721233704986,2.021992456151816
1789976836.5407026,6.105419268564785,1.9881120492870559,2.052620614303919
1789976836.6403337,6.092742773696081,2.0108124111399572,2.0800863697963674
1789976836.7411957,6.079480416783477,2.033175546866676,2.106086528285118
1789976836.8404946,6.065698119896733,2.0552220486965482,2.129501095398041
1789976836.940233,6.051408043593873,2.07694286059821,2.152703645064207
1789976837.0403373,6.0366533837154055,2.0983508021685635,2.1742468416529617
1789976837.1405063,6.021471203125669,2.119457704900835,2.1943577609795053
1789976837.240125,6.005887505583572,2.140269920576379,2.2135139211851076
1789976837.340676,5.989918410421188,2.1607879114649546,2.232163063420625
1789976837.4404285,5.973603443246172,2.181031967295916,2.2491329528230146
1789976837.5405917,5.9567906115739815,2.2008644820525354,2.273977338506551
1789976837.6403272,5.939587589463661,2.2203595065634403,2.2938198022383167
1789976837.7405307,5.9220592593356844,2.2395625686456597,2.3106320213365272
1789976837.83956,5.904256947190236,2.258511912504616,2.324994277192922
1789976837.9403987,5.886203449955001,2.277222101920715,2.3383338671016407
1789976838.0396745,5.8679393536518925,2.295726769889628,2.3496517564940165
1789976838.1406612,5.8494691423223015,2.3140257109477655,2.3608524445283123
1789976838.240545,5.830821584111897,2.3321438930640404,2.3705921199011515
1789976838.3404357,5.8120000104945735,2.3500812372648023,2.380244679360361
1789976838.4404728,5.793018156883666,2.3678488815628804,2.389222635871441
1789976838.540693,5.773480620283334,2.385003607267468,2.4210438495340654
1789976838.6406844,5.753603036055943,2.401763129805175,2.4410965559842897
1789976838.7405107,5.733517013877713,2.4182722685914535,2.4536269804301574
1789976838.8404596,5.713305139418118,2.434627086879606,2.461285928248138
1789976838.9402113,5.693017113585919,2.450887343896054,2.465955623688818
1789976839.04046,5.67268391050196,2.467091071947199,2.4687388446952117
1789976839.140813,5.652325079438199,2.4832625885157276,2.470322028065742
1789976839.2408366,5.631952387117054,2.4994166393388766,2.471179631359586
1789976839.3406756,5.61157316218539,2.5155624481322936,2.471584129119469
1789976839.4406207,5.591192171328271,2.531706027725771,2.471693510284126
1789976839.54075,5.570576848888904,2.5475492733253904,2.486345004384816
1789976839.641164,5.549853339108586,2.563250741180149,2.493204278407097
1789976839.7424328,5.529089939448624,2.578899421155457,2.4957490739426014
1789976839.8427436,5.5083327429763145,2.594556328417713,2.4953527748714572
1789976839.9407487,5.487604173815452,2.6102511164364235,2.493526570372227
1789976840.0408983,5.466929042224728,2.6260162324878578,2.4901293878107698
1789976840.1405485,5.446303237385783,2.6418458289816007,2.487006921566966
1789976840.2412293,5.425731301184892,2.6577453695836244,2.483611393593195
1789976840.3410513,5.405211477395174,2.6737121094527354,2.4803407034500866
1789976840.441213,5.3847429707612084,2.689744582330749,2.4771333050578264
1789976840.540666,5.364366205725692,2.7058934955169764,2.47143178867543
1789976840.6406205,5.3440460175361375,2.722113541828564,2.4679360452703563
1789976840.7409258,5.323761733969633,2.738378466992934,2.465725508717763
1789976840.840561,5.303500130165951,2.754671636166288,2.4643323215785795
1789976840.9405987,5.283253407959359,2.7709832942763044,2.4634194753961065
1789976841.040696,5.263051458578005,2.787350370728809,2.4606792960212927
1789976841.1408634,5.2429115269709685,2.803793700843869,2.4568989283302223
1789976841.2410555,5.222859482241309,2.820344092155517,2.451571449906508
1789976841.3401065,5.20291751996365,2.837026960341934,2.444946637832502
1789976841.4398193,5.183062849366947,2.853813621889286,2.439730461583416
1789976841.5401177,5.163277665231148,2.8706821262427096,2.435601148278396
1789976841.6414087,5.143548079091007,2.88761562502907,2.4323115239748168
1789976841.7405953,5.123863271646329,2.9046011572925843,2.4296711968155016
1789976841.840414,5.104214828558597,2.921628741814092,2.427532942722495
1789976841.9409902,5.084596225735384,2.938690698726297,2.4257822440834147
1789976842.0399032,5.065002436269055,2.955781145319588,2.4243291485485985
1789976842.139855,5.047815419832391,2.9708094979516395,2.4231017385506437
1789976842.2403948,5.039938798351183,2.9774941083139312,2.4378743288004205
1789976842.341695,5.039938798351183,2.9774941083139312,2.468542990543823
1789976842.4400659,5.039938798351183,2.9774941083139312,2.514856787481289
1789976842.5401256,5.039938798351183,2.9774941083139312,2.5771705870413593
1789976842.640166,5.039938798351183,2.9774941083139312,2.6554343615555576
1789976842.7407181,5.039938798351183,2.9774941083139312,2.749688518502694
1789976842.8406432,5.039938798351183,2.9774941083139312,2.8496885214829266
1789976842.940603,5.039938798351183,2.9774941083139312,2.949688524463159
1789976843.0406673,5.039938798351183,2.9774941083139312,3.0336885248207874
1789976843.1404073,5.039938798351183,2.9774941083139312,3.0856885244035546
1789976843.241445,5.039938798351183,2.9774941083139312,3.105688525446636
1789976843.3406205,5.039938798351183,2.9774941083139312,3.105688525446636
1789976843.440614,5.039938798351183,2.9774941083139312,3.105688525446636
1789976843.5408876,5.039938798351183,2.9774941083139312,3.105688525446636
1789976843.6400087,5.039938798351183,2.9774941083139312,3.105688525446636
1789976843.7398376,5.039938798351183,2.9774941083139312,3.105688525446636
1789976843.840481,5.039938798351183,2.9774941083139312,3.105688525446636
1789976843.9406881,5.039938798351183,2.9774941083139312,3.105688525446636
1789976844.0409641,5.039938798351183,2.9774941083139312,3.105688525446636
1789976844.141272,5.039938798351183,2.9774941083139312,3.105688525446636
1789976844.2411692,5.039938798351183,2.9774941083139312,3.105688525446636
1789976844.3406177,5.039938798351183,2.9774941083139312,3.105688525446636
1789976844.4417567,5.039938798351183,2.9774941083139312,3.105688525446636
1789976844.5400217,5.039938798351183,2.9774941083139312,3.105688525446636
1789976844.6405745,5.039938798351183,2.9774941083139312,3.105688525446636
1789976844.7411468,5.039938798351183,2.9774941083139312,3.105688525446636
1789976844.8404672,5.039938798351183,2.9774941083139312,3.105688525446636
1789976844.9408703,5.039938798351183,2.9774941083139312,3.105688525446636
1789976845.0408123,5.039938798351183,2.9774941083139312,3.105688525446636
1789976845.1397858,5.039938798351183,2.9774941083139312,3.105688525446636
1789976845.2396226,5.039938798351183,2.9774941083139312,3.105688525446636
1789976845.3406441,5.039938798351183,2.9774941083139312,3.105688525446636
1789976845.4405174,5.039938798351183,2.9774941083139312,3.105688525446636
1789976845.539923,5.039938798351183,2.9774941083139312,3.105688525446636
1789976845.6410418,5.039938798351183,2.9774941083139312,3.105688525446636
1789976845.741441,5.039938798351183,2.9774941083139312,3.105688525446636
1789976845.8401332,5.039938798351183,2.9774941083139312,3.105688525446636
1789976845.9400852,5.039938798351183,2.9774941083139312,3.105688525446636
1789976846.0400794,5.039938798351183,2.9774941083139312,3.105688525446636
1789976846.140375,5.039938798351183,2.9774941083139312,3.105688525446636
1789976846.2407799,5.039938798351183,2.9774941083139312,3.105688525446636
1789976846.340076,5.039938798351183,2.9774941083139312,3.105688525446636
1789976846.4400141,5.039938798351183,2.9774941083139312,3.105688525446636
1789976846.5399277,5.039938798351183,2.9774941083139312,3.105688525446636
1789976846.6398985,5.039938798351183,2.9774941083139312,3.105688525446636
1789976846.739807,5.039938798351183,2.9774941083139312,3.105688525446636
1789976846.840064,5.039938798351183,2.9774941083139312,3.105688525446636
1789976846.9399233,5.039938798351183,2.9774941083139312,3.105688525446636
1789976847.0408578,5.039938798351183,2.9774941083139312,3.105688525446636
1789976847.1422203,5.039938798351183,2.9774941083139312,3.105688525446636
1789976847.2403846,5.039938798351183,2.9774941083139312,3.105688525446636
1789976847.340686,5.039938798351183,2.9774941083139312,3.105688525446636
1789976847.4404552,5.039938798351183,2.9774941083139312,3.105688525446636
1789976847.5401447,5.039938798351183,2.9774941083139312,3.105688525446636
1789976847.6400154,5.039938798351183,2.9774941083139312,3.105688525446636
1789976847.7397978,5.039938798351183,2.9774941083139312,3.105688525446636
1789976847.8406997,5.039938798351183,2.9774941083139312,3.105688525446636
1789976847.9410584,5.039938798351183,2.9774941083139312,3.105688525446636
1789976848.0403903,5.039938798351183,2.9774941083139312,3.105688525446636
1789976848.1403499,5.039938798351183,2.9774941083139312,3.105688525446636
1789976848.2402372,5.039938798351183,2.9774941083139312,3.105688525446636
1789976848.3404856,5.039938798351183,2.9774941083139312,3.105688525446636
1789976848.4418752,5.039938798351183,2.9774941083139312,3.105688525446636
1789976848.541911,5.039938798351183,2.9774941083139312,3.105688525446636
1789976848.6413527,5.039938798351183,2.9774941083139312,3.105688525446636
1789976848.7404695,5.039938798351183,2.9774941083139312,3.105688525446636
1789976848.8410149,5.039938798351183,2.9774941083139312,3.105688525446636
1789976848.9412394,5.039938798351183,2.9774941083139312,3.105688525446636
1789976849.0406377,5.039938798351183,2.9774941083139312,3.105688525446636
1789976849.1408386,5.039938798351183,2.9774941083139312,3.105688525446636
1789976849.2405891,5.039938798351183,2.9774941083139312,3.105688525446636
1789976849.3412511,5.039938798351183,2.9774941083139312,3.105688525446636
1789976849.44055,5.039938798351183,2.9774941083139312,3.105688525446636
1789976849.5411403,5.039938798351183,2.9774941083139312,3.105688525446636
1789976849.6409738,5.039938798351183,2.9774941083139312,3.105688525446636
1789976849.7398212,5.039938798351183,2.9774941083139312,3.105688525446636
1789976849.840101,5.039938798351183,2.9774941083139312,3.105688525446636
1789976849.9398797,5.039938798351183,2.9774941083139312,3.105688525446636
1789976850.0407999,5.039938798351183,2.9774941083139312,3.105688525446636
1789976850.1409307,5.039938798351183,2.9774941083139312,3.105688525446636
1789976850.2400832,5.039938798351183,2.9774941083139312,3.105688525446636
1789976850.3397667,5.039938798351183,2.9774941083139312,3.105688525446636
1789976850.4406292,5.039938798351183,2.9774941083139312,3.105688525446636
1789976850.5423155,5.039938798351183,2.9774941083139312,3.105688525446636
1789976850.6404417,5.039938798351183,2.9774941083139312,3.1216885258340668
1789976850.7412555,5.039938798351183,2.9774941083139312,-3.1294967805706593
1789976850.8404262,5.039938798351183,2.9774941083139312,-3.0817519804202647
1789976850.9405894,5.039938798351183,2.9774941083139312,-3.018007182117614
1789976851.0406547,5.039938798351183,2.9774941083139312,-2.9383924146854015
1789976851.1408916,5.039938798351183,2.9774941083139312,-2.842887284394416
1789976851.2414117,5.039938798351183,2.9774941083139312,-2.742887281414184
1789976851.3406937,5.039938798351183,2.9774941083139312,-2.642887278433952
1789976851.4413228,5.029612974331847,2.9704494395267047,-2.5428872754537197
1789976851.5404134,5.010471085269788,2.9543687653139803,-2.4428872724734876
1789976851.6412625,4.992126728874097,2.935943659104332,-2.3539983829223248
1789976851.7419124,4.975490427631461,2.91596283251049,-2.265109493371162
1789976851.8412876,4.960693542335411,2.8945840548105255,-2.176220603819999
1789976851.9405918,4.94785290968937,2.87197613355141,-2.0873317142688363
1789976852.039876,4.937069919760112,2.8483175816389523,-1.9984428247176738
1789976852.1411014,4.928038480015883,2.823936583985958,-1.925553937789115
1789976852.241301,4.920236785556027,2.79913469869544,-1.8755573114120092
1789976852.3419604,4.912896785915151,2.7741922778890937,-1.8569951241575808
1789976852.441215,4.905381529617008,2.7493021016506223,-1.864028911080274
1789976852.5409334,4.897581178063178,2.724499793974811,-1.8755031665526956
1789976852.6411543,4.8891024310892846,2.699921128425973,-1.9029774224125473
1789976852.741539,4.880073927806471,2.675539043222259,-1.9254334998988238
1789976852.8406765,4.870637762098529,2.6513118121146566,-1.9422061228864518
1789976852.9413157,4.860878420658497,2.6272129489658314,-1.955580715622815
1789976853.0400536,4.850869912727463,2.603216496740484,-1.9659419851117461
1789976853.1410158,4.840641261982914,2.579313052336905,-1.9751337069757906
1789976853.241458,4.8302381753860075,2.5554850071030595,-1.9824427215122307
1789976853.3422022,4.819676178357422,2.531726973321261,-1.9891215588637317
1789976853.443772,4.808974477063285,2.5080315404317775,-1.9950095949434365
1789976853.5402567,4.798147596586888,2.484393041969338,-2.0002987770103537
1789976853.6412034,4.7871894811540585,2.4608150934459885,-2.005857628930422
1789976853.740441,4.776425489732887,2.437147891687143,-1.997639942329439
1789976853.8418689,4.765709972400834,2.4134587034630735,-1.995592739313903
1789976853.940587,4.754988059667434,2.3897724091613832,-1.9958627271205809
1789976854.040714,4.744198351901757,2.366116920226672,-1.998726792700651
1789976854.1417882,4.733336445170132,2.3424944958683973,-2.001781026899877
1789976854.2403765,4.722400686387363,2.318906169724857,-2.004909635961118
1789976854.3405972,4.711377172231619,2.2953587264227266,-2.008633146688404
1789976854.4405324,4.700275338687063,2.271848106644467,-2.011961771428647
1789976854.540549,4.689097952985681,2.248373311665778,-2.0151777520515646
1789976854.6417134,4.677850851947978,2.224931838404555,-2.0181496544480946
1789976854.7402768,4.666910094541263,2.2013458303112734,-2.0051215572953844
1789976854.8404284,4.65624508887174,2.177633858556947,-1.9934614984989787
1789976854.9406087,4.645707852020837,2.153864832704866,-1.988079618729713
1789976855.0399857,4.635189473124523,2.1300874557300498,-1.9872863745522373
1789976855.1402652,4.6246168431334,2.1063341518444902,-1.9895691557061548
1789976855.2409015,4.613966176225777,2.082615736112579,-1.9928568750825397
1789976855.3408473,4.603215643065508,2.0589424180692864,-1.9970713697579379
1789976855.4403853,4.59235118866372,2.035321165330272,-2.0018888792228577
1789976855.540318,4.581373055078279,2.0117525308049298,-2.006706816723632
1789976855.6399732,4.570285288901254,1.9882352734900863,-2.0113635149058573
1789976855.7403293,4.559464993686851,1.9645937599623509,-2.0000202127006523
1789976855.8406992,4.548874184020731,1.940848556214542,-1.9903346397188182
1789976855.9401238,4.53834649396637,1.9170753003893874,-1.9876780058462789
1789976856.0406766,4.527767615278851,1.8933247787925112,-1.9898322375231112
1789976856.1410704,4.517094515919009,1.8696164490229157,-1.9938028582111622
1789976856.2411478,4.5062869770257645,1.8459691013179418,-1.999480706334176
1789976856.341093,4.495328165439619,1.8223914763521334,-2.0058871547431374
1789976856.4410036,4.484212938749829,1.7988871855514408,-2.0125315117389584
1789976856.5407412,4.472941033385288,1.7754576294339688,-2.0192080619484805
1789976856.6406019,4.461516555250477,1.7521020894111783,-2.0257303197608016
1789976856.7407892,4.4499475950482505,1.7288177790231027,-2.0319259487763666
1789976856.8404825,4.438300205108294,1.7055726019320259,-2.035297129835995
1789976856.9409628,4.4265525019166025,1.6823779598755324,-2.039617262754651
1789976857.0407238,4.414697381573297,1.6592380361061103,-2.0442538426928842
1789976857.140792,4.40272737919191,1.6361573300207557,-2.049224861126455
1789976857.2404535,4.390646833165231,1.6131342902973347,-2.0540202820413436
1789976857.340876,4.378456037710617,1.5901694376613458,-2.058814988259288
1789976857.4411883,4.366160310590057,1.5672605955914012,-2.0633897879832115
1789976857.5410511,4.35376576704074,1.54440506583134,-2.0677082685493553
1789976857.6411433,4.3412759423266944,1.521601464602119,-2.071881848920199
1789976857.740414,4.328698683994168,1.4988459702491979,-2.075720095049652
1789976857.8400397,4.316134584862716,1.4760832075999941,-2.0751419006470284
1789976857.9413803,4.303515630458808,1.4533508091308265,-2.077553376704051
1789976858.0411694,4.290815463183824,1.4306636827901817,-2.0811294944580334
1789976858.1406581,4.277975472164593,1.4080553971179994,-2.0873033338781135
1789976858.2405548,4.264915683327373,1.3855733628253437,-2.0970524808015365
1789976858.3405445,4.251603571559108,1.3632398089057776,-2.108312860279872
1789976858.4408984,4.237998075388222,1.3410837617774438,-2.1215015669908066
1789976858.5410979,4.224129578398393,1.3190913826052844,-2.1334158176179665
1789976858.64014,4.210055079778227,1.2972302655478263,-2.1428107408430117
1789976858.740535,4.19581811713229,1.275474603180821,-2.1502603176604644
1789976858.8407536,4.181452051354987,1.253803975490531,-2.1562061514328854
1789976858.9407237,4.166982505286978,1.2322023045599135,-2.160988892204656
1789976859.0417469,4.152429178584291,1.2106569887744856,-2.1648723860826036
1789976859.1408374,4.1378071977005275,1.189158206821924,-2.1680623297203026
1789976859.2410717,4.123465172123075,1.1681911325758476,-2.170720896180316
1789976859.3417683,4.110994510029372,1.1500475885966979,-2.172970472424819
1789976859.4412563,4.105712632147569,1.142131996169702,-2.159220048561289
1789976859.5405588,4.105712632147569,1.142131996169702,-2.129463858678534
1789976859.6408656,4.105712632147569,1.142131996169702,-2.0836878714706444
1789976859.7411394,4.105712632147569,1.142131996169702,-2.0220000503208184
1789976859.8401577,4.105712632147569,1.142131996169702,-1.9445515421773933
1789976859.940678,4.105712632147569,1.142131996169702,-1.851103031411364
1789976860.0402317,4.105712632147569,1.142131996169702,-1.7511030284311317
1789976860.140706,4.105712632147569,1.142131996169702,-1.6511030254508996
1789976860.2407374,4.105712632147569,1.142131996169702,-1.5511030224706674
1789976860.3410485,4.105712632147569,1.142131996169702,-1.4511030194904355
1789976860.4407556,4.105712632147569,1.142131996169702,-1.3511030165102031
1789976860.5406256,4.105712632147569,1.142131996169702,-1.2511030135299708
1789976860.6415453,4.105712632147569,1.142131996169702,-1.1511030105497386
1789976860.7410235,4.105712632147569,1.142131996169702,-1.0511030075695067
1789976860.8402896,4.105712632147569,1.142131996169702,-0.9511030045892745
1789976860.9405012,4.105712632147569,1.142131996169702,-0.8511030016090424
1789976861.0407019,4.105712632147569,1.142131996169702,-0.7511029986288102
1789976861.1413229,4.105712632147569,1.142131996169702,-0.6511029956485781
1789976861.2400334,4.105712632147569,1.142131996169702,-0.551102992668346
1789976861.3406794,4.105712632147569,1.142131996169702,-0.4511029896881138
1789976861.441087,4.105712632147569,1.142131996169702,-0.35110298670788165
1789976861.5403826,4.105712632147569,1.142131996169702,-0.25110298372764955
1789976861.6414485,4.105712632147569,1.142131996169702,-0.16710298337002172
1789976861.7412076,4.105712632147569,1.142131996169702,-0.11510298378725414
1789976861.8410814,4.105712632147569,1.142131996169702,-0.09510298274417296
1789976861.9408429,4.105712632147569,1.142131996169702,-0.09510298274417296
1789976862.0403056,4.105712632147569,1.142131996169702,-0.09510298274417296
1789976862.1412709,4.105712632147569,1.142131996169702,-0.09510298274417296
1789976862.2407382,4.105712632147569,1.142131996169702,-0.09510298274417296
1789976862.3407478,4.105712632147569,1.142131996169702,-0.09510298274417296
1789976862.44126,4.105712632147569,1.142131996169702,-0.09510298274417296
1789976862.541211,4.105712632147569,1.142131996169702,-0.09510298274417296
1789976862.6414225,4.105712632147569,1.142131996169702,-0.09510298274417296
1789976862.7413442,4.105712632147569,1.142131996169702,-0.09510298274417296
1789976862.8413815,4.105712632147569,1.142131996169702,-0.09510298274417296
1789976862.9417675,4.105712632147569,1.142131996169702,-0.09510298274417296
1789976863.0404882,4.105712632147569,1.142131996169702,-0.09510298274417296
1789976863.1411693,4.105712632147569,1.142131996169702,-0.09510298274417296
1789976863.2402666,4.105712632147569,1.142131996169702,-0.09510298274417296
1789976863.3405774,4.105712632147569,1.142131996169702,-0.09510298274417296
1789976863.4406924,4.105712632147569,1.142131996169702,-0.09510298274417296
1789976863.540667,4.105712632147569,1.142131996169702,-0.09510298274417296
1789976863.6415904,4.105712632147569,1.142131996169702,-0.09510298274417296
1789976863.740403,4.130510964259996,1.1389629703822104,-0.12710298351903318
1789976863.840834,4.156037641884883,1.1340244807503412,-0.191102985068754
1789976863.9400551,4.181046238363559,1.126913218374669,-0.27704039864201896
1789976864.040123,4.20549676020631,1.1180717291321192,-0.3469778185333765
1789976864.1412945,4.229578200977431,1.1082694762892318,-0.38656567238231077
1789976864.2404685,4.253508884041452,1.0981047156674388,-0.4016660621013201
1789976864.3413339,4.277344874640378,1.0877198467430462,-0.41088197469671156
1789976864.4411817,4.301118519227226,1.0771930346203198,-0.4168447499718226
1789976864.5420063,4.324853226003917,1.0665787214238163,-0.4205283538993157
1789976864.6400673,4.348561630367877,1.0559057877632014,-0.4229995423551358
1789976864.7406416,4.372245545563439,1.0451786207831295,-0.42528823791962944
1789976864.8404872,4.395908941107048,1.0344062644134364,-0.42719708449167104
1789976864.9402635,4.419553241096495,1.0235920594765042,-0.42896629163023897
1789976865.0405397,4.443185158614186,1.0127508222387163,-0.43010988133919303
1789976865.1400943,4.466812792707405,1.0019002527805758,-0.43050481611589797
1789976865.2410045,4.490444523796462,0.9910586091716298,-0.4301270772675694
1789976865.3400679,4.514060613336859,0.9801829360784872,-0.4315675449064642
1789976865.4404414,4.5376210910749855,0.969187307894513,-0.4366529014399916
1789976865.54138,4.561143668039628,0.9581108317693454,-0.4400871672174604
1789976865.6421793,4.5846073757908545,0.9469101903156636,-0.4453723282060298
1789976865.7415905,4.607991163352882,0.9355436416018753,-0.45245516434970234
1789976865.840466,4.631561442176869,0.924569038804124,-0.43576068640413634
1789976865.9413798,4.655214061703403,0.9137730423266359,-0.42819632780465255
1789976866.0411904,4.678952422673771,0.9031669040638455,-0.42018395089271454
1789976866.1420412,4.702749094155927,0.8926922500466813,-0.41465186630102796
1789976866.2421036,4.726504927514639,0.8821253048002029,-0.4185335172778646
1789976866.341622,4.7501872278515185,0.8713945731772996,-0.4254387520692031
1789976866.4404113,4.773936122821446,0.8608120433230408,-0.4191896459526103
1789976866.5406787,4.797806797309033,0.8505071488589218,-0.40752921947005216
1789976866.639833,4.821787415747093,0.8404607619592904,-0.3967247026479526
1789976866.7419052,4.845835293932944,0.8305764559559633,-0.38997536455008236
1789976866.84022,4.869941172524607,0.8208344557643739,-0.3840649057618064
1789976866.9403455,4.89401441824429,0.8110120939848079,-0.387400853212057
1789976867.0400987,4.918105169073058,0.8012327445731571,-0.38561477400089667
1789976867.1408598,4.942284701936988,0.791675017809377,-0.37643226775999233
1789976867.2407057,4.966609211017118,0.7824925231363776,-0.3609603775637882
1789976867.3407211,4.991127557664528,0.77384089738821,-0.3392234003144044
1789976867.4413278,5.015775207169943,0.7655648280151822,-0.32394661958987875
1789976867.5423882,5.04049388051694,0.7575033679505649,-0.31525211110438267
1789976867.6410956,5.065404070851867,0.7500547192216578,-0.2905576027902499
1789976867.74177,5.090653774879762,0.7438537195512307,-0.24082098081435135
1789976867.8416533,5.1160982722711195,0.7385079265408229,-0.20708435922588286
1789976867.9422183,5.141707577054374,0.734017552511048,-0.1735770039233104
1789976868.041509,5.167436374851836,0.7302720332805224,-0.14456141888822494
1789976868.1408112,5.193251129141117,0.7271739029745177,-0.11944266557420669
1789976868.240807,5.21912248384898,0.7245906964421457,-0.09951828941430031
1789976868.3406584,5.245028109018473,0.7223774330175458,-0.08522866442526755
1789976868.4406238,5.270955798806071,0.7204396887911227,-0.07459779493237928
1789976868.5409033,5.296898579755424,0.7187157203973201,-0.06635516211117709
1789976868.6406112,5.322852120448893,0.7171621194571272,-0.0597895005690594
1789976868.7402773,5.348813812604943,0.7157512719092238,-0.05429003443296132
1789976868.8406262,5.3747712248165005,0.7142637566359423,-0.05724338544259844
1789976868.9402742,5.400728728962796,0.7127778465094583,-0.057181547847176446
1789976869.0408688,5.426689415256673,0.7113486098041335,-0.05499836703256732
1789976869.140518,5.452654183636679,0.7099955564491034,-0.052064033723036036
1789976869.240726,5.4786238856154945,0.7087407538588728,-0.048280394575158425
1789976869.3403833,5.504598153194724,0.7075843049272259,-0.04449348564685352
1789976869.4410374,5.5305766719825575,0.7065276536133508,-0.040651632225672245
1789976869.5409462,5.556558800774999,0.7055638414833576,-0.037078193886737054
1789976869.6409166,5.5825441209310425,0.7046902930892449,-0.033604340659985965
1789976869.7410984,5.608532155506874,0.703901617430755,-0.030338334044972992
1789976869.8414576,5.634522446217685,0.7031911674490434,-0.027328401836166805
1789976869.9413178,5.660517523704371,0.7026853049478781,-0.019457478480945145
1789976870.0407014,5.686514863530347,0.7023134550027582,-0.014302409099946622
1789976870.1408982,5.712513324817692,0.7020306810659649,-0.010876135467151826
1789976870.2407038,5.738512373617546,0.701808393163124,-0.00854963919573537
1789976870.340501,5.764511745786545,0.701627846142135,-0.006944172256226454
1789976870.4405456,5.790511306476262,0.701476868161289,-0.005806878264593696
1789976870.5409737,5.816510983366662,0.7013474386294392,-0.004978079660395983
1789976870.6406794,5.842510735747726,0.7012341843477716,-0.0043559478452159794
1789976870.74011,5.868510540709292,0.701133723562205,-0.0038638861240549716
1789976870.8405182,5.894510383471933,0.7010435752017564,-0.0034672517069345155
1789976870.940759,5.9205102538625995,0.7009617823078981,-0.003145885837330553
1789976871.0407917,5.946510145905923,0.7008871891147811,-0.0028689730070263764
1789976871.1403883,5.9725100553157295,0.7008189169331185,-0.002625856254781844
1789976871.241125,5.998509979004196,0.7007563181881917,-0.0024076464500475403
1789976871.3414588,6.024509914023976,0.7006986174413992,-0.0022192613951128592
1789976871.4408464,6.0505098586401385,0.7006454162628765,-0.0020462006768875436
1789976871.5408206,6.07650981167365,0.7005965013965275,-0.0018813421922470042
1789976871.6404672,6.102509771478634,0.7005513289697078,-0.0017374019693319196
1789976871.741176,6.128509737108946,0.7005096440618112,-0.001603266433995998
1789976871.8405554,6.154509707526997,0.7004710607828827,-0.0014839728655728912
1789976871.9406013,6.180509682228495,0.70043548086712,-0.0013684587758704403
1789976872.0420392,6.206509660461846,0.7004025829310246,-0.001265305618473267
1789976872.1402435,6.232509641583901,0.7003720532457053,-0.001174218979032471
1789976872.2400787,6.258509625491857,0.7003439962504227,-0.0010791154521951893
1789976872.3398678,6.28450961160887,0.700318067037928,-0.0009972776055304775
1789976872.44018,6.310509599582273,0.7002940713749737,-0.0009229102784971132
1789976872.5406036,6.336509589141349,0.7002718601872029,-0.0008542765879626656
1789976872.6407661,6.3625095800740645,0.7002513197960449,-0.0007900151556912148
1789976872.740895,6.388509572171064,0.7002323101962361,-0.0007311385461452602
1789976872.840635,6.414509565286291,0.7002147483886262,-0.0006754542149809417
1789976872.9412093,6.440509559270626,0.7001985242239027,-0.0006240063989042531
1789976873.0409777,6.466509553980968,0.7001835085276121,-0.0005775268336964956
1789976873.1407893,6.492509549330495,0.7001696436975162,-0.0005332627408298763
1789976873.2407053,6.518509545220143,0.7001568317019391,-0.0004927690986753497
1789976873.3405092,6.544509541570486,0.7001449914698971,-0.00045539357252177837
1789976873.4403963,6.570509538310884,0.7001340412086229,-0.0004211639230580211
1789976873.5406268,6.596509535387067,0.7001239195777973,-0.000389293517402578
1789976873.6406977,6.6225095327470775,0.7001145553687523,-0.00036016190733967335
1789976873.7405338,6.648509530352539,0.7001058994519661,-0.00033291989475570105
1789976873.8408716,6.6745095281694224,0.7000979037658257,-0.0003075264061425109
1789976873.940593,6.700509526162734,0.7000905039855034,-0.000284606949755517
1789976874.0399933,6.72650952431058,0.7000836687140637,-0.0002628950680465536
1789976874.1397586,6.752509522591982,0.7000773618917309,-0.00024257010100159349
1789976874.2404974,6.778509520984173,0.7000715296532098,-0.00022431687630364297
1789976874.3410475,6.80450951946869,0.7000661246494945,-0.000207884767407851
1789976874.4409268,6.830509518033747,0.7000611220522335,-0.00019240759520711137
1789976874.5412369,6.856509516669541,0.700056501702271,-0.0001777057752430089
1789976874.6403475,6.88250951536441,0.7000522266847391,-0.00016442375799918807
1789976874.7409756,6.9085095141123665,0.7000482877547469,-0.00015149731352970264
1789976874.8402946,6.9345095129024035,0.7000446371367348,-0.00014040839069151545
1789976874.939709,6.960509511730742,0.7000412703395968,-0.00012949220272506778
1789976875.0398333,6.986509510591141,0.7000381609649519,-0.00011959133717276416
1789976875.1405835,7.012509509478078,0.7000352820407362,-0.00011072785873933456
1789976875.240127,7.038509508387552,0.7000326144046214,-0.00010260139297546544
1789976875.3406596,7.064509507317371,0.7000301530371074,-9.466798492452355e-05
1789976875.44031,7.090509506263796,0.7000278738124934,-8.766248847935644e-05
1789976875.5414572,7.116509505224953,0.7000257693430982,-8.09411336404331e-05
1789976875.642091,7.142509504197954,0.7000238166752022,-7.510261421250775e-05
1789976875.7413669,7.1685095031816255,0.7000220116718626,-6.942320797209689e-05
1789976875.840467,7.1945095021747125,0.7000203478209751,-6.39942672959748e-05
1789976875.9401753,7.220509501175802,0.7000188141053961,-5.8989062929892804e-05
1789976876.0396876,7.246509500183493,0.7000173967256214,-5.451460874894565e-05
1789976876.140687,7.272509499196852,0.700016087420407,-5.035789472751517e-05
1789976876.2399178,7.298509498214779,0.7000148721972621,-4.673935345911317e-05
1789976876.3403716,7.324509497236921,0.7000137507955083,-4.3130838278671035e-05
1789976876.4410012,7.350509496262525,0.7000127127646399,-3.9924265641477774e-05
1789976876.5398467,7.376509495291093,0.7000117518316437,-3.6958962758237845e-05
1789976876.6403906,7.4025094943223495,0.7000108666257204,-3.404638291915063e-05
1789976876.7402494,7.428509493355735,0.7000100463140444,-3.1550450242612264e-05
1789976876.840831,7.454509492391022,0.7000092886925199,-2.9139290475654892e-05
1789976876.9408,7.480509491427864,0.7000085864488328,-2.7009373573694262e-05
1789976877.0402715,7.506509490466106,0.7000079381056986,-2.493627530686382e-05
1789976877.140711,7.532509489505553,0.7000073400173212,-2.300339997729495e-05
1789976877.2411077,7.558509488545975,0.7000067859660953,-2.1309663319257766e-05
1789976877.3417892,7.584509487587249,0.7000062734476019,-1.971225047192604e-05
1789976877.4401975,7.610509486629243,0.7000057988384868,-1.82541974060868e-05
1789976877.5407698,7.636509485671903,0.700005362236233,-1.6792394993636602e-05
1789976877.6405537,7.662509484715085,0.7000049579260834,-1.5550390938923186e-05
1789976877.7398798,7.688509483758728,0.7000045844522663,-1.4364378106535012e-05
1789976877.839899,7.714509482802769,0.7000042397937359,-1.3256097807889942e-05
1789976877.940645,7.7405094818471385,0.7000039208280477,-1.2267911532859443e-05
1789976878.0409253,7.7665094808917825,0.7000036251139873,-1.137361812553195e-05
1789976878.1409786,7.792509479936672,0.700003351761213,-1.0513568626357994e-05
1789976878.2406304,7.81850947898177,0.7000030991427487,-9.716095136447223e-06
1789976878.3408794,7.8445094780270495,0.7000028658518302,-8.972727963740823e-06
1789976878.4406376,7.8705094770724795,0.7000026500086863,-8.30165968546126e-06
1789976878.539296,7.89650947611804,0.7000024505796205,-7.670348967536711e-06
1789976878.6403718,7.922509475163716,0.700002266797859,-7.0685295474604e-06
1789976878.7407758,7.948509474209483,0.7000020962373643,-6.5600192704629015e-06
1789976878.8409383,7.974509473255329,0.7000019384321347,-6.069432132438379e-06
1789976878.940866,8.000509472301246,0.7000017926188654,-5.6082028696557975e-06
1789976879.0417802,8.026509471347223,0.700001657929962,-5.180342626420752e-06
1789976879.14046,8.05250947039325,0.7000015331242987,-4.800217996869804e-06
1789976879.2413247,8.078509469439322,0.7000014182687794,-4.417520134136765e-06
1789976879.341854,8.104509468485428,0.7000013117541923,-4.096715034318522e-06
1789976879.4417186,8.130509467531567,0.7000012132079391,-3.790240649337306e-06
1789976879.540901,8.156509466577734,0.7000011222174947,-3.4996326041536467e-06
1789976879.6413553,8.182509465623925,0.700001038390736,-3.2241062206672666e-06
1789976879.7405596,8.208509464670135,0.7000009607329715,-2.986837208673876e-06
1789976879.8412695,8.234509463716362,0.7000008890895754,-2.755515337238279e-06
1789976879.941786,8.260509462762602,0.7000008226788635,-2.554258240028417e-06
1789976880.0397346,8.286509461808855,0.7000007611828312,-2.3652321012868067e-06
1789976880.140674,8.31250946085512,0.7000007046895753,-2.1728176116120324e-06
1789976880.2407184,8.338509459901392,0.7000006522444553,-2.017120076747148e-06
1789976880.3407578,8.364509458947673,0.700000603750207,-1.8651634641209114e-06
1789976880.4408123,8.390509457993959,0.7000005589413599,-1.7234172569047244e-06
1789976880.5405788,8.416509457040252,0.7000005175002043,-1.5938906594570312e-06
1789976880.6398213,8.44250945608655,0.7000004792307097,-1.4719036904864426e-06
1789976880.7404435,8.468509455132851,0.7000004439107484,-1.3584600999649865e-06
1789976880.84058,8.494509454179157,0.7000004111589045,-1.2596863490088595e-06
1789976880.941475,8.520509453225465,0.7000003808700954,-1.1649542419611691e-06
1789976881.0410001,8.546509452271776,0.7000003528136299,-1.0790948667960265e-06
1789976881.141454,8.572509451318089,0.7000003269446182,-9.949620252136524e-07
1789976881.2420561,8.598509450364404,0.7000003030019141,-9.208732709709011e-07
1789976881.3407543,8.62450944941072,0.7000002808369348,-8.524992329839165e-07
1789976881.440772,8.650509448457038,0.7000002604524884,-7.840171978301668e-07
1789976881.5408206,8.676509447503356,0.7000002415888679,-7.255238960723887e-07
1789976881.6411893,8.702509446549676,0.70000022413898,-6.711495563749281e-07
1789976881.7410069,8.728509445595996,0.7000002079880158,-6.211909568953899e-07
1789976881.84106,8.754509444642318,0.7000001929509524,-5.783486107802104e-07
1789976881.940736,8.78050944368864,0.7000001789450719,-5.386877282020918e-07
1789976882.0408282,8.806509442734962,0.7000001658958758,-5.018921802601994e-07
1789976882.1405764,8.832509441781285,0.7000001537141134,-4.6852934021401893e-07
1789976882.2401452,8.858509440827609,0.700000142337541,-4.3756049139531683e-07
1789976882.3407748,8.884509439873932,0.7000001317085747,-4.0880641494212e-07
1789976882.441047,8.910506110833245,0.6995841395906534,-0.016000380136580894
1789976882.541405,8.93647660939317,0.6983459332436163,-0.04764134264788211
1789976882.640124,8.96240803790504,0.6964588811132801,-0.07264280296167903
1789976882.7403905,8.988296887669298,0.6940573382149189,-0.09249888560971797
1789976882.8400195,9.014144367110044,0.6912452647860788,-0.1083686591615396
1789976882.9408467,9.039953791174462,0.6881030394803461,-0.12115097320875678
1789976883.0406995,9.065729162810605,0.6846927363519453,-0.13154455549320732
1789976883.1411884,9.091474430400522,0.6810621513945987,-0.14009571052393488
1789976883.2402132,9.116216221806937,0.6773927040778079,-0.14723642035624573
1789976883.3411295,9.137640233841358,0.6740828926238042,-0.1532789488812405
1789976883.4406784,9.146710798832872,0.6726815743340757,-0.1532789488812405
1789976883.540855,9.146710798832872,0.6726815743340757,-0.1532789488812405
1789976883.6403246,9.146710798832872,0.6726815743340757,-0.1532789488812405
1789976883.7407217,9.146710798832872,0.6726815743340757,-0.1532789488812405
1789976883.8400912,9.146710798832872,0.6726815743340757,-0.1532789488812405
1789976883.9409285,9.146710798832872,0.6726815743340757,-0.1532789488812405
1789976884.0414248,9.146710798832872,0.6726815743340757,-0.1532789488812405
1789976884.1411445,9.146710798832872,0.6726815743340757,-0.1532789488812405
1789976884.2406316,9.146710798832872,0.6726815743340757,-0.1532789488812405
1789976884.3412645,9.146710798832872,0.6726815743340757,-0.1532789488812405
1789976884.4414892,9.146710798832872,0.6726815743340757,-0.1532789488812405
1789976884.5419247,9.146710798832872,0.6726815743340757,-0.1532789488812405
1789976884.6411712,9.146710798832872,0.6726815743340757,-0.1372789484938104
1789976884.741162,9.146710798832872,0.6726815743340757,-0.1052789477189502
1789976884.841249,9.146710798832872,0.6726815743340757,-0.05724404878220168
1789976884.9401722,9.146710798832872,0.6726815743340757,0.006775233379987977
1789976885.0412,9.146710798832872,0.6726815743340757,0.08679451369443347
1789976885.1409838,9.146710798832872,0.6726815743340757,0.18215572559037607
1789976885.2412567,9.146710798832872,0.6726815743340757,0.2821557285706082
1789976885.3418272,9.146710798832872,0.6726815743340757,0.3821557315508404
1789976885.4395456,9.146710798832872,0.6726815743340757,0.48215573453107247
1789976885.5414689,9.146710798832872,0.6726815743340757,0.5821557375113047
1789976885.641016,9.146710798832872,0.6726815743340757,0.6821557404915369
1789976885.7402954,9.146710798832872,0.6726815743340757,0.7821557434717689
1789976885.840156,9.146710798832872,0.6726815743340757,0.8821557464520015
1789976885.9403715,9.153651185202941,0.6830777773445107,0.9821557494322342
1789976886.0404336,9.165454346461706,0.705116048245368,1.0790948780695482
1789976886.1410596,9.17564653685501,0.7290350617157343,1.1679837676207114
1789976886.2406735,9.183675152504991,0.7537644224263113,1.256872657171874
1789976886.3408399,9.189476799192741,0.779108866514108,1.345761546723036
1789976886.4419115,9.193005666921099,0.8048682733971224,1.4346504362741985
1789976886.5409508,9.194233891631924,0.8308392459331799,1.5235393258253607
1789976886.642248,9.193226352322212,0.8568197158086136,1.609557545415548
1789976886.7410553,9.190403661480135,0.8826660379225817,1.679575766853479
1789976886.8406563,9.186600615848855,0.9083863955082635,1.7175939875165493
1789976886.9405587,9.182642849241045,0.9340833998840081,1.723612207963553
1789976887.041005,9.17935399717414,0.95987454957709,1.6976304293120779
1789976887.1410544,9.177458742402237,0.9858053798715197,1.6437554538691916
1789976887.2405937,9.176546741548616,1.0117893788872974,1.6058804810489098
1789976887.3405747,9.176014883967616,1.037783937508718,1.5912538152630014
1789976887.4408,9.17561049281027,1.0637807915145547,1.5863504605809728
1789976887.5408106,9.175209487205661,1.0897776979634768,1.586220231387954
1789976887.641384,9.174728848937828,1.1157732540695582,1.5892834677511862
1789976887.7398658,9.17458453986931,1.1417728526299529,1.5763467042857815
1789976887.8405938,9.174750199241648,1.1677723239203712,1.5644247691297934
1789976887.9406776,9.17506618570745,1.1937704027525151,1.5586427015403312
1789976888.0405476,9.175383272445314,1.2197684681884202,1.558600380246018
1789976888.1407812,9.175615691126895,1.2457674283977322,1.5618570273485526
1789976888.2407324,9.175716061950833,1.2717672337067463,1.566935900759374
1789976888.3396327,9.175647389627281,1.2977671420627561,1.5734375731762993
1789976888.44097,9.175378178726522,1.3237657473311133,1.5811507776123035
1789976888.542227,9.174922287055555,1.3497617492005023,1.5883315210905415
1789976888.6413543,9.174265675775118,1.3757534558015576,1.5960532929491738
1789976888.7399528,9.173375227494212,1.40173820233232,1.6050510374572617
1789976888.8408742,9.171880369643036,1.4276951927282366,1.6283225847151621
1789976888.9407625,9.170000065702753,1.4536271114289632,1.6431789001193389
1789976889.0397773,9.167887994970107,1.4795411830432277,1.6521194275212032
1789976889.1405885,9.165632425705647,1.5054431589852704,1.657658181313847
1789976889.2418635,9.163281125153732,1.5313366202472087,1.661354691416447
1789976889.3405414,9.160861504392432,1.5572237866773226,1.663993522685443
1789976889.4406145,9.158380302708826,1.5831051233625522,1.666372609951024
1789976889.5404315,9.155843956388859,1.6089811141214414,1.6685035011008873
1789976889.641768,9.15324680830157,1.6348510729969719,1.6708535107061753
1789976889.7404366,9.15058893688674,1.660714863708141,1.6732010420620933
1789976889.8415682,9.148565452963286,1.6866360030199163,1.648701414114286
1789976889.9408274,9.146930814202875,1.712584565726392,1.6337085429788125
1789976890.0403006,9.145483099915227,1.7385442281616064,1.6265064602926866
1789976890.140245,9.144105910623072,1.764507727541746,1.6237899480596676
1789976890.239778,9.14272392829755,1.7904709722399896,1.6239745555654659
1789976890.3412201,9.141280699452878,1.8164308844299577,1.6263336760201057
1789976890.439601,9.139754580000027,1.8423860555876397,1.6295269883446892
1789976890.5407917,9.138088388050575,1.8683326113281713,1.6349245797120524
1789976890.6399086,9.13629242263505,1.894270507515703,1.6399269721679879
1789976890.7404525,9.134328199673789,1.9201962047786,1.6464154140301532
1789976890.8401108,9.132610655617365,1.9461394118437103,1.6369038560636824
1789976890.9404755,9.13145320686203,1.972113634888639,1.6153283053286855
1789976891.0401556,9.130579487218288,1.9980989492872194,1.6044072577007604
1789976891.1405346,9.129789493771119,2.024086943837826,1.6011853683949002
1789976891.2406805,9.12897258900126,2.0500741063802415,1.6022209139051409
1789976891.3431811,9.128041789228686,2.0760574387722253,1.606603970888493
1789976891.4420352,9.126946282443074,2.102034348043569,1.6129436820256091
1789976891.5405073,9.125666609006588,2.128002836376641,1.6200344306858752
1789976891.6411536,9.12414636758463,2.1539583524845494,1.6293005212652059
1789976891.7407484,9.122403891759607,2.179899896933717,1.6378649001451704
1789976891.8408751,9.120433241080992,2.205825106408508,1.646663344788787
1789976891.941309,9.118052518487724,2.231715879095758,1.6624910233052947
1789976892.0409913,9.11539982813937,2.257580201710601,1.6730007228883486
1789976892.14062,9.112555316649047,2.283424131458036,1.68042005165243
1789976892.2403612,9.10956356046015,2.3092514299097737,1.6861193278315048
1789976892.3402185,9.106445934206677,2.3350638369450074,1.6909942516567682
1789976892.4404247,9.103209573573666,2.3608616260026385,1.6955954420822241
1789976892.540439,9.099858042243511,2.386644705495824,1.7000610708700992
1789976892.6401403,9.096389081252955,2.412412248259055,1.7046169599028806
1789976892.740307,9.09280284258234,2.438163730597094,1.7091697431611397
1789976892.8416226,9.089106799589098,2.46389968242719,1.713435022949664
1789976892.9404778,9.086125865961476,2.4897282322338796,1.685700302242724
1789976893.0412788,9.08392525291468,2.5156349350852114,1.65553667586991
1789976893.1408381,9.082163183816801,2.5415751560346025,1.6386202048952256
1789976893.240972,9.080558982929686,2.5675256182640642,1.6325355779821553
1789976893.340834,9.078956445449816,2.593476183268213,1.632471478779
1789976893.4405792,9.077243204358561,2.619419674848418,1.636737996015829
1789976893.5414243,9.075354154670642,2.645350957918978,1.6435161622726737
1789976893.64107,9.073273043414328,2.671267534204201,1.6509247879051978
1789976893.7407384,9.07095924520263,2.6971643735527486,1.659906453687828
1789976893.8403838,9.068414766623379,2.723039565903119,1.6688177841269782
1789976893.9398623,9.065643844352936,2.7488914892393064,1.677573046881836
1789976894.0410435,9.062694035396689,2.7747236122169205,1.684495336610954
1789976894.1412003,9.05959715978174,2.800538517055685,1.6901903888696248
1789976894.2400317,9.0563519413697,2.8263351933506478,1.6959388036766472
1789976894.3406088,9.052950754758841,2.85211176954003,1.7019871995338622
1789976894.4398475,9.0493992138187,2.8778680601766773,1.7078224620336113
1789976894.5407693,9.045689983842973,2.903602114723058,1.7139474371933758
1789976894.6400735,9.041839771929657,2.929315454036175,1.7194280485176867
1789976894.740409,9.037839893420648,2.955005937144169,1.7252512019613209
1789976894.8403552,9.033703622518198,2.9806748135011594,1.7305624859893143
1789976894.940484,9.029841949995154,3.0063864341372395,1.7198737701886717
1789976895.0402977,9.026845655244074,3.032213206451518,1.6862950569504322
1789976895.1401808,9.02430380145813,3.058088656780736,1.6687163440996235
1789976895.2406023,9.02187866597836,3.083975307168797,1.6642065538579052
1789976895.3402042,9.019416051851866,3.1098584190773937,1.6656544507966764
1789976895.4408004,9.0168055127006,3.135727030090524,1.671371154070032
1789976895.5401752,9.014009105182575,3.1615762090988033,1.6785589154363991
1789976895.640095,9.010977707998586,3.187398884822319,1.6876543135867834
1789976895.740139,9.007709834363716,3.2131927009865753,1.6968170748577833
1789976895.8404155,9.00420665345362,3.238955613747365,1.7059451031984212
1789976895.9408228,9.000473723216622,3.2646862410668582,1.714868467256558
1789976896.0410483,8.997035598257394,3.290457916355315,1.7034203554989222
1789976896.1406934,8.993677224364339,3.3162401054633674,1.7003264651188081
1789976896.2409055,8.99025379014565,3.34201373633989,1.7028503427767578
1789976896.3403594,8.986705879894345,3.367770527352313,1.7076815002152148
1789976896.4408944,8.98297428177253,3.393501347896287,1.714816695872826
1789976896.5406976,8.979048233357217,3.419203217366222,1.7223780101650785
1789976896.640633,8.974914885349156,3.444872564546335,1.73044861783473
1789976896.7411146,8.97056594301387,3.470506266014779,1.7388533058130573
1789976896.8418133,8.966016198290363,3.4961050896861874,1.7466921292731001
1789976896.941348,8.961272004788986,3.5216685905894365,1.7542933414244486
1789976897.0423915,8.956666169698266,3.547257381759127,1.7488836884984202
1789976897.1422522,8.952092125403999,3.5728518747059117,1.7476414551047066
1789976897.2407649,8.947437320256313,3.5984318031547176,1.7507977501509169
1789976897.3419554,8.942646934763648,3.623986688347976,1.7561005963963847
1789976897.4407911,8.937718719587481,3.6495153515637875,1.7614968287778476
1789976897.5403259,8.932617640800519,3.675010036218008,1.768272665983198
1789976897.640298,8.927345180724739,3.70046983030905,1.7749994796720718
1789976897.741257,8.921906789100543,3.7258946970137314,1.781521325653551
1789976897.841225,8.91630731388768,3.7512845734953033,1.787861337980388
1789976897.9409752,8.910543579285637,3.776637666281907,1.7943354886976461
1789976898.0418334,8.904980905581551,3.8020356309970333,1.7864121130687574
1789976898.1414208,8.899477713261788,3.8274465503959973,1.7840707368237363
1789976898.2418358,8.893920730979266,3.852845760980594,1.7861880288944976
1789976898.3403983,8.888260073299195,3.878222066957587,1.790271699942782
1789976898.440097,8.882449377763008,3.9035644379554766,1.7961881562621738
1789976898.5408316,8.876483606674933,3.9288707519054307,1.8023117137627152
1789976898.6407092,8.870366412690121,3.9541408901749597,1.8082995771916066
1789976898.7420008,8.864085709680948,3.9793708866101456,1.8147751422153267
1789976898.8407204,8.857653914382135,4.004562789270388,1.82076824601008
1789976898.9409032,8.85105432905223,4.029711256895319,1.8274344428928055
1789976899.0398986,8.844306940365382,4.054820472261745,1.8333162473068985
1789976899.1403284,8.837839185853365,4.080003166755806,1.8221959182546892
1789976899.2400641,8.831482167865893,4.105214042835702,1.8178010581546875
1789976899.3407862,8.825098835436151,4.13041826901903,1.8188449691535382
1789976899.440831,8.818628139253013,4.155600207810839,1.822312733207032
1789976899.5419219,8.812018841842951,4.180746124738927,1.8278206522130815
1789976899.640513,8.805255797978019,4.205851127987083,1.8339397829511608
1789976899.7402668,8.79831031207125,4.230906270691283,1.8412141332888448
1789976899.8403912,8.791192996358475,4.255913145095207,1.848078784022613
1789976899.9404206,8.78390897132395,4.280871969781184,1.8547517098972044
1789976900.041281,8.776462324826944,4.305782758736124,1.8612735525259216
1789976900.1397219,8.76946496045176,4.330823462444484,1.8432853010037382
1789976900.240695,8.76257092345087,4.355892810346639,1.8391612889730773
1789976900.3402982,8.755664098322026,4.380958638021952,1.839671434894803
1789976900.4404852,8.748605814750292,4.405982238550852,1.8457189377999335
1789976900.5415733,8.741351503322818,4.430949715718603,1.8535614112994108
1789976900.6402586,8.733877330027596,4.455852259443329,1.862378750429157
1789976900.7405922,8.726140078722112,4.480674324076327,1.87296005269945
1789976900.841676,8.71816355958884,4.505420537785206,1.8826140482580698
1789976900.9403753,8.709952359896548,4.530089874015073,1.8921122242367305
1789976901.0411403,8.701480644890891,4.554670964212049,1.9026913360363282
1789976901.1411664,8.69283524805404,4.579191507924257,1.9097656874588171
1789976901.241388,8.683977742527075,4.603636232227237,1.9184292717507523
1789976901.3407714,8.674909341904224,4.628003506603999,1.9270703349864524
1789976901.439991,8.665602360736187,4.6522806574242,1.9368794192230743
1789976901.5412202,8.656053907508038,4.676463853891143,1.9468450952923337
1789976901.640105,8.646279089491895,4.700556443688842,1.95622301107705
1789976901.740561,8.636244550752144,4.724542022328712,1.9670270082211534
1789976901.8406126,8.625951436743138,4.74841777895351,1.977832087189559
1789976901.9406216,8.61536634168433,4.772165530699832,1.990093988985423
1789976902.0405,8.604486892763076,4.79577988103133,2.0025237613028324
1789976902.1403491,8.593334380983329,4.819266503423909,2.0141184177851716
1789976902.240261,8.58189659419681,4.842615528753353,2.026300227702264
1789976902.3407474,8.570162739098512,4.86581717944767,2.039020314500336
1789976902.4403691,8.55813666317083,4.888868718402597,2.0516558513647354
1789976902.5409222,8.545802802024289,4.911757052104001,2.065055131599907
1789976902.640379,8.53317887367585,4.934486688780868,2.0777721942073146
1789976902.7401006,8.520249614873062,4.9570440427307325,2.0912562356001176
1789976902.840649,8.507008845180419,4.979419966585521,2.105121500477795
1789976902.9411442,8.49347587941183,5.0016203897327305,2.1182312284266986
1789976903.0401669,8.479616655373798,5.023618613739967,2.1329942297792472
1789976903.1404624,8.465379742739353,5.045374308834543,2.150258018881683
1789976903.240446,8.450878183655798,5.066954501941998,2.1624715984469693
1789976903.3407521,8.436043123912041,5.0883068075038835,2.1780073330408376
1789976903.44168,8.420851315794687,5.109406781829328,2.194813967556362
1789976903.5406754,8.405289985126858,5.130235726551888,2.212439653710131
1789976903.6404264,8.389285447663362,5.1507260835763145,2.2338916037833734
1789976903.7411034,8.372865326821593,5.170884942223338,2.2543381926274346
1789976903.8401887,8.356063836494611,5.190727065930272,2.273405620888476
1789976903.9411402,8.338860389191499,5.2102217152294505,2.293841612771754
1789976904.0405996,8.321301894871496,5.22939720029824,2.312203950867657
1789976904.1408892,8.303374376367616,5.248228133113743,2.331622386411432
1789976904.2405286,8.284832196777037,5.266454145470802,2.364793211654428
1789976904.3402498,8.265825609082581,5.28419532848158,2.3906157587325607
1789976904.4403193,8.246452115697242,5.3015351008116065,2.4115326528108154
1789976904.5403404,8.22677537625761,5.318529978729195,2.429196334690455
1789976904.640688,8.206828196338066,5.335206607994916,2.4452594508087664
1789976904.7404225,8.186632590711856,5.351581511469427,2.4602917962378292
1789976904.8410344,8.166193755832907,5.367651793956054,2.47528475678027
1789976904.9404364,8.145547100401584,5.3834541852279205,2.4883252446210413
1789976905.0408576,8.124709161863255,5.39900347035238,2.500527509734633
1789976905.1415198,8.103705386690606,5.414328005546173,2.511270270929339
1789976905.2402618,8.082564109439927,5.429462282754511,2.5202989318078783
1789976905.3411512,8.061262805198169,5.444370481438759,2.5309522133922604
1789976905.4405143,8.039931197350377,5.459235287425955,2.532987855807546
1789976905.541454,8.018759106075503,5.474326427258895,2.5223378789281874
1789976905.640303,7.997792281198724,5.489701478640775,2.5088630542761114
1789976905.7406156,7.976989652536587,5.5052979715527774,2.4982601166373524
1789976905.8399987,7.956318552859044,5.521068373847267,2.489873681650165
1789976905.9407752,7.935753161185696,5.536976378616273,2.4831998857340247
1789976906.040129,7.915273160856549,5.552994166757183,2.4778505344545874
1789976906.1411197,7.894862628624106,5.569100380601452,2.473525544781837
1789976906.2406523,7.8745091402552205,5.585278620976307,2.4699917198760843
1789976906.340163,7.854203068030902,5.601516335754861,2.4670662400914765
1789976906.4410806,7.835936701765656,5.616196899599027,2.464603498079482
1789976906.5405915,7.8201323351955185,5.62895306813799,2.4625196235390785
1789976906.640459,7.813987237079457,5.633773291088907,2.4764357486876136
1789976906.740391,7.813987237079457,5.633773291088907,2.5063521335037837
1789976906.840628,7.813987237079457,5.633773291088907,2.5522864962133056
1789976906.9408379,7.813987237079457,5.633773291088907,2.6141161168130527
1789976907.0405717,7.813987237079457,5.633773291088907,2.6918206149848594
1789976907.140721,7.813987237079457,5.633773291088907,2.7855251157792704
1789976907.241263,7.813987237079457,5.633773291088907,2.885525118759503
1789976907.3405972,7.813987237079457,5.633773291088907,2.9855251217397356
1789976907.4409237,7.813987237079457,5.633773291088907,3.069525122097364
1789976907.5409734,7.813987237079457,5.633773291088907,3.121525121680131
1789976907.6403534,7.813987237079457,5.633773291088907,3.1415251227232126
1789976907.7403069,7.813987237079457,5.633773291088907,3.1415251227232126
1789976907.8405473,7.813987237079457,5.633773291088907,3.1415251227232126
1789976907.9403021,7.813987237079457,5.633773291088907,3.1415251227232126
1789976908.0407932,7.813987237079457,5.633773291088907,3.1415251227232126
1789976908.140943,7.813987237079457,5.633773291088907,3.1415251227232126
1789976908.2410347,7.813987237079457,5.633773291088907,3.1415251227232126
1789976908.3412178,7.813987237079457,5.633773291088907,3.1415251227232126
1789976908.4407227,7.813987237079457,5.633773291088907,3.1415251227232126
1789976908.5405397,7.813987237079457,5.633773291088907,3.1415251227232126
1789976908.6409132,7.813987237079457,5.633773291088907,3.1415251227232126
1789976908.740029,7.813987237079457,5.633773291088907,3.1415251227232126
1789976908.8403559,7.813987237079457,5.633773291088907,3.1415251227232126
1789976908.9403975,7.813987237079457,5.633773291088907,3.1415251227232126
1789976909.0402236,7.813987237079457,5.633773291088907,3.1415251227232126
1789976909.1413856,7.813987237079457,5.633773291088907,3.1415251227232126
1789976909.2416606,7.813987237079457,5.633773291088907,3.1415251227232126
1789976909.3418596,7.813987237079457,5.633773291088907,3.1415251227232126
1789976909.440952,7.813987237079457,5.633773291088907,3.1415251227232126
1789976909.540721,7.813987237079457,5.633773291088907,3.1415251227232126
1789976909.6399794,7.813987237079457,5.633773291088907,3.1415251227232126
1789976909.739941,7.813987237079457,5.633773291088907,3.1415251227232126
1789976909.8403196,7.813987237079457,5.633773291088907,3.1415251227232126
1789976909.9405591,7.813987237079457,5.633773291088907,3.1415251227232126
1789976910.0409229,7.813987237079457,5.633773291088907,3.1415251227232126
1789976910.1411939,7.813987237079457,5.633773291088907,3.1415251227232126
1789976910.240702,7.813987237079457,5.633773291088907,3.1415251227232126
1789976910.3409228,7.813987237079457,5.633773291088907,3.1415251227232126
1789976910.4399438,7.813987237079457,5.633773291088907,3.1415251227232126
1789976910.5399396,7.813987237079457,5.633773291088907,3.1415251227232126
1789976910.640075,7.813987237079457,5.633773291088907,3.1415251227232126
1789976910.7405078,7.813987237079457,5.633773291088907,3.1415251227232126
1789976910.842048,7.813987237079457,5.633773291088907,3.1415251227232126
1789976910.9406044,7.813987237079457,5.633773291088907,3.1415251227232126
1789976911.041078,7.813987237079457,5.633773291088907,3.1415251227232126
1789976911.1411815,7.813987237079457,5.633773291088907,3.1415251227232126
1789976911.2409456,7.813987237079457,5.633773291088907,3.1415251227232126
1789976911.3407083,7.813987237079457,5.633773291088907,3.1415251227232126
1789976911.440949,7.813987237079457,5.633773291088907,3.1415251227232126
1789976911.5417109,7.813987237079457,5.633773291088907,3.1415251227232126
1789976911.6410944,7.813987237079457,5.633773291088907,3.1415251227232126
1789976911.7403557,7.813987237079457,5.633773291088907,3.1415251227232126
1789976911.8418217,7.813987237079457,5.633773291088907,3.1415251227232126
1789976911.9406514,7.813987237079457,5.633773291088907,3.1415251227232126
1789976912.0409284,7.813987237079457,5.633773291088907,3.1415251227232126
1789976912.140248,7.813987237079457,5.633773291088907,3.1415251227232126
1789976912.2401462,7.813987237079457,5.633773291088907,3.1415251227232126
1789976912.3401387,7.813987237079457,5.633773291088907,3.1415251227232126
1789976912.440015,7.813987237079457,5.633773291088907,3.1415251227232126
1789976912.5397944,7.813987237079457,5.633773291088907,3.1415251227232126
1789976912.640123,7.813987237079457,5.633773291088907,3.1415251227232126
1789976912.7408314,7.813987237079457,5.633773291088907,3.1415251227232126
1789976912.840929,7.813987237079457,5.633773291088907,3.1415251227232126
1789976912.940847,7.813987237079457,5.633773291088907,3.1415251227232126
1789976913.0412457,7.813987237079457,5.633773291088907,3.1415251227232126
1789976913.1406553,7.813987237079457,5.633773291088907,3.1415251227232126
1789976913.2404864,7.813987237079457,5.633773291088907,3.1415251227232126
1789976913.3404584,7.813987237079457,5.633773291088907,3.1415251227232126
1789976913.4403312,7.813987237079457,5.633773291088907,3.1415251227232126
1789976913.540584,7.813987237079457,5.633773291088907,3.1415251227232126
1789976913.6407957,7.813987237079457,5.633773291088907,3.1415251227232126
1789976913.7399564,7.813987237079457,5.633773291088907,3.1415251227232126
1789976913.8398037,7.813987237079457,5.633773291088907,3.1415251227232126
1789976913.9399362,7.813987237079457,5.633773291088907,3.1415251227232126
1789976914.0411518,7.813987237079457,5.633773291088907,3.1415251227232126
1789976914.1399872,7.813987237079457,5.633773291088907,3.1415251227232126
1789976914.2406843,7.813987237079457,5.633773291088907,3.1415251227232126
1789976914.3409383,7.813987237079457,5.633773291088907,3.1415251227232126
1789976914.4405632,7.813987237079457,5.633773291088907,3.1415251227232126
1789976914.5405648,7.813987237079457,5.633773291088907,3.1415251227232126
1789976914.6409261,7.813987237079457,5.633773291088907,3.1415251227232126
1789976914.7396421,7.813987237079457,5.633773291088907,3.1415251227232126
1789976914.8406525,7.813987237079457,5.633773291088907,3.1415251227232126
1789976914.940823,7.813987237079457,5.633773291088907,3.1415251227232126
1789976915.0411417,7.813987237079457,5.633773291088907,3.1415251227232126
1789976915.1408834,7.813987237079457,5.633773291088907,3.1415251227232126
1789976915.240428,7.813987237079457,5.633773291088907,3.1415251227232126
1789976915.3409212,7.813987237079457,5.633773291088907,3.1415251227232126
1789976915.4402716,7.813987237079457,5.633773291088907,3.1415251227232126
1789976915.5403814,7.813987237079457,5.633773291088907,3.1415251227232126
1789976915.6406775,7.813987237079457,5.633773291088907,3.1415251227232126
1789976915.7407365,7.813987237079457,5.633773291088907,3.1415251227232126
1789976915.8422022,7.813987237079457,5.633773291088907,3.1415251227232126
1789976915.9407876,7.813987237079457,5.633773291088907,3.1415251227232126
1789976916.041333,7.813987237079457,5.633773291088907,3.1415251227232126
1789976916.1405964,7.813987237079457,5.633773291088907,3.1415251227232126
1789976916.2407877,7.813987237079457,5.633773291088907,3.1415251227232126
1789976916.3419287,7.813987237079457,5.633773291088907,3.1415251227232126
1789976916.4420807,7.813987237079457,5.633773291088907,3.1415251227232126
1789976916.5407348,7.813987237079457,5.633773291088907,3.1415251227232126
1789976916.6400838,7.813987237079457,5.633773291088907,3.1415251227232126
1789976916.7399094,7.813987237079457,5.633773291088907,3.1415251227232126
1789976916.8401859,7.813987237079457,5.633773291088907,3.1415251227232126
1789976916.9410725,7.813987237079457,5.633773291088907,3.1415251227232126
1789976917.0396395,7.813987237079457,5.633773291088907,3.1415251227232126
1789976917.1406395,7.813987237079457,5.633773291088907,3.1415251227232126
1789976917.2403362,7.813987237079457,5.633773291088907,3.1415251227232126
1789976917.3401937,7.813987237079457,5.633773291088907,3.1415251227232126
1789976917.440862,7.813987237079457,5.633773291088907,3.1415251227232126
1789976917.5416222,7.813987237079457,5.633773291088907,3.1415251227232126
1789976917.641014,7.813987237079457,5.633773291088907,3.1415251227232126
1789976917.7416248,7.813987237079457,5.633773291088907,3.1415251227232126
1789976917.8404891,7.813987237079457,5.633773291088907,3.1415251227232126
1789976917.9404607,7.813987237079457,5.633773291088907,3.1415251227232126
1789976918.041256,7.813987237079457,5.633773291088907,3.1415251227232126
1789976918.140401,7.813987237079457,5.633773291088907,3.1415251227232126
1789976918.240152,7.813987237079457,5.633773291088907,3.1415251227232126
1789976918.3402503,7.813987237079457,5.633773291088907,3.1415251227232126
1789976918.4402099,7.813987237079457,5.633773291088907,3.1415251227232126
1789976918.5403244,7.813987237079457,5.633773291088907,3.1415251227232126
1789976918.6407564,7.813987237079457,5.633773291088907,3.1415251227232126
1789976918.7403936,7.813987237079457,5.633773291088907,3.1415251227232126
1789976918.84025,7.813987237079457,5.633773291088907,3.1415251227232126
1789976918.94053,7.813987237079457,5.633773291088907,3.1415251227232126
1789976919.0406773,7.813987237079457,5.633773291088907,3.1415251227232126
1789976919.1409862,7.813987237079457,5.633773291088907,3.1415251227232126
1789976919.2400162,7.813987237079457,5.633773291088907,3.1415251227232126
1789976919.339905,7.813987237079457,5.633773291088907,3.1415251227232126
1789976919.4397714,7.813987237079457,5.633773291088907,3.1415251227232126
1789976919.5406168,7.813987237079457,5.633773291088907,3.1415251227232126
1789976919.640341,7.813987237079457,5.633773291088907,3.1415251227232126
1789976919.7416356,7.813987237079457,5.633773291088907,3.1415251227232126
1789976919.8403964,7.813987237079457,5.633773291088907,3.1415251227232126
1789976919.9404917,7.813987237079457,5.633773291088907,3.1415251227232126
1789976920.0397327,7.813987237079457,5.633773291088907,3.1415251227232126
1789976920.140988,7.813987237079457,5.633773291088907,3.1415251227232126
1789976920.2397652,7.813987237079457,5.633773291088907,3.1415251227232126
1789976920.3407252,7.813987237079457,5.633773291088907,3.1415251227232126
1789976920.4407117,7.813987237079457,5.633773291088907,3.1415251227232126
1789976920.5407836,7.813987237079457,5.633773291088907,3.1415251227232126
1789976920.639698,7.813987237079457,5.633773291088907,3.1415251227232126
1789976920.7399209,7.813987237079457,5.633773291088907,3.1415251227232126
1789976920.8412762,7.813987237079457,5.633773291088907,3.1415251227232126
1789976920.9400313,7.813987237079457,5.633773291088907,3.1415251227232126
1789976921.039941,7.813987237079457,5.633773291088907,3.1415251227232126
1789976921.1398456,7.813987237079457,5.633773291088907,3.1415251227232126
1789976921.2404761,7.813987237079457,5.633773291088907,3.1415251227232126
1789976921.3405042,7.813987237079457,5.633773291088907,3.1415251227232126
1789976921.4413412,7.813987237079457,5.633773291088907,3.1415251227232126
1789976921.540809,7.813987237079457,5.633773291088907,3.1415251227232126
1789976921.6403723,7.813987237079457,5.633773291088907,3.1415251227232126
1789976921.741591,7.813987237079457,5.633773291088907,3.1415251227232126
1789976921.8404875,7.813987237079457,5.633773291088907,3.1415251227232126
1789976921.9420207,7.813987237079457,5.633773291088907,3.1415251227232126
1789976922.040335,7.813987237079457,5.633773291088907,3.1415251227232126
1789976922.1402469,7.813987237079457,5.633773291088907,3.1415251227232126
1789976922.2402542,7.813987237079457,5.633773291088907,3.1415251227232126
1789976922.3415604,7.813987237079457,5.633773291088907,3.1415251227232126
1789976922.4400384,7.813987237079457,5.633773291088907,3.1415251227232126
1789976922.5403578,7.813987237079457,5.633773291088907,3.1415251227232126
1789976922.640803,7.813987237079457,5.633773291088907,3.1415251227232126
1789976922.7401452,7.813987237079457,5.633773291088907,3.1415251227232126
1789976922.839842,7.813987237079457,5.633773291088907,3.1415251227232126
1789976922.9403307,7.813987237079457,5.633773291088907,3.1415251227232126
1789976923.04002,7.813987237079457,5.633773291088907,3.1415251227232126
1789976923.1400278,7.813987237079457,5.633773291088907,3.1415251227232126
1789976923.240973,7.813987237079457,5.633773291088907,3.1415251227232126
1789976923.340978,7.813987237079457,5.633773291088907,3.1415251227232126
1789976923.4411256,7.813987237079457,5.633773291088907,3.1415251227232126
1789976923.539807,7.813987237079457,5.633773291088907,3.1415251227232126
1789976923.6400106,7.813987237079457,5.633773291088907,3.1415251227232126
1789976923.739771,7.813987237079457,5.633773291088907,3.1415251227232126
1789976923.840715,7.813987237079457,5.633773291088907,3.1415251227232126
1789976923.9409235,7.813987237079457,5.633773291088907,3.1415251227232126
1789976924.0402777,7.813987237079457,5.633773291088907,3.1415251227232126
1789976924.139967,7.813987237079457,5.633773291088907,3.1415251227232126
1789976924.2399752,7.813987237079457,5.633773291088907,3.1415251227232126
1789976924.3399963,7.813987237079457,5.633773291088907,3.1415251227232126
1789976924.4401035,7.813987237079457,5.633773291088907,3.1415251227232126
1789976924.5399914,7.813987237079457,5.633773291088907,3.1415251227232126
1789976924.6415977,7.813987237079457,5.633773291088907,3.1415251227232126
1789976924.7414558,7.813987237079457,5.633773291088907,3.1415251227232126
1789976924.8409138,7.813987237079457,5.633773291088907,3.1415251227232126
1789976924.9401271,7.813987237079457,5.633773291088907,3.1415251227232126
1789976925.0406299,7.813987237079457,5.633773291088907,3.1415251227232126
1789976925.1409206,7.813987237079457,5.633773291088907,3.1415251227232126
1789976925.2401967,7.813987237079457,5.633773291088907,3.1415251227232126
1789976925.3399184,7.813987237079457,5.633773291088907,3.1415251227232126
1789976925.4400518,7.813987237079457,5.633773291088907,3.1415251227232126
1789976925.53999,7.813987237079457,5.633773291088907,3.1415251227232126
1789976925.640244,7.813987237079457,5.633773291088907,3.1415251227232126
1789976925.7403488,7.813987237079457,5.633773291088907,3.1415251227232126
1789976925.8402069,7.813987237079457,5.633773291088907,3.1415251227232126
1789976925.9396875,7.813987237079457,5.633773291088907,3.1415251227232126
1789976926.0402806,7.801488850579498,5.633974126587854,3.125525122335782
1789976926.1408603,7.775505511647094,5.6349047437662705,3.1057920368524696
1789976926.2408555,7.749525827829879,5.635932352235689,3.1020589523153808
1789976926.3408322,7.723542306358266,5.636857858769002,3.105988725474706
1789976926.4409442,7.697554782741673,5.637663195149625,3.1106132212231365
1789976926.540566,7.671562642937505,5.638302428134965,3.1170042910749522
1789976926.6405902,7.645565983629445,5.638719147740467,3.125564289572319
1789976926.7412949,7.619566446410442,5.638874114855078,3.13563234444209
1789976926.8420906,7.593566781046623,5.638742390224292,-3.1365262997768477
1789976926.9412053,7.567570473456083,5.638304278289998,-3.1247413964442567
1789976927.0410523,7.54158290054825,5.637500534071344,-3.1106744875631884
1789976927.1412587,7.515607857788692,5.63636162931323,-3.0977746022365644
1789976927.2407591,7.489652812879572,5.634833364226765,-3.0827793249360873
1789976927.3408635,7.463728673991569,5.632848679535317,-3.065184297548945
1789976927.4404106,7.437848693096466,5.630353376091234,-3.0454714940361334
1789976927.5403078,7.412027138142918,5.6273124469257,-3.0243655265740705
1789976927.6399136,7.386280473213093,5.6236917846381775,-3.001882349836047
1789976927.7406366,7.360624445126297,5.619476553539115,-2.9787496203057127
1789976927.8404195,7.33507089370803,5.61467905832568,-2.956010162966664
1789976927.9402895,7.309643139632401,5.609254182928191,-2.931399238990958
1789976928.0404866,7.284354602565638,5.6032135005634345,-2.907116047429259
1789976928.14057,7.2591869938001885,5.596687290373883,-2.887871103870089
1789976928.240656,7.234168707821786,5.589610192302512,-2.865918092565949
1789976928.3404555,7.209322819716806,5.581949787960458,-2.842523353683169
1789976928.4400918,7.184675582675777,5.573672490294414,-2.817596199499781
1789976928.540321,7.1602454972873995,5.564774688412741,-2.7923107468954873
1789976928.6403396,7.136045729600275,5.555268311905464,-2.767283204334195
1789976928.7406797,7.112086867029056,5.545170150949011,-2.7427079760901285
1789976928.8404465,7.088372771908975,5.534509867507908,-2.7191266225151374
1789976928.9408283,7.0649180617746685,5.523290396801827,-2.6954176874331788
1789976929.0407896,7.0417186061199075,5.511552202403552,-2.673181631552394
1789976929.14076,7.0185928011089835,5.499669564101993,-2.6669455766178327
1789976929.240949,6.995607305200123,5.487517735917201,-2.655270051533695
1789976929.3405342,6.972841828946739,5.474958554360843,-2.637463102812286
1789976929.4404876,6.950351257834,5.461913472474103,-2.6159905399627643
1789976929.5408769,6.928164349045268,5.448358361673766,-2.593159943396564
1789976929.6407936,6.906290626052563,5.434303462426623,-2.5704745213932947
1789976929.7410643,6.884745895396979,5.419749269512302,-2.547476389581676
1789976929.8401976,6.863527139624693,5.404723812651195,-2.525436798805709
1789976929.9406304,6.842649048424986,5.38922848244285,-2.503114279682155
1789976930.0400844,6.822087826996209,5.373315087966317,-2.482937782580371
1789976930.1399167,6.801862891960841,5.356976423601563,-2.4620848994202564
1789976930.2404058,6.782070800267934,5.340116024530708,-2.436010741019959
1789976930.340657,6.762667014221973,5.322810157390009,-2.4132813665516326
1789976930.4404168,6.743624513802713,5.305107526845612,-2.3926422174520443
1789976930.5414202,6.724918956257043,5.2870492304886865,-2.3737985837705087
1789976930.6402292,6.706511550581681,5.268687112780983,-2.357426160896535
1789976930.7406778,6.688405011612813,5.2500282490166,-2.3411726705230427
1789976930.840585,6.670556669499257,5.2311222543533615,-2.3274261638022615
1789976930.940208,6.652954643303089,5.211986721327121,-2.3144765011466695
1789976931.0400505,6.635587198224489,5.192638031401166,-2.3022856242455196
1789976931.1402037,6.61843488694047,5.173098375108768,-2.2912215589977456
1789976931.240178,6.601966632474856,5.152978818819806,-2.256728237072344
1789976931.3406534,6.585966771247997,5.132484810155559,-2.2336634076632214
1789976931.440834,6.570289345945031,5.111743106120479,-2.2180250528700305
1789976931.5403616,6.55483732758684,5.090832939237667,-2.207201781818981
1789976931.6413414,6.539547866284827,5.0698036186708215,-2.1994498395792794
1789976931.7416384,6.5243776046507875,5.048688147746314,-2.193793180907483
1789976931.840619,6.509299066557494,5.0275070797992525,-2.1894560223877084
1789976931.9420042,6.494294968207838,5.006273215734443,-2.185945953471924
1789976932.0412848,6.479349323167573,4.984998168267062,-2.183195787897671
1789976932.1404889,6.464454837987461,4.963687272893372,-2.1807931248530394
1789976932.241302,6.449955029892266,4.942105903251678,-2.162390461979771
1789976932.3415194,6.436160348497754,4.920067148394997,-2.1300629388972765
1789976932.443076,6.422765140293694,4.897783334817003,-2.112037703065539
1789976932.540431,6.409581754356328,4.875373553790955,-2.1025589093997725
1789976932.6406608,6.396454939255718,4.85293058884148,-2.1000363968744526
1789976932.7412302,6.383339870401543,4.830480757675986,-2.0995130948222824
1789976932.8414736,6.370190916110873,4.80805075652862,-2.101023146367038
1789976932.9414635,6.3569816564391495,4.785656216807208,-2.1037138753071076
1789976933.0403252,6.34369517902792,4.763307403227739,-2.107165456699545
1789976933.1402152,6.330322530561483,4.74101004411501,-2.111025628490711
1789976933.240779,6.31686898032119,4.718761405137741,-2.1146579047165464
1789976933.3416128,6.303912181913496,4.696219858486472,-2.0924775337300847
1789976933.4402754,6.291204389744693,4.673537002215635,-2.0814656150959086
1789976933.5399876,6.2785633799206835,4.650816860908015,-2.0785238579347385
1789976933.641238,6.265915509584716,4.62810053800193,-2.0788258405834092
1789976933.739938,6.253217688285831,4.605412098552058,-2.081026091842319
1789976933.840658,6.240415118437838,4.582782601083131,-2.0856489131658926
1789976933.9404614,6.227510126566523,4.5602113553219805,-2.0901807788259936
1789976934.0405397,6.214487947602215,4.537707515528949,-2.095380406404252
1789976934.1401749,6.201349949762812,4.51527109506621,-2.1005347432069135
1789976934.2410474,6.188096854906268,4.492902469110815,-2.1056724128745152
1789976934.340543,6.17507764444696,4.470396911809891,-2.0952485003940415
1789976934.4413128,6.16213367923219,4.447847993544754,-2.0919083139359604
1789976934.5411701,6.149194953762037,4.425296068269582,-2.0916759571026664
1789976934.6410363,6.136199094790075,4.4027770185562884,-2.094211223811249
1789976934.7406285,6.12311671159746,4.380308124493373,-2.098057770539413
1789976934.8407085,6.109935840897306,4.357896863975617,-2.102446674738417
1789976934.9404109,6.096651712469391,4.335546654081309,-2.107060354478995
1789976935.0401793,6.0832617508008395,4.313259687555474,-2.111802278176288
1789976935.1406772,6.069767691516145,4.291035594448441,-2.11647965171967
1789976935.240531,6.056178062177504,4.268869811700085,-2.1207855842973693
1789976935.3400066,6.042328999390566,4.246865189223605,-2.13253238461573
1789976935.4398892,6.0283040009598015,4.2249722823945435,-2.1405480841140854
1789976935.5403767,6.014156271397049,4.20315848633269,-2.146164193373512
1789976935.6407244,5.99992025195867,4.18140220675738,-2.1502169636975634
1789976935.7412012,5.985617788074617,4.159689549682432,-2.1532740614343093
1789976935.840123,5.971263679833154,4.138010999753959,-2.1556544668938624
1789976935.9410694,5.956865825319247,4.116361479301872,-2.1576737701858986
1789976936.0408003,5.942433156936934,4.094735151972085,-2.1592826981529254
1789976936.1410203,5.927968887964816,4.07312994719381,-2.160744621089067
1789976936.2409925,5.9134769128046445,4.051543316924917,-2.1620275572839787
1789976936.340357,5.899304187391128,4.0297457527315945,-2.1473104932311586
1789976936.44018,5.885997152386563,4.0074091735441675,-2.108085560143333
1789976936.540021,5.873212425024216,3.984769591024178,-2.0848606274429375
1789976936.6408799,5.860621848292542,3.9620214630138832,-2.076305472568017
1789976936.74216,5.848080905722027,3.939245934263666,-2.0741248858127412
1789976936.8400598,5.835490483813622,3.916497720562865,-2.07629866660234
1789976936.9402852,5.822775347401674,3.893818980376636,-2.081789423941043
1789976937.040262,5.809929088809523,3.871214255414971,-2.0875805803075105
1789976937.140667,5.796935270704915,3.8486940280299446,-2.0941205976962713
1789976937.2401173,5.783792620978487,3.826260332200292,-2.1007420922130016
1789976937.3404806,5.770497860711457,3.8039164448963527,-2.1075361147954728
1789976937.440546,5.756998669627488,3.7816954685341986,-2.1167105794384744
1789976937.5405762,5.74333134205023,3.759577509602487,-2.1242946897133854
1789976937.6406496,5.729522830336011,3.737547417577096,-2.1306906076579955
1789976937.7406948,5.715592944149786,3.715593870682625,-2.136209667330947
1789976937.8401892,5.70155626624383,3.6937084503354307,-2.141081657490101
1789976937.9400604,5.687421968606195,3.67188594862963,-2.1455485625624324
1789976938.0402935,5.673201732963601,3.6501193492471353,-2.14949165344831
1789976938.1407247,5.658903709656331,3.6284037677464314,-2.1530695596210325
1789976938.240743,5.644534222057099,3.606735408866616,-2.1563640610746706
1789976938.340588,5.630098189681674,3.58511132692854,-2.1594382570556965
1789976938.4400594,5.615942864120207,3.5633024592674762,-2.146512452649292
1789976938.5407398,5.6019829987017715,3.541367963423985,-2.1375758356846535
1789976938.6406488,5.588106752809637,3.519380472654233,-2.1337682016625665
1789976938.7398336,5.574234098270117,3.4973907158016417,-2.13360487390553
1789976938.8404357,5.560315365172011,3.4754300960619204,-2.1357017179044093
1789976938.9407542,5.546333773489025,3.453509442686184,-2.1385666549230122
1789976939.0410414,5.532273755394079,3.4316390096411173,-2.142148494722893
1789976939.1406202,5.518129102940242,3.4098232181732584,-2.1460231373110914
1789976939.2411582,5.503895065641359,3.388065641732328,-2.1501258598664905
1789976939.3399725,5.489578226363001,3.3663624607791447,-2.1539362803125885
1789976939.4397929,5.475158741915277,3.344727340750109,-2.158673197778514
1789976939.5401235,5.460655636484593,3.3231481868446515,-2.162543256024471
1789976939.6403394,5.4460803505148405,3.3016177203074655,-2.1658919503936676
1789976939.7402782,5.431440183013018,3.280131318888719,-2.168908510452708
1789976939.83977,5.41674097525304,3.258685264668002,-2.1716588875303175
1789976939.9398696,5.401987234079061,3.2372766899424352,-2.1742039280967917
1789976940.0400596,5.387184646634058,3.2159018599935925,-2.1764873485105243
1789976940.1401937,5.37233728944202,3.1945581036507886,-2.1785833790457008
1789976940.2402775,5.357447939927679,3.1732436198088383,-2.180552157343006
1789976940.3398397,5.34251955470116,3.1519564578341277,-2.1823847485730554
1789976940.440412,5.327554325406579,3.1306951817066335,-2.1841166127963123
1789976940.5405333,5.31296544428522,3.1091739248187147,-2.1665235233051834
1789976940.6407616,5.298566981290164,3.0875248090448792,-2.157701876436001
1789976940.740984,5.284247446857677,3.065823406232025,-2.154060467847264
1789976940.8406472,5.269934833881057,3.044117437923967,-2.153741560913729
1789976940.9406877,5.255585098105967,3.022435993470378,-2.155452784840124
1789976941.0404575,5.241178438980844,3.000792331043204,-2.1580805137195758
1789976941.1414607,5.226702438134322,2.9791949851437556,-2.161287731342124
1789976941.2421358,5.21215581505087,2.957645142748116,-2.16456127831723
1789976941.3402567,5.197531874299279,2.936147693892428,-2.168153494354444
1789976941.4431283,5.1828283069137004,2.9147046284271854,-2.1718621850387327
1789976941.5404952,5.16810127588635,2.893277670931348,-2.1729568258999983
1789976941.6409261,5.15333558210674,2.871877338279361,-2.1747623448400892
1789976941.740954,5.138523803000303,2.850508876703687,-2.176917435242901
1789976941.841929,5.123660497883046,2.8291762230619044,-2.1793307673326825
1789976941.9420516,5.108747772130633,2.807878087907805,-2.1816493082001007
1789976942.0413508,5.093783294108035,2.78661628300041,-2.1840812780103778
1789976942.1409009,5.0787677075571125,2.7653905412950963,-2.186487089018444
1789976942.2414372,5.063704826210802,2.7441983362197413,-2.188717030794466
1789976942.3403127,5.048599471604567,2.7230363842155234,-2.190722654261733
1789976942.4402215,5.033450858790523,2.701905376662188,-2.192768299360866
1789976942.540472,5.018598580851531,2.6805650441804323,-2.1788139449107593
1789976942.6405444,5.003956210271589,2.659080144036178,-2.169011047636265
1789976942.7405996,4.98939659018885,2.6375390806117496,-2.1651645145985428
1789976942.8402774,4.974844353972344,2.615993028270127,-2.164821773339169
1789976942.9400787,4.960252085852942,2.594474067757583,-2.1666809108947533
1789976943.0406177,4.945600128555753,2.572995704277786,-2.169457322722407
1789976943.1401033,4.930879770188145,2.5515641621042016,-2.1726454449725465
1789976943.2411203,4.916084384436566,2.530184346602872,-2.17615046379167
1789976943.341218,4.9012200100930325,2.50885243797321,-2.1793808897865135
1789976943.440063,4.886290523037023,2.4875660487384574,-2.1824365097937304
1789976943.5407763,4.8713008180271045,2.466322021480789,-2.1852682673280257
1789976943.6406631,4.856446459466413,2.4449831372044413,-2.1789114453737755
1789976943.739713,4.841649341193693,2.4236045207564096,-2.1762315014285165
1789976943.8401332,4.8268695145991325,2.4022139462843755,-2.1754228970642333
1789976943.9409945,4.812090272807159,2.3808229677545536,-2.1753955580573137
1789976944.0399883,4.7973034422107705,2.3594372343950765,-2.1757503681396675
1789976944.1408172,4.782508844879673,2.3380568733078633,-2.1761135874013027
1789976944.241713,4.767710699494349,2.316678967807938,-2.176279546150433
1789976944.3408082,4.752913374103437,2.2953004947173636,-2.1762411895618032
1789976944.44041,4.73812270970336,2.2739174126894324,-2.1759296484701527
1789976944.540305,4.723341788054068,2.252527594887346,-2.175474091299363
1789976944.6408145,4.708960438144485,2.2308671072384705,-2.1569116090019427
1789976944.7416294,4.694805955700674,2.2090576923642296,-2.146473793738075
1789976944.841111,4.680769378679318,2.1871722073128885,-2.1410770478253442
1789976944.9402785,4.666774522321068,2.165260020157771,-2.139171894040443
1789976945.041624,4.65278005149561,2.1433475867756853,-2.139154299693361
1789976945.14102,4.638770085437819,2.121445057207883,-2.139861602890484
1789976945.240347,4.624724932772333,2.0995650746436274,-2.141468938715003
1789976945.3412144,4.610638222513257,2.0777118244394637,-2.1433694422200245
1789976945.441497,4.596511589975872,2.0558843600067216,-2.1451973549511205
1789976945.5420651,4.582343644553021,2.0340836886201785,-2.1470912187315445
1789976945.6414447,4.568473460548104,2.01209237337805,-2.133492528549574
1789976945.7408397,4.5547402917476205,1.9900152353138354,-2.1272742588959557
1789976945.840713,4.5410430870211425,1.967915766245781,-2.1256460638672037
1789976945.9410396,4.527338636246006,1.9458207899081421,-2.1259739805783067
1789976946.0402777,4.513589345356929,1.923753688819497,-2.1280046866114173
1789976946.1404874,4.499770628701371,1.9017299965676895,-2.131153902302209
1789976946.2406886,4.48587654805283,1.8797537713836234,-2.1345795414249333
1789976946.3411033,4.471904824838033,1.8578268267533737,-2.1381165291021498
1789976946.440584,4.457855483688334,1.8359495334183125,-2.141660380440477
1789976946.540333,4.4437266899638335,1.8141234678475449,-2.1452963704082104
1789976946.64108,4.429504447066618,1.792358179947277,-2.14958387341601
1789976946.7413132,4.4152062459033345,1.7706427155519846,-2.153077749891851
1789976946.8400981,4.400840303316812,1.748972006195582,-2.156200466754559
1789976946.9405487,4.38641198906051,1.727342773705031,-2.159081377166036
1789976947.0407166,4.3719312211771735,1.7057486237583936,-2.1615084709438417
1789976947.1403856,4.357401586705406,1.6841873234143565,-2.1637731474663053
1789976947.2415915,4.342826341055255,1.6626568295824287,-2.1658900777182466
1789976947.3410337,4.32821114081954,1.6411534374667907,-2.1677469666886067
1789976947.4398236,4.3135559125022755,1.6196773057532394,-2.169609624364126
1789976947.5397243,4.298862872261861,1.598227025594172,-2.1713713329124187
1789976947.6408908,4.28413651243459,1.5767996067891294,-2.172925501207534
1789976947.7416775,4.269497666133956,1.555312305204348,-2.168847021630678
1789976947.8411233,4.254880401887062,1.5338103160790275,-2.1678429551959892
1789976947.9415524,4.240238358710825,1.512325192806536,-2.1689958089335746
1789976948.0408428,4.22555882971768,1.4908656639452509,-2.1707415819472557
1789976948.1407247,4.210827167208015,1.4694418904655329,-2.1731729940815754
1789976948.2417505,4.196042689769575,1.4480545302431673,-2.175640338317204
1789976948.3403323,4.1812068121786465,1.4267027929247214,-2.1780456360733993
1789976948.4397259,4.166315507308326,1.405389675140875,-2.1806438986516476
1789976948.5401409,4.151330290267325,1.3841424818993424,-2.185057025153834
1789976948.640054,4.1362232119008,1.3629817604173933,-2.1908041122673936
1789976948.7405276,4.120969296741871,1.3419266417349178,-2.1977605627222845
1789976948.8402452,4.105594945461759,1.3209593034888587,-2.203492535588045
1789976948.9399796,4.09012592140229,1.3000617140332174,-2.208015300736476
1789976949.0406768,4.0745819903799685,1.2792197813305566,-2.211604555167902
1789976949.1406205,4.058978354206047,1.2584225101499225,-2.2144722906245775
1789976949.240677,4.043326723448015,1.2376613347250303,-2.2167820286775863
1789976949.3406143,4.027636121450165,1.2169295967526843,-2.2186604809320456
1789976949.4410694,4.0119134856391065,1.1962221422118247,-2.220206544206191
1789976949.540512,3.9968484077091775,1.176433851493915,-2.2214983654978613
1789976949.6398983,3.9837732540463127,1.1592982626204251,-2.222591447325137
1789976949.740362,3.9781585511231885,1.1521950550744178,-2.239684529469993
1789976949.8399327,3.9781585511231885,1.1521950550744178,-2.2727048805520798
1789976949.9407082,3.9781585511231885,1.1521950550744178,-2.3217252320215964
1789976950.0398698,3.9781585511231885,1.1521950550744178,-2.386474754528787
1789976950.1402423,3.9781585511231885,1.1521950550744178,-2.467224275188234
1789976950.240646,3.9781585511231885,1.1521950550744178,-2.5636948755548263
1789976950.340184,3.9781585511231885,1.1521950550744178,-2.6636948785350585
1789976950.440275,3.9781585511231885,1.1521950550744178,-2.7636948815152906
1789976950.5408294,3.9781585511231885,1.1521950550744178,-2.863694884495523
1789976950.6399844,3.9781585511231885,1.1521950550744178,-2.963694887475755
1789976950.7399628,3.9781585511231885,1.1521950550744178,-3.0476948878333827
1789976950.8402064,3.9781585511231885,1.1521950550744178,-3.0996948874161503
1789976950.9404051,3.9781585511231885,1.1521950550744178,-3.1196948884592315
1789976951.0411289,3.9781585511231885,1.1521950550744178,-3.1196948884592315
1789976951.140884,3.9781585511231885,1.1521950550744178,-3.1196948884592315
1789976951.2410073,3.9781585511231885,1.1521950550744178,-3.1196948884592315
1789976951.3409164,3.9781585511231885,1.1521950550744178,-3.1196948884592315
1789976951.4409695,3.9781585511231885,1.1521950550744178,-3.1196948884592315
1789976951.5409174,3.9781585511231885,1.1521950550744178,-3.1196948884592315
1789976951.6411922,3.9781585511231885,1.1521950550744178,-3.1196948884592315
1789976951.7411292,3.9781585511231885,1.1521950550744178,-3.1196948884592315
1789976951.8407948,3.9781585511231885,1.1521950550744178,-3.1196948884592315
1789976951.9404066,3.9781585511231885,1.1521950550744178,-3.1196948884592315
1789976952.0410914,3.9781585511231885,1.1521950550744178,-3.1196948884592315
1789976952.1407993,3.9781585511231885,1.1521950550744178,-3.1196948884592315
1789976952.2403796,3.9781585511231885,1.1521950550744178,-3.1196948884592315
1789976952.339799,3.9781585511231885,1.1521950550744178,-3.1196948884592315
1789976952.4405794,3.9781585511231885,1.1521950550744178,-3.1196948884592315
1789976952.5403538,3.9781585511231885,1.1521950550744178,-3.1196948884592315
1789976952.6406715,3.9781585511231885,1.1521950550744178,-3.1196948884592315
1789976952.74083,3.9781585511231885,1.1521950550744178,-3.1196948884592315
1789976952.8411617,3.9781585511231885,1.1521950550744178,-3.1196948884592315
1789976952.9409735,3.9781585511231885,1.1521950550744178,-3.1196948884592315
1789976953.0397542,3.9781585511231885,1.1521950550744178,-3.1196948884592315
1789976953.1407697,3.9781585511231885,1.1521950550744178,-3.1196948884592315
1789976953.2407563,3.9781585511231885,1.1521950550744178,-3.1196948884592315
1789976953.3400187,3.9781585511231885,1.1521950550744178,-3.1196948884592315
1789976953.4407165,3.9781585511231885,1.1521950550744178,-3.1196948884592315
1789976953.5396452,3.9781585511231885,1.1521950550744178,-3.1196948884592315
1789976953.6408136,3.9781585511231885,1.1521950550744178,-3.1196948884592315
1789976953.7406313,3.9781585511231885,1.1521950550744178,-3.1196948884592315
1789976953.8418748,3.9781585511231885,1.1521950550744178,-3.1196948884592315
1789976953.9399416,3.9781585511231885,1.1521950550744178,-3.1196948884592315
1789976954.040623,3.9781585511231885,1.1521950550744178,-3.1196948884592315
1789976954.1405876,3.9781585511231885,1.1521950550744178,-3.1196948884592315
1789976954.2405322,3.9781585511231885,1.1521950550744178,-3.1196948884592315
1789976954.3406932,3.9781585511231885,1.1521950550744178,-3.1196948884592315
1789976954.4410071,3.9781585511231885,1.1521950550744178,-3.1196948884592315
1789976954.5405545,3.9781585511231885,1.1521950550744178,-3.1196948884592315
1789976954.6403298,3.9781585511231885,1.1521950550744178,-3.1196948884592315
1789976954.7411723,3.9781585511231885,1.1521950550744178,-3.1196948884592315
1789976954.8409116,3.9781585511231885,1.1521950550744178,-3.1196948884592315
1789976954.9411373,3.9781585511231885,1.1521950550744178,-3.1196948884592315
1789976955.0404034,3.9781585511231885,1.1521950550744178,-3.1196948884592315
1789976955.140661,3.9781585511231885,1.1521950550744178,-3.1196948884592315
1789976955.2413356,3.9781585511231885,1.1521950550744178,-3.1196948884592315
1789976955.3408782,3.9781585511231885,1.1521950550744178,-3.1196948884592315
1789976955.4403296,3.9781585511231885,1.1521950550744178,-3.1196948884592315
1789976955.5408237,3.9781585511231885,1.1521950550744178,-3.1196948884592315
1789976955.6408312,3.9781585511231885,1.1521950550744178,-3.1196948884592315
1789976955.7410703,3.9781585511231885,1.1521950550744178,-3.1196948884592315
1789976955.8404408,3.9781585511231885,1.1521950550744178,-3.1196948884592315
1789976955.9406319,3.9781585511231885,1.1521950550744178,-3.1196948884592315
1789976956.0404181,3.9781585511231885,1.1521950550744178,-3.1196948884592315
1789976956.1407647,3.9781585511231885,1.1521950550744178,-3.1196948884592315
1789976956.2396955,3.9781585511231885,1.1521950550744178,-3.1196948884592315
1789976956.3408194,3.9781585511231885,1.1521950550744178,-3.1196948884592315
1789976956.4401016,3.9781585511231885,1.1521950550744178,-3.1196948884592315
1789976956.5398715,3.9781585511231885,1.1521950550744178,-3.1196948884592315
1789976956.6400895,3.9781585511231885,1.1521950550744178,-3.1196948884592315
1789976956.741524,3.9781585511231885,1.1521950550744178,-3.1196948884592315
1789976956.840498,3.9781585511231885,1.1521950550744178,-3.1196948884592315
1789976956.940859,3.9781585511231885,1.1521950550744178,-3.1196948884592315
1789976957.0404706,3.9781585511231885,1.1521950550744178,-3.1196948884592315
1789976957.1409662,3.9781585511231885,1.1521950550744178,-3.1196948884592315
1789976957.240808,3.9781585511231885,1.1521950550744178,-3.1196948884592315
1789976957.3408444,3.9781585511231885,1.1521950550744178,-3.1196948884592315
1789976957.4406571,3.9781585511231885,1.1521950550744178,-3.1196948884592315
1789976957.5409389,3.9781585511231885,1.1521950550744178,-3.1196948884592315
1789976957.6397977,3.9781585511231885,1.1521950550744178,-3.1196948884592315
1789976957.740765,3.9781585511231885,1.1521950550744178,-3.1196948884592315
1789976957.8412933,3.9781585511231885,1.1521950550744178,-3.1196948884592315
1789976957.9407098,3.9781585511231885,1.1521950550744178,-3.1196948884592315
1789976958.0405815,3.9781585511231885,1.1521950550744178,-3.1196948884592315
1789976958.1401024,3.9781585511231885,1.1521950550744178,-3.1196948884592315
1789976958.240034,3.9781585511231885,1.1521950550744178,-3.1196948884592315
1789976958.3398788,3.9781585511231885,1.1521950550744178,-3.1196948884592315
1789976958.4400427,3.9781585511231885,1.1521950550744178,-3.1196948884592315
1789976958.5398266,3.9781585511231885,1.1521950550744178,-3.1196948884592315
1789976958.6398907,3.9781585511231885,1.1521950550744178,-3.1196948884592315
1789976958.7398725,3.9781585511231885,1.1521950550744178,-3.1196948884592315
1789976958.8403623,3.9781585511231885,1.1521950550744178,-3.1196948884592315
1789976958.9404964,3.9781585511231885,1.1521950550744178,-3.1196948884592315
1789976959.0409892,3.9781585511231885,1.1521950550744178,-3.1196948884592315
1789976959.1397665,3.9781585511231885,1.1521950550744178,-3.1196948884592315
1789976959.240068,3.9781585511231885,1.1521950550744178,-3.1196948884592315
1789976959.3413105,3.9781585511231885,1.1521950550744178,-3.1196948884592315
1789976959.4414077,3.9781585511231885,1.1521950550744178,-3.1196948884592315
1789976959.5402088,3.9781585511231885,1.1521950550744178,-3.1196948884592315
1789976959.6403964,3.9781585511231885,1.1521950550744178,-3.1196948884592315
1789976959.7409117,3.9781585511231885,1.1521950550744178,-3.1196948884592315
1789976959.841103,3.9781585511231885,1.1521950550744178,-3.1196948884592315
1789976959.9411108,3.9781585511231885,1.1521950550744178,-3.1196948884592315
1789976960.0414357,3.9781585511231885,1.1521950550744178,-3.1196948884592315
1789976960.1417434,3.9781585511231885,1.1521950550744178,-3.1196948884592315
1789976960.241233,3.9781585511231885,1.1521950550744178,-3.1196948884592315
1789976960.3419814,3.9781585511231885,1.1521950550744178,-3.1196948884592315
1789976960.4417129,3.9781585511231885,1.1521950550744178,-3.1196948884592315
1789976960.5419447,3.9781585511231885,1.1521950550744178,-3.1196948884592315
1789976960.640793,3.9781585511231885,1.1521950550744178,-3.1196948884592315
1789976960.7402105,3.9781585511231885,1.1521950550744178,-3.1196948884592315
1789976960.8401554,3.9781585511231885,1.1521950550744178,-3.1196948884592315
1789976960.9399655,3.9781585511231885,1.1521950550744178,-3.1196948884592315
1789976961.040912,3.9781585511231885,1.1521950550744178,-3.1196948884592315
1789976961.1411018,3.9781585511231885,1.1521950550744178,-3.1196948884592315
1789976961.2400558,3.9781585511231885,1.1521950550744178,-3.1196948884592315
1789976961.3400364,3.9781585511231885,1.1521950550744178,-3.1196948884592315
1789976961.4398355,3.9781585511231885,1.1521950550744178,-3.1196948884592315
1789976961.5409346,3.9781585511231885,1.1521950550744178,-3.1196948884592315
1789976961.640098,3.9781585511231885,1.1521950550744178,-3.1196948884592315
1789976961.7406628,3.9781585511231885,1.1521950550744178,-3.1196948884592315
1789976961.84056,3.9781585511231885,1.1521950550744178,-3.1196948884592315
1789976961.9409926,3.9781585511231885,1.1521950550744178,-3.1196948884592315
1789976962.0409334,3.9781585511231885,1.1521950550744178,-3.1196948884592315
1789976962.140578,3.9781585511231885,1.1521950550744178,-3.1196948884592315
1789976962.2405534,3.9781585511231885,1.1521950550744178,-3.1196948884592315
1789976962.3414602,3.9781585511231885,1.1521950550744178,-3.1196948884592315
